# Blender 4.5.2 LTS
# www.blender.org
mtllib arco.mtl
g Marco_Mesh
v -1.957394 3.456810 0.471552
v -0.490879 8.172525 -0.363422
v -0.579098 8.570456 -0.363422
v -2.367765 3.509634 0.471552
v -0.479852 8.122784 0.106251
v -0.479852 8.122784 -0.311236
v -2.726841 3.555854 0.106250
v -2.726841 3.555854 0.314994
v -1.703159 8.440289 0.314996
v -1.703159 8.440289 0.106252
v -0.479852 8.122784 -0.102492
v -1.707643 7.196806 -0.102492
v -1.707643 7.196806 -0.311236
v -0.479852 8.122784 0.314996
v -1.707643 7.196806 0.314995
v -1.707643 7.196806 0.106251
v -1.486048 8.157345 0.471553
v -1.610111 8.319028 0.471553
v -2.572951 3.536045 0.471552
v -2.114374 7.408536 -0.363422
v -0.623208 8.769421 -0.363422
v -1.752835 7.220332 -0.363422
v -1.933604 7.314435 -0.363422
v -0.534989 8.371490 -0.363422
v -1.237922 7.833982 0.471553
v -1.361985 7.995664 0.471553
v -2.162580 3.483222 0.471552
v -2.726841 3.555854 -0.102493
v -1.703159 8.440289 -0.102492
v -1.703159 8.440289 -0.206864
v -0.656290 8.918645 -0.206864
v -0.656290 8.918645 -0.311236
v -1.703159 8.440289 0.001880
v -0.656290 8.918645 0.001880
v -0.656290 8.918645 -0.102492
v -2.726841 3.555854 0.001879
v -2.430720 7.573216 0.001880
v -2.430720 7.573216 -0.102492
v -1.933604 7.314435 0.471553
v -2.023989 7.361485 0.471553
v -0.534989 8.371490 0.471553
v -0.557044 8.470972 0.471553
v -1.424017 8.076505 0.471553
v -0.490879 8.172525 0.471553
v -0.512934 8.272008 0.471553
v -1.299954 7.914824 0.471553
v -1.361985 7.995664 -0.363422
v -1.424017 8.076505 -0.363422
v -0.557044 8.470973 -0.363422
v -2.162580 3.483222 -0.363423
v -2.265172 3.496428 -0.363423
v -2.023989 7.361485 -0.363422
v -1.957394 3.456810 -0.363423
v -2.059987 3.470016 -0.363423
v -1.843220 7.267384 -0.363422
v -1.610111 8.319028 -0.363422
v -1.672143 8.399869 -0.363422
v -0.645263 8.868903 -0.363422
v -2.572951 3.536045 -0.363423
v -2.367765 3.509634 -0.363423
v -2.470358 3.522840 -0.363423
v -2.204758 7.455588 -0.363422
v -2.295143 7.502640 0.471553
v -2.385528 7.549690 0.471553
v -2.675544 3.549251 0.471552
v -0.623208 8.769421 0.471553
v -0.645263 8.868904 0.471553
v -1.672143 8.399869 0.471553
v -0.579098 8.570456 0.471553
v -0.601153 8.669937 0.471553
v -1.548080 8.238186 0.471553
v -1.707643 7.196806 0.210623
v -1.906097 3.450207 0.210622
v -1.906097 3.450207 0.106250
v -1.707643 7.196806 0.419367
v -1.906097 3.450207 0.419366
v -1.906097 3.450207 0.314994
v -0.479852 8.122784 0.419367
v -1.206906 7.793560 0.419367
v -1.206906 7.793560 0.314996
v -1.906097 3.450207 -0.206865
v -1.906097 3.450207 -0.311237
v -1.707643 7.196806 0.001880
v -1.906097 3.450207 0.001879
v -1.906097 3.450207 -0.102493
v -0.479852 8.122784 0.001880
v -1.206906 7.793560 0.001880
v -1.206906 7.793560 -0.102492
v -1.703159 8.440289 0.210623
v -0.656290 8.918645 0.210624
v -0.656290 8.918645 0.106252
v -1.703159 8.440289 0.419368
v -0.656290 8.918645 0.419368
v -0.656290 8.918645 0.314996
v -2.726841 3.555854 0.419366
v -2.430720 7.573216 0.419367
v -2.430720 7.573216 0.314995
v -2.726841 3.555854 0.210622
v -2.430720 7.573216 0.210623
v -2.430720 7.573216 0.106251
v -0.479852 8.122784 -0.206864
v -1.206906 7.793560 -0.206864
v -1.206906 7.793560 -0.311236
v -1.206906 7.793560 0.210623
v -1.206906 7.793560 0.106251
v -2.114374 7.408537 0.471553
v -2.204758 7.455588 0.471553
v -2.470358 3.522840 0.471552
v -1.486048 8.157345 -0.363422
v -1.548080 8.238186 -0.363422
v -0.601153 8.669938 -0.363422
v -1.237922 7.833982 -0.363422
v -1.299954 7.914823 -0.363422
v -0.512934 8.272008 -0.363422
v -1.752835 7.220332 0.471553
v -1.843220 7.267384 0.471553
v -2.059987 3.470016 0.471552
v -2.430720 7.573216 -0.206864
v -2.726841 3.555854 -0.311237
v -2.295143 7.502640 -0.363422
v -1.703159 8.440289 -0.311236
v -2.265172 3.496427 0.471552
v -2.675544 3.549251 -0.363423
v -2.385528 7.549691 -0.363422
v -1.707643 7.196806 -0.206864
v -0.479852 8.122784 0.210623
v -2.726841 3.555854 -0.206865
v -2.430720 7.573216 -0.311236
v 2.588212 3.555854 -0.311237
v 0.440469 8.570456 -0.363422
v 2.229136 3.509634 0.471552
v 0.341223 8.122784 0.106251
v 2.588212 3.555854 0.106250
v 2.588212 3.555854 0.314994
v 1.564530 8.440290 0.314996
v 1.564530 8.440290 0.106252
v 0.341223 8.122784 -0.102492
v 1.569014 7.196806 -0.102492
v 1.569014 7.196806 -0.311236
v 0.341223 8.122784 0.314996
v 1.569014 7.196806 0.314995
v 1.569014 7.196806 0.106251
v 1.347419 8.157346 0.471553
v 1.471483 8.319027 0.471553
v 2.434322 3.536045 0.471552
v 1.975745 7.408537 -0.363422
v 2.156514 7.502639 -0.363422
v 0.484579 8.769421 -0.363422
v 1.614206 7.220332 -0.363422
v 1.794976 7.314434 -0.363422
v 0.396360 8.371490 -0.363422
v 1.099293 7.833982 0.471553
v 1.223356 7.995664 0.471553
v 2.023950 3.483222 0.471552
v 2.588212 3.555854 -0.102493
v 1.564530 8.440290 -0.102492
v 1.564530 8.440290 -0.311236
v 1.564530 8.440290 -0.206864
v 0.517661 8.918645 -0.206864
v 0.517661 8.918645 -0.311236
v 1.564530 8.440290 0.001880
v 0.517661 8.918645 0.001880
v 0.517661 8.918645 -0.102492
v 2.588212 3.555854 0.001879
v 2.292091 7.573216 0.001880
v 2.292091 7.573216 -0.102492
v 1.794976 7.314435 0.471553
v 1.885360 7.361485 0.471553
v 2.126544 3.496427 0.471552
v 0.396360 8.371490 0.471553
v 0.418415 8.470973 0.471553
v 1.285388 8.076505 0.471553
v 0.352250 8.172525 0.471553
v 0.374305 8.272008 0.471553
v 1.161325 7.914823 0.471553
v 1.223356 7.995664 -0.363422
v 1.285388 8.076505 -0.363422
v 0.418415 8.470973 -0.363422
v 2.023950 3.483222 -0.363423
v 2.126544 3.496428 -0.363423
v 1.885360 7.361485 -0.363422
v 1.818764 3.456810 -0.363423
v 1.921358 3.470016 -0.363423
v 1.704591 7.267384 -0.363422
v 1.471483 8.319028 -0.363422
v 1.533514 8.399870 -0.363422
v 0.506634 8.868904 -0.363422
v 2.434322 3.536045 -0.363423
v 2.536915 3.549251 -0.363423
v 2.246899 7.549690 -0.363422
v 2.229136 3.509634 -0.363423
v 2.331729 3.522840 -0.363423
v 2.066129 7.455588 -0.363422
v 2.156514 7.502640 0.471553
v 2.246898 7.549690 0.471553
v 2.536915 3.549251 0.471552
v 0.484579 8.769421 0.471553
v 0.506634 8.868904 0.471553
v 1.533514 8.399869 0.471553
v 0.440469 8.570456 0.471553
v 1.409451 8.238186 0.471553
v 1.569014 7.196806 0.210623
v 1.767468 3.450207 0.210622
v 1.767468 3.450207 0.106250
v 1.569014 7.196806 0.419367
v 1.767468 3.450207 0.419366
v 1.767468 3.450207 0.314994
v 0.341223 8.122784 0.419367
v 1.068277 7.793560 0.419367
v 1.068277 7.793560 0.314996
v 1.569014 7.196806 -0.206864
v 1.767468 3.450207 -0.206866
v 1.767468 3.450207 -0.311237
v 1.569014 7.196806 0.001880
v 1.767468 3.450207 0.001879
v 1.767468 3.450207 -0.102493
v 0.341223 8.122784 0.001880
v 1.068277 7.793560 0.001880
v 1.068277 7.793560 -0.102492
v 1.564530 8.440290 0.210623
v 0.517661 8.918645 0.210624
v 0.517661 8.918645 0.106252
v 1.564530 8.440290 0.419368
v 0.517661 8.918645 0.419368
v 0.517661 8.918645 0.314996
v 2.588212 3.555854 0.419366
v 2.292091 7.573216 0.419367
v 2.292091 7.573216 0.314995
v 2.588212 3.555854 0.210622
v 2.292091 7.573216 0.210623
v 2.292091 7.573216 0.106251
v 0.341223 8.122784 -0.206864
v 1.068277 7.793560 -0.206864
v 1.068277 7.793560 -0.311236
v 0.341223 8.122784 0.210623
v 1.068277 7.793560 0.210623
v 1.068277 7.793560 0.106251
v 1.975745 7.408536 0.471553
v 2.066129 7.455588 0.471553
v 2.331729 3.522840 0.471552
v 1.347419 8.157345 -0.363422
v 1.409451 8.238186 -0.363422
v 0.462524 8.669937 -0.363422
v 1.099293 7.833982 -0.363422
v 1.161325 7.914823 -0.363422
v 0.374305 8.272009 -0.363422
v 1.614206 7.220332 0.471553
v 1.704591 7.267384 0.471553
v 1.921358 3.470016 0.471552
v 2.588212 3.555854 -0.206865
v 2.292091 7.573216 -0.206864
v 2.292091 7.573216 -0.311236
v 1.818765 3.456810 0.471552
v 0.352250 8.172525 -0.363422
v 0.341223 8.122784 -0.311236
v 0.462524 8.669938 0.471553
v -0.069314 8.624632 -0.363422
v -2.076887 0.056587 0.471551
v -1.920331 0.057491 -0.206866
v -1.718941 7.202687 -0.350376
v -1.455033 8.116924 -0.363422
v -0.069314 8.981379 -0.206864
v -2.114996 8.047077 0.210623
v -2.249951 7.479114 0.471553
v -1.841713 7.817764 -0.363422
v -1.703159 8.440290 -0.154678
v -1.214660 7.803665 -0.350376
v -0.069314 8.726559 -0.363422
v -2.069181 7.385012 -0.363422
v -1.455033 8.116925 0.471553
v -0.568071 8.520714 -0.363422
v -0.069314 8.981379 0.106252
v -2.114996 8.047077 0.314996
v -1.490349 7.522935 0.314995
v -1.579096 8.278606 0.471553
v -0.523962 8.321749 -0.363422
v -1.763632 7.752248 0.471553
v -0.656290 8.918645 -0.154678
v -1.211495 8.736323 -0.102492
v -0.974575 8.228247 -0.363422
v -1.017651 8.320623 -0.363422
v -2.095997 6.154643 -0.363422
v -2.194649 6.183214 -0.363422
v -2.213876 3.489825 -0.363423
v -1.898692 6.097501 -0.363422
v -1.997345 6.126072 -0.363422
v -2.293301 6.211785 -0.363422
v -2.159566 7.432062 -0.363422
v -2.490606 6.268927 0.471553
v -1.060728 8.413001 0.471553
v -1.103804 8.505378 0.471553
v -1.707643 7.196806 0.367181
v -1.849366 6.083215 0.419367
v -1.206906 7.793560 0.367182
v -0.866884 7.997302 0.001880
v -2.726841 3.555854 0.158436
v -2.430720 7.573216 0.158437
v -2.638584 6.311784 0.106251
v -0.866884 7.997302 -0.311236
v -1.060728 8.413001 -0.363422
v -1.517064 8.197765 -0.363422
v -0.590126 8.620197 -0.363422
v -1.898692 6.097501 0.471553
v -1.798028 7.243858 0.471553
v -2.008690 3.463413 0.471552
v -2.714016 3.554203 -0.350377
v -2.703109 0.052977 0.471551
v -1.972517 0.057190 -0.363424
v -1.920331 0.057491 0.419365
v -2.285628 0.055384 0.471551
v -2.389998 0.054783 -0.363424
v -0.069314 8.216923 -0.363422
v -0.069314 8.624632 0.471553
v -0.069314 8.165959 0.001880
v -1.695405 8.430185 -0.350375
v -1.920331 0.057491 0.210621
v -1.214660 7.803665 0.458507
v -2.419422 7.567335 0.458507
v -2.755294 0.052676 -0.206866
v -1.707643 7.196806 0.054065
v -0.069314 8.165959 0.210623
v -1.703159 8.440290 0.054066
v -2.726841 3.555854 0.262808
v -1.707643 7.196806 -0.154678
v -1.490349 7.522935 0.001880
v -1.490349 7.522935 -0.206864
v -0.479852 8.122784 0.262809
v -1.997874 7.948800 -0.363422
v -1.579096 8.278606 -0.363422
v -1.685551 7.686730 -0.363422
v -1.888412 7.290909 0.471553
v -2.726841 3.555854 -0.154679
v -2.114996 8.047077 0.001880
v -2.419422 7.567335 -0.350376
v -2.598738 0.053579 0.471551
v -2.076887 0.056588 -0.363424
v -1.920331 0.057491 0.314993
v -0.069314 8.726560 0.471553
v -0.069314 8.165959 0.314996
v -0.653533 8.906209 -0.350375
v -2.714017 3.554203 0.458506
v -2.755294 0.052676 -0.311238
v -2.703109 0.052978 -0.363424
v -0.069314 8.930414 -0.363422
v -0.069314 8.522705 0.471553
v -2.316469 3.503030 0.471552
v -0.069314 8.165959 0.106251
v -0.069314 8.165959 -0.311236
v -0.656290 8.918645 0.262810
v -1.206906 7.793560 -0.154678
v -1.490349 7.522935 -0.102492
v -1.906097 3.450207 0.262808
v -1.490349 7.522935 0.106251
v -2.075955 8.014318 0.471553
v -2.075955 8.014318 -0.363422
v -2.249951 7.479114 -0.363422
v -1.607470 7.621213 -0.363422
v -1.330970 7.955243 0.471553
v -2.114996 8.047077 -0.311236
v -1.703159 8.440290 -0.259050
v -1.211495 8.736323 -0.311236
v -2.430720 7.573216 -0.050306
v -2.638584 6.311784 -0.102492
v -2.095997 6.154643 0.471553
v -2.194649 6.183214 0.471553
v -2.213876 3.489825 0.471552
v -0.974575 8.228247 0.471553
v -0.546016 8.421232 0.471553
v -0.888423 8.043491 0.471553
v -0.931499 8.135870 0.471553
v -0.501907 8.222267 0.471553
v -2.490606 6.268927 -0.363422
v -2.589258 6.297498 -0.363422
v -2.624247 3.542648 -0.363423
v -2.340335 7.526165 -0.363422
v -1.641127 8.359448 0.471553
v -1.707643 7.196806 -0.259051
v -1.849366 6.083215 -0.206865
v -1.211495 8.736323 0.210624
v -1.211495 8.736323 0.106252
v -1.211495 8.736323 0.314996
v -2.638584 6.311784 0.419367
v -2.638584 6.311784 0.314995
v -0.479852 8.122784 0.158437
v -1.206906 7.793560 0.158437
v -0.866884 7.997302 0.210623
v -2.293301 6.211785 0.471553
v -2.159566 7.432062 0.471553
v -1.268938 7.874403 -0.363422
v -0.501907 8.222267 -0.363422
v -2.726841 3.555854 -0.259052
v -2.430720 7.573216 -0.259050
v -2.638584 6.311784 -0.206865
v -2.638584 6.311784 -0.311237
v 2.616665 0.052676 0.001878
v 2.616665 0.052676 0.210621
v 2.616665 0.052676 -0.206866
v 2.460109 0.053580 -0.363424
v 1.580312 7.202687 -0.350376
v 1.316404 8.116924 -0.363422
v 2.588212 3.555854 0.262808
v 1.564530 8.440290 0.262810
v 1.976367 8.047077 0.210623
v 1.569014 7.196806 -0.154678
v 1.351720 7.522935 0.001880
v 1.351720 7.522935 -0.206864
v 1.703084 7.817764 -0.363422
v 2.383026 3.529443 -0.363423
v 1.192340 7.955243 -0.363422
v 1.546922 7.686730 0.471553
v 0.385333 8.321749 0.471553
v 1.749783 7.290909 0.471553
v 1.564530 8.440290 -0.154678
v 2.616665 0.052676 -0.102494
v 1.781703 0.057491 -0.102494
v 1.930552 7.385012 -0.363422
v 1.068277 7.793560 0.054066
v 2.616665 0.052676 0.106249
v 0.429442 8.520714 -0.363422
v 2.292091 7.573216 0.262809
v 1.976367 8.047077 0.314996
v 1.976367 8.047077 0.106251
v 1.767468 3.450207 -0.154679
v 1.351720 7.522935 -0.102492
v 1.351720 7.522935 -0.311236
v 1.767468 3.450207 0.262808
v 1.351720 7.522935 0.106251
v 2.383026 3.529443 0.471552
v 1.937326 8.014318 -0.363422
v 0.473552 8.719679 -0.363422
v 0.385333 8.321749 -0.363422
v 1.468841 7.621212 0.471553
v 1.192340 7.955243 0.471553
v 1.972654 3.476619 0.471552
v 0.517661 8.918645 -0.154678
v 0.517661 8.918645 -0.259050
v 1.072866 8.736323 -0.206864
v 1.072866 8.736323 -0.102492
v 2.588212 3.555854 -0.050307
v 0.792870 8.135870 0.471553
v 1.130309 7.874403 0.471553
v 0.835946 8.228247 -0.363422
v 0.879022 8.320623 -0.363422
v 2.056020 6.183214 -0.363422
v 1.760063 6.097501 -0.363422
v 1.870061 3.463413 -0.363423
v 1.008252 8.597755 -0.363422
v 1.502498 8.359448 -0.363422
v 2.351977 6.268927 -0.363422
v 2.485619 3.542648 -0.363423
v 2.201706 7.526165 -0.363422
v 2.154672 6.211785 -0.363422
v 2.253325 6.240355 -0.363422
v 2.020937 7.432062 -0.363422
v 2.351976 6.268927 0.471553
v 2.450629 6.297498 0.471553
v 0.495606 8.819162 0.471553
v 1.569014 7.196806 0.158437
v 1.710737 6.083215 0.210623
v 1.710737 6.083215 0.314995
v 0.728255 7.997302 0.314996
v 1.564530 8.440290 0.158437
v 0.517661 8.918645 0.158437
v 1.072866 8.736323 0.210624
v 1.564530 8.440290 0.367182
v 0.517661 8.918645 0.367182
v 1.072866 8.736323 0.314996
v 2.292091 7.573216 0.367181
v 2.499955 6.311784 0.419367
v 2.499955 6.311784 0.314995
v 2.588212 3.555854 0.158436
v 2.292091 7.573216 0.158437
v 2.499955 6.311784 0.210623
v 1.068277 7.793560 0.158437
v 0.728255 7.997302 0.210623
v 0.728255 7.997302 0.106251
v 0.922099 8.413001 -0.363422
v 0.965175 8.505378 -0.363422
v 1.378435 8.197765 -0.363422
v 0.451497 8.620197 -0.363422
v 2.588212 3.555854 -0.259052
v 2.575387 3.554203 -0.350377
v 2.616665 0.052676 0.419365
v 2.564480 0.052977 0.471551
v 1.781703 0.057491 0.419365
v 1.780292 3.451858 0.458506
v 0.514904 8.906210 0.458507
v 2.146999 0.055384 0.471551
v 2.251369 0.054783 -0.363424
v 0.343980 8.135220 -0.350375
v 2.042628 0.055986 -0.363424
v 1.076031 7.803665 0.458507
v 1.351720 7.522935 0.419367
v 1.859245 7.948801 0.471553
v 0.473552 8.719679 0.471553
v 1.972654 3.476619 -0.363423
v 1.580312 7.202687 0.458507
v 1.556776 8.430185 0.458507
v 0.514904 8.906210 -0.350375
v 2.251369 0.054783 0.471551
v 2.146999 0.055385 -0.363424
v 1.781703 0.057491 0.106249
v 1.833888 0.057189 0.471551
v 1.781703 0.057491 -0.311238
v 1.767468 3.450207 0.054064
v 1.351720 7.522935 0.314995
v 1.937326 8.014318 0.471553
v 1.440467 8.278606 0.471553
v 2.075247 3.489825 0.471552
v 0.407387 8.421232 0.471553
v 0.965175 8.505378 0.471553
v 0.451497 8.620197 0.471553
v 1.767468 3.450207 -0.259052
v 1.710737 6.083215 0.001879
v 0.341223 8.122784 -0.050306
v 0.728255 7.997302 -0.102492
v 0.341223 8.122784 -0.259050
v 0.728255 7.997302 -0.206864
v 0.728255 7.997302 -0.311236
v 2.280433 3.516237 0.471552
v 0.749794 8.043491 -0.363422
v 1.130309 7.874403 -0.363422
v 0.363278 8.222267 -0.363422
v 1.760063 6.097501 0.471553
v 1.870061 3.463413 0.471552
v -2.755294 0.052676 0.419365
v -1.918921 3.451858 0.458506
v -0.653533 8.906210 0.458507
v -2.755294 0.052676 0.001878
v -1.920331 0.057491 0.001878
v -0.482609 8.135220 -0.350375
v -2.316469 3.503031 -0.363423
v -0.069314 8.216923 0.471553
v -0.568071 8.520714 0.471553
v -0.479852 8.122784 0.054066
v -0.069314 8.165959 0.419367
v -2.726841 3.555854 0.054064
v -0.069314 8.981379 0.419368
v -0.069314 8.981379 0.001880
v -2.755294 0.052676 0.210621
v -2.494368 0.054181 0.471551
v -2.181257 0.055986 -0.363424
v -2.598738 0.053580 -0.363424
v -0.069314 8.420778 -0.363422
v -0.069314 8.828487 -0.363422
v -0.069314 8.420778 0.471553
v -0.069314 8.828487 0.471553
v -2.069181 7.385012 0.471553
v -0.069314 8.165959 -0.206864
v -0.069314 8.981379 0.210624
v -1.703159 8.440290 0.262810
v -2.114996 8.047077 0.419367
v -0.479852 8.122784 -0.154678
v -1.707643 7.196806 0.262809
v -1.490349 7.522935 0.419367
v -1.490349 7.522935 0.210623
v -1.841713 7.817764 0.471553
v -1.997874 7.948801 0.471553
v -0.612181 8.719679 0.471553
v -2.521655 3.529443 -0.363423
v -1.529389 7.555696 -0.363422
v -2.111283 3.476619 -0.363423
v -1.330969 7.955243 -0.363422
v -1.529389 7.555695 0.471553
v -1.685551 7.686730 0.471553
v -0.523962 8.321749 0.471553
v -2.114996 8.047077 -0.206864
v -2.755294 0.052676 0.314993
v -1.718941 7.202687 0.458507
v -1.695405 8.430185 0.458507
v -2.755294 0.052676 -0.102494
v -2.181257 0.055986 0.471551
v -2.494368 0.054182 -0.363424
v -1.920331 0.057491 -0.102494
v -0.069314 8.318851 -0.363422
v -0.069314 8.318851 0.471553
v -1.206906 7.793560 0.054066
v -0.069314 8.165959 -0.102492
v -2.430720 7.573216 0.054066
v -0.069314 8.981379 0.314996
v -0.069314 8.981379 -0.102492
v -2.755294 0.052676 0.106249
v -2.389998 0.054783 0.471551
v -2.285628 0.055385 -0.363424
v -1.920331 0.057491 0.106249
v -0.482609 8.135220 0.458507
v -1.972517 0.057189 0.471551
v -1.920331 0.057491 -0.311238
v -1.918921 3.451858 -0.350377
v -0.069314 8.522705 -0.363422
v -0.069314 8.930414 0.471553
v -1.906097 3.450207 0.054064
v -0.656290 8.918645 0.054066
v -0.069314 8.981379 -0.311236
v -2.430720 7.573216 0.262809
v -2.114996 8.047077 0.106251
v -1.906097 3.450207 -0.154679
v -1.490349 7.522935 -0.311236
v -1.206906 7.793560 0.262809
v -1.919793 7.883283 0.471553
v -2.521655 3.529443 0.471552
v -1.919794 7.883282 -0.363422
v -0.612181 8.719679 -0.363422
v -1.763632 7.752248 -0.363422
v -1.888412 7.290909 -0.363422
v -1.607470 7.621213 0.471553
v -2.111283 3.476619 0.471552
v -2.430720 7.573216 -0.154678
v -2.114996 8.047077 -0.102492
v -0.656290 8.918645 -0.259050
v -1.211495 8.736323 -0.206864
v -1.703159 8.440290 -0.050306
v -0.656290 8.918645 -0.050306
v -1.211495 8.736323 0.001880
v -2.726841 3.555854 -0.050307
v -2.638584 6.311784 0.001879
v -1.978797 7.337960 0.471553
v -1.017651 8.320623 0.471553
v -1.393001 8.036084 0.471553
v -1.268938 7.874403 0.471553
v -1.393001 8.036084 -0.363422
v -0.546016 8.421232 -0.363422
v -1.978797 7.337960 -0.363422
v -2.008690 3.463413 -0.363423
v -1.798028 7.243858 -0.363422
v -1.146881 8.597755 -0.363422
v -1.189957 8.690134 -0.363422
v -1.641127 8.359448 -0.363422
v -0.634235 8.819162 -0.363422
v -2.391953 6.240355 -0.363422
v -2.419061 3.516237 -0.363423
v -2.589258 6.297498 0.471553
v -2.340335 7.526165 0.471553
v -2.624247 3.542648 0.471552
v -1.146881 8.597755 0.471553
v -1.189957 8.690134 0.471553
v -0.634235 8.819162 0.471553
v -0.590126 8.620197 0.471553
v -1.517064 8.197765 0.471553
v -1.707643 7.196806 0.158437
v -1.906097 3.450207 0.158436
v -1.849366 6.083215 0.210623
v -1.849366 6.083215 0.106251
v -1.906097 3.450207 0.367180
v -1.849366 6.083215 0.314995
v -0.479852 8.122784 0.367182
v -0.866884 7.997302 0.419367
v -0.866884 7.997302 0.314996
v -1.906097 3.450207 -0.259052
v -1.849366 6.083215 -0.311237
v -1.707643 7.196806 -0.050306
v -1.906097 3.450207 -0.050307
v -1.849366 6.083215 0.001879
v -1.849366 6.083215 -0.102492
v -0.479852 8.122784 -0.050306
v -1.206906 7.793560 -0.050306
v -0.866884 7.997302 -0.102492
v -1.703159 8.440290 0.158437
v -0.656290 8.918645 0.158438
v -1.703159 8.440290 0.367182
v -0.656290 8.918645 0.367182
v -1.211495 8.736323 0.419368
v -2.726841 3.555854 0.367180
v -2.430720 7.573216 0.367181
v -2.638584 6.311784 0.210623
v -0.479852 8.122784 -0.259050
v -1.206906 7.793560 -0.259050
v -0.866884 7.997302 -0.206864
v -0.866884 7.997302 0.106251
v -2.391953 6.240355 0.471553
v -2.419061 3.516237 0.471552
v -1.103804 8.505378 -0.363422
v -0.888423 8.043491 -0.363422
v -0.931499 8.135870 -0.363422
v -1.997345 6.126072 0.471553
v 1.833888 0.057190 -0.363424
v 1.781703 0.057491 0.001878
v 2.177840 3.503031 -0.363423
v 0.429442 8.520714 0.471553
v 0.341223 8.122784 0.054066
v 2.588212 3.555854 0.054064
v 1.556776 8.430185 -0.350375
v 2.355739 0.054181 0.471551
v 1.781703 0.057491 0.210621
v 2.280793 7.567335 0.458507
v 1.938258 0.056587 0.471551
v 1.781703 0.057491 -0.206866
v 1.930552 7.385012 0.471553
v 1.569014 7.196806 0.054065
v 1.564530 8.440290 0.054066
v 1.976367 8.047077 0.419367
v 0.341223 8.122784 -0.154678
v 0.341223 8.122784 0.262809
v 1.569014 7.196806 0.262809
v 1.351720 7.522935 0.210623
v 1.703084 7.817765 0.471553
v 2.111322 7.479114 0.471553
v 1.859245 7.948801 -0.363422
v 1.440467 8.278606 -0.363422
v 1.390760 7.555696 -0.363422
v 1.546922 7.686730 -0.363422
v 1.390760 7.555695 0.471553
v 2.588212 3.555854 -0.154679
v 1.976367 8.047077 0.001880
v 1.976367 8.047077 -0.206864
v 2.280793 7.567335 -0.350376
v 2.616665 0.052676 0.314993
v 2.460109 0.053579 0.471551
v 1.938258 0.056588 -0.363424
v 1.781703 0.057491 0.314993
v 2.042628 0.055986 0.471551
v 2.355739 0.054182 -0.363424
v 1.076031 7.803665 -0.350376
v 1.316404 8.116925 0.471553
v 2.292091 7.573216 0.054066
v 0.343980 8.135220 0.458507
v 2.575387 3.554203 0.458506
v 2.616665 0.052676 -0.311238
v 2.564480 0.052978 -0.363424
v 1.780292 3.451858 -0.350377
v 2.177840 3.503030 0.471552
v 0.517661 8.918645 0.054066
v 0.517661 8.918645 0.262810
v 1.068277 7.793560 -0.154678
v 1.068277 7.793560 0.262809
v 1.781165 7.883283 0.471553
v 1.781165 7.883282 -0.363422
v 2.111322 7.479114 -0.363422
v 1.468841 7.621213 -0.363422
v 1.625003 7.752248 -0.363422
v 1.749783 7.290909 -0.363422
v 1.625003 7.752248 0.471553
v 2.292091 7.573216 -0.154678
v 1.976367 8.047077 -0.102492
v 1.976367 8.047077 -0.311236
v 1.564530 8.440290 -0.259050
v 1.072866 8.736323 -0.311236
v 1.564530 8.440290 -0.050306
v 0.517661 8.918645 -0.050306
v 1.072866 8.736323 0.001880
v 2.292091 7.573216 -0.050306
v 2.499955 6.311784 0.001879
v 2.499955 6.311784 -0.102492
v 1.957368 6.154643 0.471553
v 2.056020 6.183214 0.471553
v 1.840168 7.337960 0.471553
v 0.835946 8.228247 0.471553
v 0.879023 8.320624 0.471553
v 1.254372 8.036084 0.471553
v 0.749794 8.043491 0.471553
v 0.363278 8.222267 0.471553
v 1.254372 8.036084 -0.363422
v 0.407387 8.421232 -0.363422
v 1.957368 6.154643 -0.363422
v 2.075247 3.489825 -0.363423
v 1.840168 7.337960 -0.363422
v 1.858716 6.126072 -0.363422
v 1.659398 7.243858 -0.363422
v 1.051328 8.690134 -0.363422
v 0.495606 8.819162 -0.363422
v 2.450629 6.297498 -0.363422
v 2.280433 3.516237 -0.363423
v 2.201706 7.526165 0.471553
v 2.485619 3.542648 0.471552
v 1.008252 8.597755 0.471553
v 1.051328 8.690134 0.471553
v 1.502498 8.359448 0.471553
v 0.922099 8.413001 0.471553
v 1.378435 8.197765 0.471553
v 1.767468 3.450207 0.158436
v 1.710737 6.083215 0.106251
v 1.569014 7.196806 0.367181
v 1.767468 3.450207 0.367180
v 1.710737 6.083215 0.419367
v 0.341223 8.122784 0.367182
v 1.068277 7.793560 0.367182
v 0.728255 7.997302 0.419367
v 1.569014 7.196806 -0.259051
v 1.710737 6.083215 -0.206865
v 1.710737 6.083215 -0.311237
v 1.569014 7.196806 -0.050306
v 1.767468 3.450207 -0.050307
v 1.710737 6.083215 -0.102492
v 1.068277 7.793560 -0.050306
v 0.728255 7.997302 0.001880
v 1.072866 8.736323 0.106252
v 1.072866 8.736323 0.419368
v 2.588212 3.555854 0.367180
v 2.499955 6.311784 0.106251
v 1.068277 7.793560 -0.259050
v 0.341223 8.122784 0.158437
v 2.154672 6.211785 0.471553
v 2.253325 6.240355 0.471553
v 2.020937 7.432062 0.471553
v 0.792870 8.135870 -0.363422
v 1.858716 6.126072 0.471553
v 1.659398 7.243858 0.471553
v 2.292091 7.573216 -0.259050
v 2.499955 6.311784 -0.206865
v 2.499955 6.311784 -0.311237
v -1.920331 0.057491 0.054064
v -2.129072 0.056287 0.471551
v -2.546553 0.053881 -0.363424
v -1.920331 0.057491 -0.154680
v -1.500109 7.531126 -0.350376
v -1.802672 7.785007 -0.363422
v -1.802672 7.785007 0.471553
v -2.114996 8.047077 0.262809
v -1.490349 7.522935 0.262809
v -1.958834 7.916042 0.471553
v -2.114996 8.047077 -0.154678
v -2.755294 0.052676 0.367179
v -1.861698 6.086786 0.458506
v -1.206110 8.724775 0.458507
v -2.755294 0.052676 -0.050308
v -0.872269 8.008850 -0.350375
v -2.243975 6.197499 -0.363422
v -1.039190 8.366813 0.471553
v -0.866884 7.997302 0.054066
v -2.638584 6.311784 0.054065
v -2.755294 0.052676 0.158435
v -2.442183 0.054482 0.471551
v -2.233443 0.055686 -0.363424
v -2.024702 0.056888 0.471551
v -1.920331 0.057491 -0.259052
v -1.861698 6.086786 -0.350376
v -1.039190 8.366812 -0.363422
v -2.114996 8.047077 0.367182
v -2.114996 8.047077 0.158437
v -1.490349 7.522935 0.367182
v -1.125342 8.551567 0.471553
v -2.441279 6.254642 0.471553
v -1.880753 7.850523 -0.363422
v -2.046671 6.140358 -0.363422
v -0.953037 8.182058 -0.363422
v -1.568430 7.588453 0.471553
v -1.724591 7.719489 0.471553
v -1.211495 8.736323 -0.154678
v -1.211495 8.736323 -0.050306
v -0.996113 8.274435 -0.363422
v -2.145323 6.168928 -0.363422
v -1.948019 6.111787 -0.363422
v -1.168419 8.643946 -0.363422
v -2.342627 6.226070 -0.363422
v -2.539932 6.283212 0.471553
v -1.082266 8.459190 0.471553
v -1.849366 6.083215 0.158437
v -1.849366 6.083215 0.367181
v -0.866884 7.997302 0.367182
v -1.849366 6.083215 -0.050306
v -0.866884 7.997302 -0.050306
v -2.638584 6.311784 0.158437
v -0.866884 7.997302 -0.259050
v -1.082266 8.459190 -0.363422
v -1.948018 6.111787 0.471553
v -1.933378 0.057415 0.458505
v -1.933378 0.057416 -0.350378
v -2.742248 0.052751 0.458505
v -2.742248 0.052752 -0.350378
v -2.755294 0.052676 0.054064
v -2.337813 0.055083 0.471551
v -2.337813 0.055084 -0.363424
v -2.105236 8.038887 -0.350375
v -2.755294 0.052676 0.262807
v -2.546553 0.053880 0.471551
v -2.129072 0.056287 -0.363424
v -1.920331 0.057491 0.262807
v -1.500109 7.531126 0.458507
v -2.105236 8.038887 0.458507
v -2.755294 0.052676 -0.154680
v -1.490349 7.522935 0.054066
v -2.114996 8.047077 0.054066
v -1.490349 7.522935 -0.154678
v -1.958834 7.916042 -0.363422
v -1.646511 7.653972 -0.363422
v -1.646511 7.653972 0.471553
v -2.626252 6.308212 -0.350376
v -2.650923 0.053278 0.471551
v -2.024702 0.056889 -0.363424
v -1.920331 0.057491 0.367179
v -2.233443 0.055685 0.471551
v -2.442183 0.054483 -0.363424
v -1.920331 0.057491 -0.050308
v -1.206110 8.724775 -0.350375
v -1.920331 0.057491 0.158435
v -0.872269 8.008850 0.458507
v -2.626252 6.308212 0.458506
v -2.755294 0.052676 -0.259052
v -2.650923 0.053279 -0.363424
v -2.243975 6.197499 0.471553
v -1.849366 6.083215 0.054065
v -1.211495 8.736323 0.054066
v -2.638584 6.311784 0.262809
v -1.211495 8.736323 0.262810
v -0.866884 7.997302 -0.154678
v -1.849366 6.083215 -0.154679
v -1.490349 7.522935 -0.050306
v -1.490349 7.522935 -0.259050
v -0.866884 7.997302 0.262809
v -1.849366 6.083215 0.262809
v -1.490349 7.522935 0.158437
v -1.880753 7.850523 0.471553
v -2.036915 7.981560 0.471553
v -2.036915 7.981560 -0.363422
v -2.441279 6.254642 -0.363422
v -1.125342 8.551567 -0.363422
v -1.568430 7.588453 -0.363422
v -1.724591 7.719489 -0.363422
v -0.953037 8.182058 0.471553
v -2.046671 6.140358 0.471553
v -2.638584 6.311784 -0.154679
v -2.114996 8.047077 -0.050306
v -2.114996 8.047077 -0.259050
v -1.211495 8.736323 -0.259050
v -2.638584 6.311784 -0.050306
v -2.145323 6.168928 0.471553
v -0.996113 8.274435 0.471553
v -0.909961 8.089681 0.471553
v -2.539932 6.283212 -0.363422
v -1.168419 8.643945 0.471553
v -1.849366 6.083215 -0.259051
v -1.211495 8.736323 0.158437
v -1.211495 8.736323 0.367182
v -2.638584 6.311784 0.367181
v -0.866884 7.997302 0.158437
v -2.342627 6.226070 0.471553
v -0.909961 8.089681 -0.363422
v -2.638584 6.311784 -0.259051
v 2.616665 0.052676 0.054064
v -0.069314 8.178699 0.458507
v -0.069314 8.573668 -0.363422
v -0.069314 8.981379 0.054066
v 1.966606 8.038888 -0.350375
v 2.616665 0.052676 0.262807
v 2.407924 0.053880 0.471551
v 1.781703 0.057491 0.262807
v 2.616665 0.052676 -0.154680
v 1.990443 0.056287 0.471551
v 2.407924 0.053881 -0.363424
v 1.781703 0.057491 -0.154680
v 1.361480 7.531126 -0.350376
v -0.069314 8.369814 -0.363422
v -0.069314 8.777523 -0.363422
v 1.664043 7.785007 -0.363422
v -0.069314 8.369814 0.471553
v 1.351720 7.522935 0.054066
v -0.069314 8.165959 -0.154678
v 1.976367 8.047077 0.054066
v -0.069314 8.981379 -0.154678
v 1.976367 8.047077 0.262809
v 1.351720 7.522935 -0.154678
v 1.507882 7.653972 -0.363422
v 1.507882 7.653971 0.471553
v 1.976367 8.047077 -0.154678
v 1.886073 0.056889 -0.363424
v 2.616665 0.052676 -0.050308
v 1.781703 0.057491 -0.050308
v -0.069314 8.675596 -0.363422
v 2.105346 6.197499 -0.363422
v 0.900561 8.366813 0.471553
v 0.728255 7.997302 0.054066
v -0.069314 8.981379 0.367182
v 2.616665 0.052676 0.158435
v 2.487623 6.308212 0.458506
v 2.616665 0.052676 -0.259052
v 2.512294 0.053279 -0.363424
v 1.723069 6.086786 -0.350376
v 0.900561 8.366812 -0.363422
v -0.069314 8.879451 0.471553
v 2.105346 6.197499 0.471553
v -0.069314 8.981379 0.158438
v -0.069314 8.981379 -0.259050
v 2.499955 6.311784 0.262809
v 1.072866 8.736323 0.262810
v 1.976367 8.047077 0.367182
v 1.976367 8.047077 0.158437
v 1.710737 6.083215 -0.154679
v 1.351720 7.522935 -0.050306
v 1.351720 7.522935 -0.259050
v 0.728255 7.997302 0.262809
v 1.710737 6.083215 0.262809
v 1.351720 7.522935 0.158437
v 1.742124 7.850523 0.471553
v 2.302650 6.254642 0.471553
v 1.742124 7.850524 -0.363422
v 1.898286 7.981560 -0.363422
v 2.302650 6.254642 -0.363422
v 0.986713 8.551567 -0.363422
v 0.814408 8.182058 -0.363422
v 1.429801 7.588453 0.471553
v 1.585963 7.719489 0.471553
v 0.814408 8.182058 0.471553
v 1.908042 6.140358 0.471553
v 1.072866 8.736323 -0.154678
v 1.072866 8.736323 -0.259050
v 1.072866 8.736323 -0.050306
v 2.499955 6.311784 -0.050306
v 0.771332 8.089681 0.471553
v 0.857484 8.274435 -0.363422
v 2.006694 6.168928 -0.363422
v 1.809390 6.111787 -0.363422
v 1.029790 8.643945 -0.363422
v 2.401303 6.283212 -0.363422
v 2.203999 6.226070 -0.363422
v 2.401303 6.283212 0.471553
v 1.029790 8.643945 0.471553
v 1.710737 6.083215 0.158437
v 1.710737 6.083215 0.367181
v 0.728255 7.997302 0.367182
v 1.072866 8.736323 0.158437
v 1.072866 8.736323 0.367182
v 2.499955 6.311784 0.367181
v 2.499955 6.311784 0.158437
v 0.728255 7.997302 0.158437
v 0.943637 8.459190 -0.363422
v 2.499955 6.311784 -0.259051
v 1.794749 0.057415 0.458505
v 1.794749 0.057416 -0.350378
v 2.603619 0.052751 0.458505
v 2.603619 0.052752 -0.350378
v -0.069314 8.968637 0.458507
v -0.069314 8.968637 -0.350375
v 2.199184 0.055083 0.471551
v 2.199184 0.055084 -0.363424
v 1.781703 0.057491 0.054064
v -0.069314 8.178699 -0.350375
v -0.069314 8.573668 0.471553
v -0.069314 8.165959 0.054066
v 1.990443 0.056287 -0.363424
v 1.361480 7.531126 0.458507
v 1.966606 8.038888 0.458507
v -0.069314 8.777523 0.471553
v 1.664043 7.785007 0.471553
v -0.069314 8.165959 0.262809
v -0.069314 8.981379 0.262810
v 1.351720 7.522935 0.262809
v 1.820205 7.916042 0.471553
v 1.820205 7.916041 -0.363422
v 2.487623 6.308212 -0.350376
v 2.616665 0.052676 0.367179
v 2.512294 0.053278 0.471551
v 1.781703 0.057491 0.367179
v 1.723069 6.086786 0.458506
v 1.067482 8.724775 0.458507
v 2.094814 0.055685 0.471551
v 2.303554 0.054483 -0.363424
v 0.733640 8.008850 -0.350375
v -0.069314 8.267887 -0.363422
v -0.069314 8.267887 0.471553
v -0.069314 8.675595 0.471553
v -0.069314 8.165959 0.367182
v -0.069314 8.165959 -0.050306
v 2.499955 6.311784 0.054065
v -0.069314 8.981379 -0.050306
v 1.067482 8.724775 -0.350375
v 2.303554 0.054482 0.471551
v 2.094814 0.055686 -0.363424
v 1.781703 0.057491 0.158435
v 0.733640 8.008850 0.458507
v 1.886073 0.056888 0.471551
v 1.781703 0.057491 -0.259052
v -0.069314 8.471742 -0.363422
v -0.069314 8.879451 -0.363422
v -0.069314 8.471742 0.471553
v 1.710737 6.083215 0.054065
v -0.069314 8.165959 0.158437
v -0.069314 8.165959 -0.259050
v 1.072866 8.736323 0.054066
v 0.728255 7.997302 -0.154678
v 1.351720 7.522935 0.367182
v 1.898286 7.981560 0.471553
v 0.986713 8.551567 0.471553
v 1.429801 7.588453 -0.363422
v 1.585963 7.719489 -0.363422
v 1.908042 6.140358 -0.363422
v 2.499955 6.311784 -0.154679
v 1.976367 8.047077 -0.050306
v 1.976367 8.047077 -0.259050
v 2.006694 6.168928 0.471553
v 0.857484 8.274435 0.471553
v 0.943637 8.459190 0.471553
v 1.710737 6.083215 -0.259051
v 1.710737 6.083215 -0.050306
v 0.728255 7.997302 -0.050306
v 0.728255 7.997302 -0.259050
v 2.203998 6.226070 0.471553
v 0.771332 8.089681 -0.363422
v 1.809390 6.111787 0.471553
vn 0.1597 -0.0130 0.9871
vn -0.0000 -0.0000 1.0000
vn 0.1616 -0.0022 0.9869
vn 0.1592 -0.0007 0.9872
vn 0.3207 -0.0040 0.9472
vn 0.3267 -0.0222 0.9449
vn 0.0631 -0.1385 -0.9883
vn -0.0000 -0.0000 -1.0000
vn 0.0319 -0.1498 -0.9882
vn -0.0000 -0.1530 -0.9882
vn 0.0669 -0.3161 -0.9464
vn 0.1335 -0.2941 -0.9464
vn 0.2076 -0.9782 -0.0000
vn 0.4138 -0.9103 -0.0000
vn -0.0000 -1.0000 -0.0000
vn 0.4085 -0.8989 -0.1585
vn 0.2049 -0.9659 -0.1583
vn 0.1976 -0.9302 -0.3094
vn -0.0000 -0.9509 -0.3095
vn -0.0000 -0.9874 -0.1584
vn -0.9998 0.0201 -0.0000
vn -0.9952 0.0975 -0.0000
vn -1.0000 0.0081 -0.0000
vn -0.6069 0.7948 -0.0000
vn -0.4165 0.9091 -0.0000
vn -0.7660 0.6428 -0.0000
vn 0.9369 -0.3496 -0.0000
vn 0.9973 -0.0740 -0.0000
vn 0.7660 -0.6428 -0.0000
vn 0.9852 -0.0721 -0.1554
vn 0.9259 -0.3426 -0.1592
vn 0.9494 -0.0726 -0.3055
vn 0.8897 -0.3376 -0.3075
vn 0.7564 -0.6347 -0.1584
vn 0.1314 -0.0513 -0.9900
vn 0.1168 -0.0980 -0.9883
vn 0.2475 -0.2076 -0.9464
vn 0.3075 -0.1079 -0.9454
vn 0.1597 -0.0130 -0.9871
vn 0.0924 -0.1212 0.9883
vn 0.1168 -0.0980 0.9883
vn 0.2475 -0.2076 0.9464
vn 0.1958 -0.2570 0.9464
vn 0.0631 -0.1385 0.9883
vn -0.2103 0.9776 -0.0000
vn -0.0000 1.0000 -0.0000
vn -0.0000 0.9879 -0.1551
vn -0.2078 0.9658 -0.1551
vn -0.1998 0.9297 -0.3095
vn -0.3959 0.8645 -0.3096
vn -0.4116 0.8981 -0.1550
vn -0.9303 0.3668 -0.0000
vn 0.0319 -0.1498 0.9882
vn 0.1335 -0.2941 0.9464
vn 0.0669 -0.3161 0.9464
vn -0.0000 -0.1531 0.9882
vn 0.1616 -0.0022 -0.9869
vn 0.3267 -0.0222 -0.9449
vn 0.3207 -0.0040 -0.9472
vn 0.1592 -0.0007 -0.9872
vn -0.1340 0.1124 -0.9846
vn -0.1961 0.2568 -0.9464
vn -0.1061 0.1390 -0.9846
vn -0.1347 0.2936 -0.9464
vn -0.0728 0.1592 -0.9846
vn -0.0680 0.3159 -0.9464
vn -0.0366 0.1705 -0.9847
vn -0.0000 0.3230 -0.9464
vn -0.0000 0.1745 -0.9847
vn -0.1340 0.1124 0.9846
vn -0.3004 0.1223 0.9459
vn -0.1745 0.0655 0.9825
vn -0.3239 0.0336 0.9455
vn -0.1713 0.0153 0.9851
vn -0.3204 0.0066 0.9473
vn -0.1635 0.0031 0.9865
vn -0.3163 0.0025 0.9487
vn -0.1615 0.0013 0.9869
vn -0.0366 0.1705 0.9847
vn -0.0000 0.3230 0.9464
vn -0.0680 0.3159 0.9464
vn -0.0728 0.1592 0.9846
vn -0.0000 0.1745 0.9847
vn -0.1061 0.1390 0.9846
vn -0.1347 0.2936 0.9464
vn -0.1961 0.2568 0.9464
vn 0.9999 -0.0129 -0.0000
vn 1.0000 -0.0042 -0.0000
vn 0.9259 -0.3426 0.1592
vn 0.9494 -0.0726 0.3055
vn 0.9852 -0.0721 0.1554
vn 0.7564 -0.6347 0.1584
vn 0.8897 -0.3376 0.3075
vn 0.9874 -0.0126 0.1580
vn 0.9487 -0.0040 0.3162
vn 0.9871 -0.0041 0.1603
vn 0.9501 -0.0124 0.3118
vn 0.1976 -0.9302 0.3094
vn 0.4085 -0.8989 0.1585
vn 0.2049 -0.9659 0.1583
vn -0.0000 -0.9874 0.1584
vn -0.0000 -0.9509 0.3095
vn 0.5763 -0.7563 0.3095
vn 0.5983 -0.7854 0.1584
vn 0.6060 -0.7954 -0.0000
vn 0.3937 -0.8655 0.3095
vn 0.9871 -0.0041 -0.1603
vn 0.9874 -0.0126 -0.1580
vn 0.9487 -0.0040 -0.3162
vn 0.9501 -0.0124 -0.3118
vn -0.5770 0.7558 0.3095
vn -0.4116 0.8981 0.1550
vn -0.5996 0.7852 0.1550
vn -0.7568 0.6350 0.1550
vn -0.7284 0.6112 0.3095
vn -0.1998 0.9297 0.3095
vn -0.0000 0.9879 0.1551
vn -0.2078 0.9658 0.1551
vn -0.3959 0.8645 0.3096
vn -0.9873 0.0199 0.1578
vn -0.9475 0.0903 0.3068
vn -0.9832 0.0973 0.1543
vn -0.9871 0.0080 0.1599
vn -0.9499 0.0187 0.3120
vn -0.9187 0.3642 0.1528
vn -0.8867 0.3449 0.3079
vn 0.5983 -0.7854 -0.1584
vn 0.5763 -0.7563 -0.3095
vn 0.3937 -0.8655 -0.3095
vn 0.0924 -0.1212 -0.9883
vn 0.1958 -0.2570 -0.9464
vn 0.1314 -0.0513 0.9900
vn 0.3075 -0.1079 0.9454
vn -0.9832 0.0973 -0.1543
vn -0.9873 0.0199 -0.1578
vn -0.9475 0.0903 -0.3068
vn -0.9499 0.0187 -0.3120
vn -0.9871 0.0080 -0.1599
vn -0.5996 0.7852 -0.1550
vn -0.5770 0.7558 -0.3095
vn -0.7284 0.6112 -0.3095
vn -0.7568 0.6350 -0.1550
vn -0.1636 0.0031 -0.9865
vn -0.3163 0.0025 -0.9487
vn -0.3204 0.0066 -0.9472
vn -0.1713 0.0153 -0.9851
vn -0.1615 0.0013 -0.9869
vn -0.1745 0.0655 -0.9825
vn -0.3239 0.0336 -0.9455
vn -0.3005 0.1223 -0.9459
vn -0.9187 0.3642 -0.1528
vn -0.8867 0.3449 -0.3079
vn 0.9832 0.0973 -0.1543
vn 0.9998 0.0201 -0.0000
vn 0.9873 0.0199 -0.1578
vn 0.9871 0.0080 -0.1599
vn 0.9499 0.0187 -0.3120
vn 0.9475 0.0903 -0.3068
vn -0.4138 -0.9103 -0.0000
vn -0.2076 -0.9782 -0.0000
vn 0.9952 0.0975 -0.0000
vn 1.0000 0.0081 -0.0000
vn 0.4165 0.9091 -0.0000
vn 0.6069 0.7948 -0.0000
vn 0.7660 0.6428 -0.0000
vn -0.9973 -0.0740 -0.0000
vn -0.9369 -0.3496 -0.0000
vn -0.7660 -0.6428 -0.0000
vn -0.9852 -0.0721 -0.1554
vn -0.9259 -0.3426 -0.1592
vn -0.7564 -0.6347 -0.1584
vn -0.8897 -0.3376 -0.3075
vn -0.9494 -0.0726 -0.3055
vn -0.1314 -0.0513 -0.9900
vn -0.1597 -0.0130 -0.9871
vn -0.3075 -0.1079 -0.9454
vn -0.2475 -0.2076 -0.9464
vn -0.1168 -0.0980 -0.9883
vn -0.0924 -0.1212 0.9883
vn -0.0631 -0.1385 0.9883
vn -0.1958 -0.2570 0.9464
vn -0.2475 -0.2076 0.9464
vn -0.1168 -0.0980 0.9883
vn 0.4116 0.8981 -0.1550
vn 0.5996 0.7852 -0.1550
vn 0.7568 0.6350 -0.1550
vn 0.7284 0.6112 -0.3095
vn 0.5770 0.7558 -0.3095
vn 0.2103 0.9776 -0.0000
vn 0.2078 0.9658 -0.1550
vn 0.3959 0.8645 -0.3096
vn 0.1998 0.9297 -0.3094
vn 0.9303 0.3668 -0.0000
vn -0.0319 -0.1498 0.9882
vn -0.0669 -0.3161 0.9464
vn -0.1335 -0.2941 0.9464
vn -0.1616 -0.0022 -0.9869
vn -0.1592 -0.0007 -0.9872
vn -0.3207 -0.0040 -0.9472
vn -0.3267 -0.0222 -0.9449
vn 0.1961 0.2568 -0.9464
vn 0.1340 0.1124 -0.9846
vn 0.1061 0.1390 -0.9846
vn 0.0728 0.1592 -0.9846
vn 0.1347 0.2936 -0.9464
vn 0.0680 0.3159 -0.9464
vn 0.0366 0.1705 -0.9847
vn 0.1635 0.0031 -0.9865
vn 0.3163 0.0025 -0.9487
vn 0.1615 0.0013 -0.9869
vn 0.1713 0.0153 -0.9851
vn 0.3204 0.0066 -0.9472
vn 0.1745 0.0655 -0.9825
vn 0.3239 0.0336 -0.9455
vn 0.3004 0.1223 -0.9459
vn 0.3004 0.1223 0.9459
vn 0.1340 0.1124 0.9846
vn 0.1745 0.0655 0.9825
vn 0.1713 0.0153 0.9851
vn 0.3239 0.0336 0.9455
vn 0.3204 0.0066 0.9472
vn 0.1635 0.0031 0.9865
vn 0.1615 0.0013 0.9869
vn 0.3163 0.0025 0.9487
vn 0.0366 0.1705 0.9847
vn 0.0728 0.1592 0.9846
vn 0.0680 0.3159 0.9464
vn 0.1061 0.1390 0.9846
vn 0.1347 0.2936 0.9464
vn 0.1961 0.2568 0.9464
vn -1.0000 -0.0042 -0.0000
vn -0.9999 -0.0129 -0.0000
vn -0.9259 -0.3426 0.1592
vn -0.9494 -0.0726 0.3055
vn -0.8897 -0.3376 0.3075
vn -0.7564 -0.6347 0.1584
vn -0.9852 -0.0721 0.1554
vn -0.9874 -0.0126 0.1580
vn -0.9487 -0.0040 0.3162
vn -0.9501 -0.0124 0.3118
vn -0.9871 -0.0041 0.1603
vn -0.4085 -0.8989 0.1585
vn -0.1976 -0.9302 0.3094
vn -0.2049 -0.9659 0.1583
vn -0.5763 -0.7563 0.3095
vn -0.5983 -0.7854 0.1584
vn -0.3937 -0.8655 0.3095
vn -0.6060 -0.7954 -0.0000
vn -0.9871 -0.0041 -0.1603
vn -0.9874 -0.0126 -0.1580
vn -0.9501 -0.0124 -0.3118
vn -0.9487 -0.0040 -0.3162
vn 0.4116 0.8981 0.1550
vn 0.5770 0.7558 0.3095
vn 0.5996 0.7852 0.1550
vn 0.7284 0.6112 0.3095
vn 0.7568 0.6350 0.1550
vn 0.1998 0.9297 0.3094
vn 0.2078 0.9658 0.1550
vn 0.3959 0.8645 0.3096
vn 0.9873 0.0199 0.1578
vn 0.9475 0.0903 0.3068
vn 0.9499 0.0187 0.3120
vn 0.9871 0.0080 0.1599
vn 0.9832 0.0973 0.1543
vn 0.9187 0.3642 0.1528
vn 0.8867 0.3449 0.3079
vn -0.5983 -0.7854 -0.1584
vn -0.4085 -0.8989 -0.1585
vn -0.3937 -0.8655 -0.3095
vn -0.5763 -0.7563 -0.3095
vn -0.0924 -0.1212 -0.9883
vn -0.1958 -0.2570 -0.9464
vn -0.0631 -0.1385 -0.9883
vn -0.1314 -0.0513 0.9900
vn -0.3075 -0.1079 0.9454
vn -0.1597 -0.0130 0.9871
vn 0.9187 0.3642 -0.1528
vn 0.8867 0.3449 -0.3079
vn -0.1616 -0.0022 0.9869
vn -0.3267 -0.0222 0.9449
vn -0.3207 -0.0040 0.9472
vn -0.1592 -0.0007 0.9872
vn -0.0319 -0.1498 -0.9882
vn -0.1335 -0.2941 -0.9464
vn -0.0669 -0.3161 -0.9464
vn -0.2049 -0.9659 -0.1583
vn -0.1976 -0.9302 -0.3094
vn 0.3162 -0.0013 0.9487
vn -0.0000 -0.3230 -0.9464
vn 0.7284 -0.6112 -0.3095
vn -0.0000 0.9509 -0.3095
vn -0.0000 -0.3230 0.9464
vn 0.3162 -0.0013 -0.9487
vn -0.2475 0.2076 -0.9464
vn -0.2475 0.2076 0.9464
vn 0.7284 -0.6112 0.3096
vn -0.0000 0.9509 0.3095
vn -0.9487 0.0076 0.3162
vn -0.9487 0.0076 -0.3162
vn 0.9487 0.0076 -0.3162
vn -0.7284 -0.6112 -0.3095
vn -0.3162 -0.0013 -0.9487
vn 0.2475 0.2076 -0.9464
vn 0.2475 0.2076 0.9464
vn -0.7284 -0.6112 0.3095
vn 0.9487 0.0076 0.3162
vn -0.3162 -0.0013 0.9487
vt 0.086081 0.826375
vt 0.081075 0.708039
vt 0.083428 0.707737
vt 0.080392 0.555104
vt 0.082785 0.555118
vt 0.085781 0.707435
vt 0.088344 0.825720
vt 0.202327 0.467945
vt 0.184597 0.476146
vt 0.184091 0.473864
vt 0.164753 0.478239
vt 0.164753 0.475901
vt 0.183585 0.471583
vt 0.201339 0.465827
vt 0.210231 0.484896
vt 0.188644 0.494400
vt 0.188138 0.492118
vt 0.164753 0.496941
vt 0.164753 0.494604
vt 0.187632 0.489837
vt 0.209243 0.482777
vt 0.067978 0.831611
vt 0.062251 0.710456
vt 0.064604 0.710154
vt 0.061244 0.554987
vt 0.063639 0.555001
vt 0.066958 0.709851
vt 0.070241 0.830957
vt 0.872564 0.064155
vt 0.853555 0.066549
vt 0.872564 0.066549
vt 0.872564 0.068943
vt 0.891808 0.066549
vt 0.872564 0.083306
vt 0.853555 0.085700
vt 0.872564 0.085700
vt 0.872564 0.088094
vt 0.891808 0.088094
vt 0.891808 0.085700
vt 0.632870 0.112270
vt 0.757536 0.109877
vt 0.632870 0.109876
vt 0.632870 0.107482
vt 0.475514 0.109875
vt 0.632870 0.121846
vt 0.757536 0.119454
vt 0.632870 0.119452
vt 0.632870 0.117058
vt 0.475514 0.119449
vt 0.870012 0.121849
vt 0.896843 0.119455
vt 0.870012 0.119455
vt 0.870012 0.117060
vt 0.843417 0.119455
vt 0.870012 0.112272
vt 0.896843 0.109877
vt 0.870012 0.109878
vt 0.870012 0.107483
vt 0.843417 0.109878
vt 0.872564 0.073731
vt 0.853555 0.076125
vt 0.872564 0.076125
vt 0.872564 0.078519
vt 0.891808 0.076125
vt 0.798416 0.073731
vt 0.746615 0.076125
vt 0.798416 0.076125
vt 0.798416 0.078519
vt 0.816717 0.076125
vt 0.798416 0.083306
vt 0.746615 0.085701
vt 0.798416 0.085700
vt 0.746615 0.088095
vt 0.798416 0.088094
vt 0.816717 0.085700
vt 0.872564 0.054580
vt 0.853555 0.056974
vt 0.872564 0.056974
vt 0.872564 0.059367
vt 0.891808 0.056974
vt 0.798416 0.054580
vt 0.746615 0.056973
vt 0.798416 0.056974
vt 0.798416 0.059367
vt 0.816717 0.056974
vt 0.798416 0.064155
vt 0.746615 0.066549
vt 0.798416 0.066549
vt 0.798416 0.068943
vt 0.816717 0.066549
vt 0.104979 0.920040
vt 0.123498 0.933894
vt 0.103556 0.921894
vt 0.088669 0.904457
vt 0.090460 0.902955
vt 0.106403 0.918187
vt 0.124486 0.931775
vt 0.099285 0.927455
vt 0.119543 0.942368
vt 0.097862 0.929309
vt 0.081503 0.910465
vt 0.083295 0.908963
vt 0.100709 0.925602
vt 0.120531 0.940249
vt 0.058926 0.834229
vt 0.052837 0.711664
vt 0.055190 0.711362
vt 0.051667 0.554928
vt 0.054061 0.554943
vt 0.057543 0.711060
vt 0.061189 0.833575
vt 0.258564 0.438818
vt 0.269032 0.385405
vt 0.260637 0.439897
vt 0.246056 0.457591
vt 0.244266 0.456088
vt 0.256490 0.437739
vt 0.266770 0.384750
vt 0.214183 0.493371
vt 0.190667 0.503527
vt 0.190161 0.501245
vt 0.164753 0.506293
vt 0.164753 0.503955
vt 0.189655 0.498964
vt 0.213195 0.491252
vt 0.241980 0.430186
vt 0.250931 0.380163
vt 0.244053 0.431265
vt 0.231730 0.445569
vt 0.229939 0.444067
vt 0.239907 0.429107
vt 0.248669 0.379508
vt 0.250271 0.434502
vt 0.259981 0.382784
vt 0.252344 0.435581
vt 0.238893 0.451580
vt 0.237102 0.450077
vt 0.248198 0.433423
vt 0.257718 0.382129
vt 0.206279 0.476421
vt 0.186620 0.485273
vt 0.186114 0.482992
vt 0.164753 0.487590
vt 0.164753 0.485253
vt 0.185609 0.480710
vt 0.205291 0.474302
vt 0.116367 0.905210
vt 0.131408 0.916946
vt 0.114943 0.907064
vt 0.103001 0.892440
vt 0.104792 0.890938
vt 0.117790 0.903357
vt 0.132397 0.914827
vt 0.110673 0.912625
vt 0.127453 0.925420
vt 0.109250 0.914479
vt 0.095835 0.898448
vt 0.097626 0.896946
vt 0.112097 0.910772
vt 0.128441 0.923301
vt 0.077030 0.828993
vt 0.071664 0.709247
vt 0.074017 0.708945
vt 0.070821 0.555045
vt 0.073214 0.555060
vt 0.076370 0.708643
vt 0.079293 0.828338
vt 0.632870 0.100300
vt 0.757536 0.102695
vt 0.757536 0.100300
vt 0.632870 0.097906
vt 0.475514 0.100300
vt 0.632870 0.102694
vt 0.870012 0.102695
vt 0.896843 0.100301
vt 0.870012 0.100301
vt 0.870012 0.097906
vt 0.843417 0.100301
vt 0.896843 0.095512
vt 0.870012 0.095512
vt 0.870012 0.093118
vt 0.843416 0.093118
vt 0.843417 0.095512
vt 0.924145 0.097906
vt 0.951684 0.095511
vt 0.924145 0.095512
vt 0.924145 0.093117
vt 0.951684 0.090723
vt 0.924145 0.090723
vt 0.924145 0.088329
vt 0.896843 0.088329
vt 0.896843 0.090723
vt 0.870012 0.105089
vt 0.896843 0.107483
vt 0.896843 0.105089
vt 0.843417 0.102695
vt 0.843417 0.105089
vt 0.924145 0.107483
vt 0.951684 0.105089
vt 0.924145 0.105089
vt 0.924145 0.102695
vt 0.951684 0.100300
vt 0.924145 0.100300
vt 0.757536 0.105089
vt 0.632870 0.105088
vt 0.475514 0.102694
vt 0.475514 0.105087
vt 0.816821 0.107483
vt 0.816821 0.105089
vt 0.816821 0.102695
vt 0.816821 0.100301
vt 0.816821 0.097906
vt 0.082388 0.882444
vt 0.084462 0.881366
vt 0.074767 0.829647
vt 0.086535 0.880287
vt 0.092252 0.901453
vt 0.078241 0.884601
vt 0.080314 0.883523
vt 0.072504 0.830302
vt 0.094043 0.899950
vt 0.148605 0.929879
vt 0.169965 0.934485
vt 0.148098 0.932161
vt 0.129430 0.921183
vt 0.149111 0.927597
vt 0.169966 0.932148
vt 0.147591 0.934442
vt 0.169964 0.939161
vt 0.147085 0.936724
vt 0.126464 0.927538
vt 0.169965 0.936823
vt 0.107826 0.916333
vt 0.125475 0.929657
vt 0.150631 0.920753
vt 0.169969 0.925134
vt 0.150125 0.923034
vt 0.133385 0.912708
vt 0.151138 0.918471
vt 0.169969 0.922796
vt 0.149618 0.925316
vt 0.169967 0.929810
vt 0.130419 0.919064
vt 0.169968 0.927472
vt 0.113520 0.908918
vt 0.099418 0.895444
vt 0.101209 0.893942
vt 0.225473 0.467606
vt 0.224051 0.465752
vt 0.207267 0.478539
vt 0.222628 0.463897
vt 0.242475 0.454585
vt 0.228319 0.471314
vt 0.226896 0.469460
vt 0.208255 0.480658
vt 0.240684 0.453083
vt 0.187126 0.487555
vt 0.164753 0.492266
vt 0.164753 0.489928
vt 0.260769 0.262072
vt 0.264014 0.108159
vt 0.263122 0.262375
vt 0.255456 0.381474
vt 0.258416 0.261769
vt 0.261620 0.108173
vt 0.265475 0.262678
vt 0.268802 0.108132
vt 0.267828 0.262980
vt 0.262244 0.383439
vt 0.266408 0.108146
vt 0.254417 0.436660
vt 0.264507 0.384094
vt 0.251356 0.260861
vt 0.254438 0.108215
vt 0.253710 0.261164
vt 0.246406 0.378853
vt 0.249003 0.260558
vt 0.252044 0.108229
vt 0.256063 0.261467
vt 0.259226 0.108187
vt 0.253194 0.380819
vt 0.256832 0.108201
vt 0.246125 0.432344
vt 0.235311 0.448575
vt 0.233521 0.447072
vt 0.253220 0.463602
vt 0.236855 0.482439
vt 0.235433 0.480585
vt 0.215171 0.495490
vt 0.234010 0.478731
vt 0.251429 0.462099
vt 0.256802 0.466607
vt 0.239701 0.486148
vt 0.238278 0.484293
vt 0.217147 0.499727
vt 0.216159 0.497608
vt 0.255011 0.465104
vt 0.191679 0.508091
vt 0.191173 0.505809
vt 0.164753 0.510968
vt 0.164753 0.508631
vt 0.279595 0.264495
vt 0.283167 0.108048
vt 0.281948 0.264797
vt 0.275821 0.387371
vt 0.273558 0.386715
vt 0.277242 0.264192
vt 0.280773 0.108062
vt 0.270182 0.263283
vt 0.273591 0.108104
vt 0.272535 0.263586
vt 0.271197 0.108118
vt 0.274888 0.263889
vt 0.278379 0.108076
vt 0.271295 0.386060
vt 0.275985 0.108090
vt 0.262710 0.440977
vt 0.264783 0.442056
vt 0.249638 0.460596
vt 0.247847 0.459094
vt 0.065800 0.891072
vt 0.067873 0.889994
vt 0.056663 0.834884
vt 0.069947 0.888915
vt 0.077920 0.913470
vt 0.061653 0.893229
vt 0.063726 0.892151
vt 0.052137 0.836193
vt 0.054400 0.835539
vt 0.079712 0.911968
vt 0.048131 0.712268
vt 0.050484 0.711966
vt 0.046881 0.554899
vt 0.049274 0.554914
vt 0.144551 0.948132
vt 0.169959 0.953188
vt 0.144045 0.950414
vt 0.121520 0.938131
vt 0.145058 0.945851
vt 0.169960 0.950851
vt 0.143538 0.952696
vt 0.169957 0.957864
vt 0.143032 0.954977
vt 0.118554 0.944486
vt 0.169958 0.955526
vt 0.096439 0.931163
vt 0.117565 0.946605
vt 0.095015 0.933017
vt 0.146578 0.939006
vt 0.169962 0.943837
vt 0.146071 0.941287
vt 0.169963 0.941499
vt 0.145565 0.943569
vt 0.169961 0.948513
vt 0.122509 0.936012
vt 0.169961 0.946175
vt 0.102132 0.923748
vt 0.085086 0.907461
vt 0.086877 0.905959
vt 0.746615 0.061761
vt 0.798416 0.061761
vt 0.816717 0.061761
vt 0.627814 0.059366
vt 0.475514 0.061759
vt 0.627814 0.061760
vt 0.627814 0.064155
vt 0.475514 0.066548
vt 0.627814 0.066549
vt 0.627814 0.068943
vt 0.798416 0.052186
vt 0.746615 0.049791
vt 0.746615 0.052185
vt 0.816717 0.052186
vt 0.798416 0.049792
vt 0.627814 0.052184
vt 0.475514 0.049787
vt 0.475514 0.052182
vt 0.627814 0.054578
vt 0.627814 0.049790
vt 0.475514 0.056971
vt 0.627814 0.056972
vt 0.872564 0.049792
vt 0.853555 0.052186
vt 0.872564 0.052186
vt 0.891808 0.052186
vt 0.891808 0.049792
vt 0.835018 0.049792
vt 0.835018 0.052186
vt 0.835018 0.054580
vt 0.853555 0.049792
vt 0.835018 0.056974
vt 0.835018 0.059367
vt 0.853555 0.054580
vt 0.627814 0.078519
vt 0.475514 0.080915
vt 0.627814 0.080914
vt 0.627814 0.083308
vt 0.746615 0.080913
vt 0.475514 0.085703
vt 0.627814 0.085702
vt 0.475514 0.088098
vt 0.627814 0.088096
vt 0.746615 0.071337
vt 0.798416 0.071337
vt 0.816717 0.071337
vt 0.816717 0.068943
vt 0.475514 0.071337
vt 0.627814 0.071337
vt 0.627814 0.073731
vt 0.475514 0.076126
vt 0.627814 0.076125
vt 0.853555 0.071337
vt 0.872564 0.071337
vt 0.891808 0.071337
vt 0.835018 0.068943
vt 0.835018 0.071337
vt 0.835018 0.073731
vt 0.835018 0.076125
vt 0.835018 0.078519
vt 0.896843 0.114666
vt 0.870012 0.114666
vt 0.843417 0.114666
vt 0.924146 0.117060
vt 0.951684 0.114666
vt 0.924145 0.114666
vt 0.924145 0.112272
vt 0.951684 0.109877
vt 0.924145 0.109877
vt 0.870012 0.126638
vt 0.896843 0.124243
vt 0.870012 0.124243
vt 0.843417 0.124243
vt 0.843417 0.126638
vt 0.924146 0.126637
vt 0.951684 0.124243
vt 0.924146 0.124243
vt 0.924146 0.121849
vt 0.896843 0.126637
vt 0.951684 0.119454
vt 0.924146 0.119454
vt 0.632870 0.124240
vt 0.757536 0.126637
vt 0.757536 0.124243
vt 0.475514 0.124237
vt 0.632870 0.126634
vt 0.816821 0.124244
vt 0.816821 0.121849
vt 0.816821 0.126638
vt 0.816821 0.119455
vt 0.816821 0.117061
vt 0.757536 0.114666
vt 0.632870 0.114664
vt 0.475514 0.114662
vt 0.816821 0.114666
vt 0.816821 0.112272
vt 0.816821 0.109878
vt 0.853555 0.080913
vt 0.872564 0.080913
vt 0.891808 0.080913
vt 0.816717 0.080913
vt 0.835018 0.080913
vt 0.835018 0.083306
vt 0.835018 0.085700
vt 0.835018 0.088094
vt 0.853555 0.088094
vt 0.835018 0.061761
vt 0.835018 0.064155
vt 0.853555 0.061761
vt 0.835018 0.066549
vt 0.074094 0.886758
vt 0.076167 0.885680
vt 0.065715 0.832266
vt 0.072020 0.887837
vt 0.063452 0.832920
vt 0.059897 0.710758
vt 0.056455 0.554958
vt 0.058849 0.554972
vt 0.231164 0.475022
vt 0.229742 0.473168
vt 0.211219 0.487014
vt 0.232587 0.476877
vt 0.212207 0.489133
vt 0.189150 0.496682
vt 0.164753 0.501617
vt 0.164753 0.499279
vt 0.219782 0.460189
vt 0.218359 0.458335
vt 0.203315 0.470064
vt 0.216937 0.456481
vt 0.221205 0.462043
vt 0.204303 0.472183
vt 0.185103 0.478428
vt 0.164753 0.482915
vt 0.164753 0.480577
vt 0.090682 0.878130
vt 0.092756 0.877052
vt 0.083819 0.827029
vt 0.094829 0.875973
vt 0.088609 0.879209
vt 0.081556 0.827684
vt 0.078722 0.708341
vt 0.075606 0.555075
vt 0.077999 0.555089
vt 0.816821 0.095512
vt 0.816821 0.093118
vt 0.757536 0.095512
vt 0.632870 0.093118
vt 0.757536 0.090724
vt 0.632870 0.090724
vt 0.757536 0.088330
vt 0.632870 0.088329
vt 0.475514 0.090723
vt 0.266856 0.443135
vt 0.278084 0.388026
vt 0.268930 0.444214
vt 0.870012 0.090724
vt 0.870012 0.088329
vt 0.843416 0.088330
vt 0.843416 0.090724
vt 0.069311 0.709549
vt 0.066033 0.555016
vt 0.068427 0.555031
vt 0.284301 0.265100
vt 0.287954 0.108021
vt 0.286654 0.265403
vt 0.280347 0.388681
vt 0.285560 0.108035
vt 0.271003 0.445293
vt 0.282610 0.389337
vt 0.273076 0.446373
vt 0.798416 0.080913
vt 0.872564 0.061761
vt 0.891808 0.061761
vt 0.632870 0.095512
vt 0.475514 0.095512
vt 0.816821 0.090724
vt 0.816821 0.088330
vt 0.757558 0.162787
vt 0.632884 0.160393
vt 0.632884 0.162788
vt 0.475514 0.162788
vt 0.632884 0.165182
vt 0.757558 0.165181
vt 0.140862 0.494400
vt 0.119275 0.484896
vt 0.141368 0.492118
vt 0.120263 0.482777
vt 0.141874 0.489837
vt 0.277830 0.710513
vt 0.272022 0.831677
vt 0.275477 0.710210
vt 0.269759 0.831021
vt 0.273123 0.709906
vt 0.276546 0.555042
vt 0.278940 0.555029
vt 0.853550 0.028008
vt 0.872561 0.025614
vt 0.872561 0.028008
vt 0.891808 0.028008
vt 0.872561 0.030402
vt 0.632884 0.143634
vt 0.757559 0.141242
vt 0.632884 0.141239
vt 0.475514 0.143631
vt 0.632884 0.146028
vt 0.757559 0.143635
vt 0.757559 0.134060
vt 0.632884 0.131662
vt 0.632884 0.134057
vt 0.475514 0.134053
vt 0.632884 0.136451
vt 0.896852 0.134062
vt 0.870026 0.131668
vt 0.870026 0.134062
vt 0.843435 0.134061
vt 0.870026 0.136456
vt 0.896852 0.143638
vt 0.870026 0.141243
vt 0.870026 0.143637
vt 0.843435 0.143637
vt 0.870026 0.146031
vt 0.853550 0.037585
vt 0.872561 0.035191
vt 0.872561 0.037585
vt 0.891808 0.037585
vt 0.872561 0.039979
vt 0.746601 0.037585
vt 0.798402 0.035191
vt 0.798402 0.037585
vt 0.816706 0.037585
vt 0.798402 0.039979
vt 0.746601 0.047162
vt 0.798402 0.044768
vt 0.798402 0.047162
vt 0.816706 0.047162
vt 0.798402 0.049556
vt 0.746601 0.049556
vt 0.853550 0.018431
vt 0.872561 0.016037
vt 0.872561 0.018431
vt 0.891808 0.018431
vt 0.872561 0.020825
vt 0.746601 0.018431
vt 0.798402 0.016037
vt 0.798402 0.018431
vt 0.816706 0.018431
vt 0.798402 0.020825
vt 0.746601 0.028008
vt 0.798402 0.025614
vt 0.798402 0.028008
vt 0.816706 0.028008
vt 0.798402 0.030402
vt 0.746601 0.030402
vt 0.234961 0.920085
vt 0.216434 0.933926
vt 0.215446 0.931807
vt 0.233539 0.918231
vt 0.249492 0.903010
vt 0.251282 0.904513
vt 0.236384 0.921940
vt 0.240650 0.927504
vt 0.220383 0.942402
vt 0.219396 0.940283
vt 0.239228 0.925649
vt 0.256654 0.909023
vt 0.258444 0.910527
vt 0.242072 0.929359
vt 0.287243 0.711728
vt 0.281073 0.834301
vt 0.284890 0.711425
vt 0.278810 0.833645
vt 0.282536 0.711121
vt 0.286123 0.554990
vt 0.288517 0.554977
vt 0.070942 0.438818
vt 0.060474 0.385405
vt 0.062737 0.384750
vt 0.073015 0.437739
vt 0.085240 0.456088
vt 0.083449 0.457591
vt 0.068869 0.439898
vt 0.062649 0.443135
vt 0.051422 0.388026
vt 0.053684 0.387371
vt 0.064723 0.442056
vt 0.078077 0.462099
vt 0.076286 0.463602
vt 0.060576 0.444214
vt 0.138839 0.503527
vt 0.115323 0.493371
vt 0.139345 0.501245
vt 0.116311 0.491252
vt 0.139850 0.498964
vt 0.087526 0.430186
vt 0.078574 0.380164
vt 0.080837 0.379508
vt 0.089599 0.429107
vt 0.099567 0.444067
vt 0.097776 0.445570
vt 0.085453 0.431265
vt 0.079235 0.434502
vt 0.069525 0.382784
vt 0.071787 0.382129
vt 0.081308 0.433423
vt 0.092404 0.450078
vt 0.090613 0.451580
vt 0.077162 0.435581
vt 0.142886 0.485273
vt 0.123227 0.476421
vt 0.143391 0.482992
vt 0.124215 0.474302
vt 0.143897 0.480710
vt 0.223584 0.905247
vt 0.208535 0.916972
vt 0.207548 0.914853
vt 0.222162 0.903393
vt 0.235169 0.890983
vt 0.236959 0.892486
vt 0.225006 0.907102
vt 0.229273 0.912666
vt 0.212484 0.925449
vt 0.211497 0.923330
vt 0.227851 0.910812
vt 0.242330 0.896996
vt 0.244121 0.898499
vt 0.230695 0.914521
vt 0.268417 0.709299
vt 0.262971 0.829053
vt 0.266064 0.708995
vt 0.260709 0.828397
vt 0.263711 0.708692
vt 0.266969 0.555094
vt 0.269364 0.555081
vt 0.757558 0.153211
vt 0.632884 0.150816
vt 0.632884 0.153211
vt 0.475514 0.153210
vt 0.632884 0.155605
vt 0.896852 0.153213
vt 0.870026 0.150819
vt 0.870026 0.153213
vt 0.843435 0.153212
vt 0.870026 0.155606
vt 0.896852 0.162788
vt 0.870026 0.160394
vt 0.870026 0.162788
vt 0.843435 0.162788
vt 0.843435 0.165181
vt 0.870025 0.165182
vt 0.870026 0.158000
vt 0.896852 0.155607
vt 0.843435 0.158000
vt 0.843435 0.160394
vt 0.896852 0.158001
vt 0.951684 0.158002
vt 0.924150 0.155607
vt 0.924150 0.158001
vt 0.924150 0.160395
vt 0.951683 0.162789
vt 0.924150 0.162789
vt 0.896852 0.165182
vt 0.924150 0.165183
vt 0.896852 0.148425
vt 0.870026 0.148425
vt 0.843435 0.146031
vt 0.843435 0.148424
vt 0.896852 0.150819
vt 0.951684 0.148426
vt 0.924150 0.146032
vt 0.924150 0.148426
vt 0.924150 0.150820
vt 0.951684 0.150820
vt 0.951684 0.153214
vt 0.924150 0.153213
vt 0.757559 0.148423
vt 0.632884 0.148422
vt 0.475514 0.148421
vt 0.475514 0.150815
vt 0.816844 0.146030
vt 0.816844 0.148424
vt 0.816844 0.150818
vt 0.816844 0.153212
vt 0.816844 0.155606
vt 0.257578 0.882505
vt 0.255505 0.881425
vt 0.253433 0.880345
vt 0.265234 0.829709
vt 0.261724 0.884664
vt 0.247702 0.901506
vt 0.259651 0.883584
vt 0.245911 0.900003
vt 0.267496 0.830365
vt 0.270770 0.709602
vt 0.271758 0.555068
vt 0.274152 0.555055
vt 0.191329 0.929894
vt 0.190824 0.927612
vt 0.210510 0.921211
vt 0.191834 0.932176
vt 0.192339 0.934458
vt 0.213472 0.927568
vt 0.192845 0.936740
vt 0.232117 0.916376
vt 0.214459 0.929687
vt 0.189309 0.920766
vt 0.188804 0.918484
vt 0.206561 0.912734
vt 0.189814 0.923048
vt 0.190319 0.925330
vt 0.209523 0.919091
vt 0.226428 0.908957
vt 0.238750 0.893989
vt 0.240540 0.895493
vt 0.104033 0.467606
vt 0.105455 0.465752
vt 0.106878 0.463898
vt 0.122239 0.478539
vt 0.101187 0.471314
vt 0.087031 0.454585
vt 0.102610 0.469460
vt 0.088822 0.453083
vt 0.121251 0.480658
vt 0.142380 0.487555
vt 0.068738 0.262072
vt 0.065494 0.108159
vt 0.067887 0.108173
vt 0.071090 0.261769
vt 0.074050 0.381474
vt 0.066385 0.262375
vt 0.064032 0.262678
vt 0.060706 0.108132
vt 0.063100 0.108146
vt 0.067262 0.383439
vt 0.061679 0.262980
vt 0.075089 0.436660
vt 0.064999 0.384094
vt 0.078148 0.260861
vt 0.075065 0.108215
vt 0.077459 0.108229
vt 0.080500 0.260558
vt 0.083099 0.378853
vt 0.075795 0.261164
vt 0.073442 0.261467
vt 0.070279 0.108187
vt 0.072672 0.108201
vt 0.076312 0.380819
vt 0.083380 0.432344
vt 0.095985 0.447072
vt 0.094195 0.448575
vt 0.092650 0.482439
vt 0.094073 0.480585
vt 0.095496 0.478731
vt 0.114335 0.495490
vt 0.089805 0.486148
vt 0.072704 0.466607
vt 0.091228 0.484293
vt 0.074495 0.465105
vt 0.113347 0.497608
vt 0.112359 0.499727
vt 0.137827 0.508091
vt 0.138333 0.505809
vt 0.049911 0.264495
vt 0.046339 0.108048
vt 0.048732 0.108062
vt 0.052264 0.264192
vt 0.055947 0.386715
vt 0.047557 0.264797
vt 0.045204 0.265100
vt 0.041552 0.108021
vt 0.043945 0.108035
vt 0.049159 0.388681
vt 0.042852 0.265403
vt 0.058503 0.445293
vt 0.046896 0.389337
vt 0.056430 0.446373
vt 0.059325 0.263283
vt 0.055916 0.108104
vt 0.058311 0.108118
vt 0.056972 0.263586
vt 0.054618 0.263889
vt 0.051127 0.108076
vt 0.053521 0.108090
vt 0.058210 0.386060
vt 0.066796 0.440977
vt 0.081659 0.459094
vt 0.079868 0.460596
vt 0.274161 0.891144
vt 0.272088 0.890064
vt 0.270015 0.888984
vt 0.283336 0.834957
vt 0.278307 0.893304
vt 0.262025 0.913533
vt 0.276234 0.892224
vt 0.260235 0.912030
vt 0.285598 0.835614
vt 0.287861 0.836270
vt 0.291950 0.712336
vt 0.289596 0.712032
vt 0.290911 0.554964
vt 0.293305 0.554951
vt 0.195370 0.948150
vt 0.194865 0.945868
vt 0.218408 0.938164
vt 0.195875 0.950432
vt 0.196380 0.952714
vt 0.221370 0.944522
vt 0.196885 0.954996
vt 0.243495 0.931214
vt 0.222358 0.946641
vt 0.244917 0.933068
vt 0.193350 0.939022
vt 0.193855 0.941304
vt 0.237806 0.923795
vt 0.217421 0.936045
vt 0.253073 0.906016
vt 0.254863 0.907520
vt 0.746601 0.023220
vt 0.798402 0.023220
vt 0.816706 0.023220
vt 0.475514 0.023222
vt 0.627806 0.020827
vt 0.627806 0.023221
vt 0.627806 0.025615
vt 0.475514 0.028010
vt 0.627806 0.028009
vt 0.746601 0.025614
vt 0.627806 0.030403
vt 0.798402 0.013642
vt 0.746601 0.011249
vt 0.798402 0.011248
vt 0.816706 0.013642
vt 0.746601 0.013643
vt 0.627806 0.013645
vt 0.475514 0.011253
vt 0.627806 0.011251
vt 0.627806 0.016039
vt 0.475514 0.013647
vt 0.475514 0.018435
vt 0.627806 0.018433
vt 0.853550 0.013642
vt 0.872561 0.011248
vt 0.872561 0.013642
vt 0.891808 0.011248
vt 0.891808 0.013642
vt 0.835010 0.011248
vt 0.835010 0.013642
vt 0.853550 0.011248
vt 0.835010 0.016037
vt 0.816706 0.016037
vt 0.835010 0.018431
vt 0.853550 0.016037
vt 0.835010 0.020825
vt 0.746601 0.042373
vt 0.798402 0.042374
vt 0.816706 0.042374
vt 0.475514 0.042372
vt 0.627806 0.039979
vt 0.627806 0.042373
vt 0.746601 0.039979
vt 0.627806 0.044767
vt 0.475514 0.047160
vt 0.627806 0.047161
vt 0.627806 0.049555
vt 0.475514 0.049553
vt 0.746601 0.032797
vt 0.798402 0.032797
vt 0.816706 0.032797
vt 0.475514 0.032797
vt 0.627806 0.032797
vt 0.627806 0.035191
vt 0.475514 0.037585
vt 0.627806 0.037585
vt 0.853550 0.032796
vt 0.872561 0.032796
vt 0.891808 0.032796
vt 0.835010 0.030402
vt 0.835010 0.032796
vt 0.835010 0.035191
vt 0.835010 0.037585
vt 0.835010 0.039979
vt 0.896852 0.138850
vt 0.870026 0.138850
vt 0.843435 0.138849
vt 0.951684 0.138851
vt 0.924150 0.136457
vt 0.924150 0.138850
vt 0.896852 0.141244
vt 0.924150 0.141244
vt 0.951684 0.143639
vt 0.924150 0.143638
vt 0.896853 0.129275
vt 0.870026 0.126880
vt 0.870026 0.129274
vt 0.843435 0.126880
vt 0.843435 0.129274
vt 0.951684 0.129275
vt 0.924150 0.126881
vt 0.924150 0.129275
vt 0.896852 0.126881
vt 0.924150 0.131669
vt 0.951684 0.134063
vt 0.924150 0.134063
vt 0.632884 0.129268
vt 0.757559 0.126878
vt 0.632884 0.126874
vt 0.475514 0.129264
vt 0.475514 0.131658
vt 0.757559 0.129272
vt 0.816844 0.129273
vt 0.816845 0.126879
vt 0.816844 0.131667
vt 0.843435 0.131667
vt 0.816844 0.134061
vt 0.816844 0.136455
vt 0.757559 0.138848
vt 0.632884 0.138845
vt 0.475514 0.138842
vt 0.816844 0.138849
vt 0.816844 0.141242
vt 0.816844 0.143636
vt 0.853550 0.042374
vt 0.872561 0.042373
vt 0.891808 0.042373
vt 0.872561 0.044768
vt 0.835010 0.042374
vt 0.835010 0.044768
vt 0.835010 0.047162
vt 0.853550 0.047162
vt 0.853550 0.049556
vt 0.835010 0.049556
vt 0.853550 0.023220
vt 0.872561 0.023220
vt 0.891808 0.023220
vt 0.835010 0.023220
vt 0.835010 0.025614
vt 0.835010 0.028008
vt 0.853550 0.030402
vt 0.265869 0.886824
vt 0.263796 0.885744
vt 0.274284 0.832333
vt 0.267942 0.887904
vt 0.276547 0.832989
vt 0.280183 0.710817
vt 0.281334 0.555016
vt 0.283728 0.555003
vt 0.098342 0.475022
vt 0.099764 0.473168
vt 0.118287 0.487014
vt 0.096919 0.476877
vt 0.117299 0.489133
vt 0.140356 0.496682
vt 0.109724 0.460189
vt 0.111146 0.458335
vt 0.112569 0.456481
vt 0.127179 0.467946
vt 0.126191 0.470064
vt 0.108301 0.462043
vt 0.125203 0.472183
vt 0.144403 0.478428
vt 0.144909 0.476146
vt 0.249288 0.878185
vt 0.247215 0.877105
vt 0.245142 0.876025
vt 0.253922 0.826429
vt 0.256185 0.827085
vt 0.251360 0.879265
vt 0.258447 0.827741
vt 0.261358 0.708388
vt 0.259005 0.708084
vt 0.262181 0.555121
vt 0.264575 0.555108
vt 0.757558 0.157999
vt 0.632884 0.157999
vt 0.475514 0.157999
vt 0.816844 0.158000
vt 0.816844 0.160393
vt 0.816844 0.162787
vt 0.816844 0.165181
vt 0.256652 0.707781
vt 0.251660 0.825773
vt 0.254299 0.707477
vt 0.257393 0.555147
vt 0.259787 0.555134
vt 0.145415 0.473865
vt 0.128167 0.465827
vt 0.145921 0.471583
vt 0.872561 0.047162
vt 0.891808 0.047162
vt 0.891808 0.049556
vt 0.872561 0.049556
vt 0.194360 0.943586
vt 0.085178 0.555133
vt 0.164753 0.473563
vt 0.853555 0.064155
vt 0.853555 0.068943
vt 0.891808 0.068943
vt 0.891808 0.064155
vt 0.853555 0.083306
vt 0.891808 0.083306
vt 0.757536 0.112272
vt 0.757536 0.107483
vt 0.475514 0.107481
vt 0.475514 0.112268
vt 0.757536 0.121849
vt 0.757536 0.117060
vt 0.475514 0.117056
vt 0.475514 0.121843
vt 0.896843 0.121849
vt 0.896843 0.117060
vt 0.843417 0.117061
vt 0.843417 0.121849
vt 0.896843 0.112272
vt 0.843417 0.107484
vt 0.843417 0.112272
vt 0.853555 0.073731
vt 0.853555 0.078519
vt 0.891808 0.078519
vt 0.891808 0.073731
vt 0.746615 0.073731
vt 0.746615 0.078519
vt 0.816717 0.078519
vt 0.816717 0.073731
vt 0.746615 0.083307
vt 0.816717 0.088094
vt 0.816717 0.083306
vt 0.853555 0.059367
vt 0.891808 0.059367
vt 0.891808 0.054580
vt 0.746615 0.054579
vt 0.746615 0.059367
vt 0.816717 0.059367
vt 0.816717 0.054580
vt 0.746615 0.064155
vt 0.746615 0.068943
vt 0.816717 0.064155
vt 0.757536 0.097906
vt 0.475514 0.097906
vt 0.896843 0.102695
vt 0.896843 0.097906
vt 0.843417 0.097907
vt 0.896843 0.093118
vt 0.951684 0.097906
vt 0.951684 0.093117
vt 0.951684 0.088329
vt 0.951684 0.107483
vt 0.951684 0.102694
vt 0.169970 0.920458
vt 0.249650 0.108243
vt 0.258593 0.468110
vt 0.076129 0.914972
vt 0.475514 0.059365
vt 0.475514 0.064154
vt 0.475514 0.068942
vt 0.816717 0.049792
vt 0.475514 0.054576
vt 0.475514 0.078520
vt 0.475514 0.083309
vt 0.475514 0.073731
vt 0.951684 0.117060
vt 0.951684 0.112271
vt 0.951684 0.126637
vt 0.951684 0.121848
vt 0.475514 0.126630
vt 0.757536 0.093118
vt 0.475514 0.088329
vt 0.475514 0.093118
vt 0.757558 0.160393
vt 0.475514 0.160394
vt 0.475514 0.165183
vt 0.853550 0.025614
vt 0.891808 0.025614
vt 0.891808 0.030402
vt 0.475514 0.141237
vt 0.475514 0.146026
vt 0.757559 0.146029
vt 0.757559 0.131666
vt 0.475514 0.136448
vt 0.757559 0.136454
vt 0.896852 0.131668
vt 0.843435 0.136455
vt 0.896852 0.136456
vt 0.843435 0.141243
vt 0.896852 0.146031
vt 0.853550 0.035191
vt 0.891808 0.035191
vt 0.891808 0.039979
vt 0.853550 0.039979
vt 0.746601 0.035191
vt 0.816706 0.035191
vt 0.816706 0.039979
vt 0.746601 0.044768
vt 0.816706 0.044768
vt 0.816706 0.049556
vt 0.891808 0.016037
vt 0.891808 0.020825
vt 0.853550 0.020825
vt 0.746601 0.016037
vt 0.816706 0.020825
vt 0.746601 0.020826
vt 0.816706 0.025614
vt 0.816706 0.030402
vt 0.757559 0.150817
vt 0.475514 0.155604
vt 0.757558 0.155605
vt 0.843435 0.150818
vt 0.843435 0.155606
vt 0.896852 0.160394
vt 0.951684 0.155608
vt 0.951684 0.160395
vt 0.951683 0.165183
vt 0.951684 0.146032
vt 0.079852 0.108243
vt 0.070913 0.468110
vt 0.263816 0.915037
vt 0.475514 0.020828
vt 0.475514 0.025616
vt 0.475514 0.030403
vt 0.816706 0.011248
vt 0.475514 0.016041
vt 0.475514 0.039978
vt 0.475514 0.044766
vt 0.475514 0.035191
vt 0.951684 0.136457
vt 0.951684 0.141245
vt 0.951684 0.126882
vt 0.951684 0.131669
vt 0.475515 0.126869
vt 0.891808 0.044768
vt 0.853550 0.044768
vt 0.255000 0.555160
s 1
g off
g Marco_Material.001
usemtl Material.001
f 303/1/1 305/2/2 1/3/3
f 1/3/3 824/4/2 587/5/4
f 587/5/4 527/6/5 1/3/3
f 1/3/3 813/7/6 303/1/1
s 2
f 673/8/7 390/9/8 2/10/9
f 2/10/9 1048/11/8 312/12/10
f 312/12/10 531/13/11 2/10/9
f 2/10/9 816/14/12 673/8/7
f 300/15/8 302/16/8 3/17/8
f 3/17/8 958/18/8 257/19/8
f 257/19/8 271/20/8 3/17/8
f 3/17/8 827/21/8 300/15/8
s 1
f 387/22/2 671/23/2 4/24/2
f 4/24/2 822/25/2 583/26/2
f 583/26/2 346/27/2 4/24/2
f 4/24/2 890/28/2 387/22/2
s 3
f 384/29/13 669/30/14 5/31/13
f 669/30/14 535/32/13 5/31/13
f 535/32/13 347/33/15 5/31/13
f 347/33/15 384/29/13 5/31/13
f 666/34/13 299/35/16 6/36/17
f 299/35/16 531/37/18 6/36/17
f 6/36/17 1026/38/19 348/39/20
f 348/39/20 666/34/13 6/36/17
s 4
f 296/40/21 298/41/22 7/42/21
f 298/41/22 537/43/21 7/42/21
f 537/43/21 582/44/23 7/42/21
f 582/44/23 296/40/21 7/42/21
f 663/45/21 383/46/22 8/47/21
f 383/46/22 323/48/21 8/47/21
f 323/48/21 568/49/23 8/47/21
f 568/49/23 663/45/21 8/47/21
f 660/50/24 381/51/25 9/52/24
f 381/51/25 551/53/24 9/52/24
f 551/53/24 273/54/26 9/52/24
f 273/54/26 660/50/24 9/52/24
f 658/55/24 380/56/25 10/57/24
f 380/56/25 322/58/24 10/57/24
f 322/58/24 596/59/26 10/57/24
f 596/59/26 658/55/24 10/57/24
s 3
f 655/60/13 657/61/14 11/62/13
f 657/61/14 553/63/13 11/62/13
f 553/63/13 578/64/15 11/62/13
f 578/64/15 655/60/13 11/62/13
f 651/65/27 654/66/28 12/67/27
f 654/66/28 324/68/27 12/67/27
f 324/68/27 351/69/29 12/67/27
f 351/69/29 651/65/27 12/67/27
f 377/70/27 650/71/30 13/72/31
f 13/72/31 826/73/32 260/74/33
f 260/74/33 598/75/34 13/72/31
f 598/75/34 377/70/27 13/72/31
f 646/76/13 648/77/14 14/78/13
f 648/77/14 327/79/13 14/78/13
f 327/79/13 339/80/15 14/78/13
f 339/80/15 646/76/13 14/78/13
f 292/81/27 645/82/28 15/83/27
f 645/82/28 554/84/27 15/83/27
f 554/84/27 274/85/29 15/83/27
f 274/85/29 292/81/27 15/83/27
f 640/86/27 643/87/28 16/88/27
f 643/87/28 320/89/27 16/88/27
f 320/89/27 353/90/29 16/88/27
f 353/90/29 640/86/27 16/88/27
s 1
f 17/91/2 846/92/2 639/93/2
f 639/93/2 557/94/2 17/91/2
f 17/91/2 807/95/2 270/96/2
f 270/96/2 290/97/2 17/91/2
f 18/98/2 920/99/2 376/100/2
f 376/100/2 558/101/2 18/98/2
f 18/98/2 810/102/2 275/103/2
f 275/103/2 635/104/2 18/98/2
f 289/105/2 634/106/2 19/107/2
f 19/107/2 878/108/2 335/109/2
f 335/109/2 601/110/2 19/107/2
f 19/107/2 832/111/2 289/105/2
s 2
f 20/112/8 844/113/8 288/114/8
f 288/114/8 265/115/8 20/112/8
f 20/112/8 806/116/8 269/117/8
f 269/117/8 287/118/8 20/112/8
f 626/119/8 629/120/8 21/121/8
f 21/121/8 1063/122/8 545/123/8
f 545/123/8 603/124/8 21/121/8
f 21/121/8 906/125/8 626/119/8
f 22/126/35 842/127/8 625/128/8
f 625/128/8 561/129/36 22/126/35
f 22/126/35 805/130/37 260/131/38
f 260/131/38 285/132/39 22/126/35
f 23/133/8 841/134/8 623/135/8
f 623/135/8 330/136/8 23/133/8
f 23/133/8 875/137/8 605/138/8
f 605/138/8 282/139/8 23/133/8
f 280/140/8 622/141/8 24/142/8
f 24/142/8 1062/143/8 544/144/8
f 544/144/8 276/145/8 24/142/8
f 24/142/8 835/146/8 280/140/8
s 1
f 25/147/40 918/148/2 620/149/2
f 620/149/2 564/150/41 25/147/40
f 25/147/40 868/151/42 317/152/43
f 317/152/43 369/153/44 25/147/40
f 26/154/2 917/155/2 619/156/2
f 619/156/2 565/157/2 26/154/2
f 26/154/2 876/158/2 358/159/2
f 358/159/2 367/160/2 26/154/2
f 364/161/2 366/162/2 27/163/2
f 27/163/2 881/164/2 572/165/2
f 572/165/2 607/166/2 27/163/2
f 27/163/2 910/167/2 364/161/2
s 4
f 28/168/21 915/169/22 363/170/22
f 363/170/22 332/171/21 28/168/21
f 332/171/21 571/172/23 28/168/21
f 571/172/23 615/173/21 28/168/21
f 612/174/24 279/175/25 29/176/24
f 279/175/25 266/177/24 29/176/24
f 266/177/24 609/178/26 29/176/24
f 609/178/26 612/174/24 29/176/24
f 266/177/24 611/179/25 30/180/24
f 611/179/25 360/181/24 30/180/24
f 30/180/24 913/182/26 567/183/26
f 567/183/26 266/177/24 30/180/24
f 278/184/45 262/185/46 31/186/45
f 262/185/46 610/187/45 31/186/45
f 610/187/45 611/179/25 31/186/45
f 611/179/25 278/184/45 31/186/45
f 610/187/45 594/188/47 32/189/48
f 594/188/47 340/190/49 32/189/48
f 32/189/48 884/191/50 361/192/51
f 361/192/51 610/187/45 32/189/48
f 33/193/24 892/194/25 614/195/25
f 614/195/25 612/174/24 33/193/24
f 33/193/24 912/196/26 333/197/26
f 333/197/26 322/58/24 33/193/24
f 593/198/45 539/199/46 34/200/45
f 539/199/46 613/201/45 34/200/45
f 613/201/45 614/195/25 34/200/45
f 614/195/25 593/198/45 34/200/45
f 613/201/45 581/202/46 35/203/45
f 581/202/46 278/184/45 35/203/45
f 278/184/45 279/175/25 35/203/45
f 279/175/25 613/201/45 35/203/45
f 537/43/21 616/204/22 36/205/21
f 616/204/22 615/173/21 36/205/21
f 36/205/21 815/206/23 529/207/23
f 529/207/23 537/43/21 36/205/21
f 579/208/52 333/197/26 37/209/52
f 333/197/26 362/210/52 37/209/52
f 362/210/52 616/204/22 37/209/52
f 616/204/22 579/208/52 37/209/52
f 362/210/52 609/178/26 38/211/52
f 609/178/26 608/212/52 38/211/52
f 608/212/52 363/170/22 38/211/52
f 363/170/22 362/210/52 38/211/52
s 1
f 565/157/2 617/213/2 39/214/2
f 39/214/2 916/215/2 364/161/2
f 364/161/2 331/216/2 39/214/2
f 39/214/2 876/158/2 565/157/2
f 277/217/2 548/218/2 40/219/2
f 40/219/2 890/28/2 365/220/2
f 365/220/2 617/213/2 40/219/2
f 40/219/2 837/221/2 277/217/2
f 41/222/2 1064/223/2 368/224/2
f 368/224/2 367/160/2 41/222/2
f 41/222/2 909/225/2 566/226/2
f 566/226/2 546/227/2 41/222/2
f 42/228/2 1027/229/2 534/230/2
f 534/230/2 618/231/2 42/228/2
f 42/228/2 917/155/2 368/224/2
f 368/224/2 345/232/2 42/228/2
f 43/233/2 818/234/2 270/96/2
f 270/96/2 277/217/2 43/233/2
f 43/233/2 837/221/2 619/156/2
f 619/156/2 618/231/2 43/233/2
f 44/235/53 1049/236/2 371/237/2
f 371/237/2 369/153/44 44/235/53
f 44/235/53 886/238/54 586/239/55
f 586/239/55 533/240/56 44/235/53
f 45/241/2 945/242/2 566/226/2
f 566/226/2 370/243/2 45/241/2
f 45/241/2 918/148/2 371/237/2
f 371/237/2 576/244/2 45/241/2
f 46/245/2 909/225/2 358/159/2
f 358/159/2 606/246/2 46/245/2
f 46/245/2 836/247/2 620/149/2
f 620/149/2 370/243/2 46/245/2
s 2
f 330/136/8 621/248/8 47/249/8
f 47/249/8 840/250/8 280/140/8
f 280/140/8 563/251/8 47/249/8
f 47/249/8 875/137/8 330/136/8
f 604/252/8 261/253/8 48/254/8
f 48/254/8 827/21/8 281/255/8
f 281/255/8 621/248/8 48/254/8
f 48/254/8 908/256/8 604/252/8
f 281/255/8 271/20/8 49/257/8
f 49/257/8 931/258/8 590/259/8
f 590/259/8 622/141/8 49/257/8
f 49/257/8 840/250/8 281/255/8
f 50/260/8 823/261/8 284/262/8
f 284/262/8 282/139/8 50/260/8
f 50/260/8 834/263/8 562/264/8
f 562/264/8 542/265/8 50/260/8
f 51/266/8 862/267/8 532/268/8
f 532/268/8 283/269/8 51/266/8
f 51/266/8 841/134/8 284/262/8
f 284/262/8 584/270/8 51/266/8
f 52/271/8 817/272/8 269/117/8
f 269/117/8 604/252/8 52/271/8
f 52/271/8 908/256/8 623/135/8
f 623/135/8 283/269/8 52/271/8
f 53/273/57 879/274/8 624/275/8
f 624/275/8 285/132/39 53/273/57
f 53/273/57 826/276/58 589/277/59
f 589/277/59 308/278/60 53/273/57
f 54/279/8 866/280/8 562/264/8
f 562/264/8 286/281/8 54/279/8
f 54/279/8 842/127/8 624/275/8
f 624/275/8 336/282/8 54/279/8
f 55/283/8 834/263/8 605/138/8
f 605/138/8 357/284/8 55/283/8
f 55/283/8 907/285/8 625/128/8
f 625/128/8 286/281/8 55/283/8
f 328/286/8 628/287/8 56/288/8
f 56/288/8 843/289/8 626/119/8
f 626/119/8 329/290/8 56/288/8
f 56/288/8 874/291/8 328/286/8
f 355/292/61 315/293/62 57/294/63
f 57/294/63 884/295/64 627/296/65
f 627/296/65 628/287/8 57/294/63
f 57/294/63 904/297/8 355/292/61
f 627/296/65 340/298/66 58/299/67
f 58/299/67 1022/300/68 344/301/69
f 344/301/69 629/120/8 58/299/67
f 58/299/67 843/289/8 627/296/65
f 59/302/8 889/303/8 374/304/8
f 374/304/8 372/305/8 59/302/8
f 59/302/8 905/306/8 560/307/8
f 560/307/8 543/308/8 59/302/8
f 60/309/8 882/310/8 631/311/8
f 631/311/8 287/118/8 60/309/8
f 60/309/8 817/272/8 532/268/8
f 532/268/8 311/312/8 60/309/8
f 61/313/8 803/314/8 560/307/8
f 560/307/8 630/315/8 61/313/8
f 61/313/8 844/113/8 631/311/8
f 631/311/8 573/316/8 61/313/8
f 62/317/8 905/306/8 356/318/8
f 356/318/8 602/319/8 62/317/8
f 62/317/8 833/320/8 288/114/8
f 288/114/8 630/315/8 62/317/8
s 1
f 558/101/2 633/321/2 63/322/2
f 63/322/2 845/323/2 289/105/2
f 289/105/2 264/324/2 63/322/2
f 63/322/2 810/102/2 558/101/2
f 354/325/70 318/326/71 64/327/72
f 64/327/72 887/328/73 632/329/74
f 632/329/74 633/321/2 64/327/72
f 64/327/72 903/330/2 354/325/70
f 632/329/74 341/331/75 65/332/76
f 65/332/76 858/333/77 307/334/78
f 307/334/78 634/106/2 65/332/76
f 65/332/76 845/323/2 632/329/74
f 66/335/2 969/336/2 637/337/2
f 637/337/2 635/104/2 66/335/2
f 66/335/2 831/338/2 559/339/2
f 559/339/2 547/340/2 66/335/2
f 67/341/79 1021/342/80 528/343/81
f 528/343/81 636/344/82 67/341/79
f 67/341/79 920/99/2 637/337/2
f 637/337/2 591/345/83 67/341/79
f 68/346/84 814/347/85 570/348/86
f 570/348/86 354/325/70 68/346/84
f 68/346/84 903/330/2 376/100/2
f 376/100/2 636/344/82 68/346/84
f 69/349/2 1050/350/2 638/351/2
f 638/351/2 290/97/2 69/349/2
f 69/349/2 818/234/2 534/230/2
f 534/230/2 313/352/2 69/349/2
f 70/353/2 1032/354/2 559/339/2
f 559/339/2 291/355/2 70/353/2
f 70/353/2 846/92/2 638/351/2
f 638/351/2 338/356/2 70/353/2
f 71/357/2 831/338/2 275/103/2
f 275/103/2 600/358/2 71/357/2
f 71/357/2 902/359/2 639/93/2
f 639/93/2 291/355/2 71/357/2
s 3
f 554/84/27 642/360/28 72/361/27
f 642/360/28 640/86/27 72/361/27
f 640/86/27 556/362/29 72/361/27
f 556/362/29 554/84/27 72/361/27
f 352/363/87 316/364/88 73/365/87
f 316/364/88 641/366/87 73/365/87
f 641/366/87 642/360/28 73/365/87
f 642/360/28 352/363/87 73/365/87
f 641/366/87 585/367/88 74/368/87
f 585/367/88 592/369/87 74/368/87
f 592/369/87 643/87/28 74/368/87
f 643/87/28 641/366/87 74/368/87
f 75/370/89 813/371/90 293/372/91
f 293/372/91 292/81/27 75/370/89
f 292/81/27 555/373/92 75/370/89
f 555/373/92 569/374/93 75/370/89
f 76/375/94 856/376/95 309/377/96
f 309/377/96 644/378/87 76/375/94
f 644/378/87 293/372/91 76/375/94
f 293/372/91 527/379/97 76/375/94
f 644/378/87 337/380/88 77/381/87
f 337/380/88 352/363/87 77/381/87
f 352/363/87 645/82/28 77/381/87
f 645/82/28 644/378/87 77/381/87
f 586/382/98 647/383/99 78/384/100
f 647/383/99 646/76/13 78/384/100
f 646/76/13 536/385/101 78/384/100
f 78/384/100 930/386/102 586/382/98
f 317/387/103 555/373/92 79/388/104
f 555/373/92 294/389/105 79/388/104
f 294/389/105 647/383/99 79/388/104
f 79/388/104 886/390/106 317/387/103
f 294/389/105 274/85/29 80/391/105
f 274/85/29 599/392/105 80/391/105
f 599/392/105 648/77/14 80/391/105
f 80/391/105 849/393/14 294/389/105
f 597/394/87 259/395/88 81/396/87
f 259/395/88 649/397/87 81/396/87
f 649/397/87 378/398/28 81/396/87
f 378/398/28 597/394/87 81/396/87
f 649/397/87 588/399/107 82/400/108
f 82/400/108 857/401/109 589/402/110
f 589/402/110 650/71/30 82/400/108
f 650/71/30 649/397/87 82/400/108
f 320/89/27 653/403/28 83/404/27
f 653/403/28 651/65/27 83/404/27
f 651/65/27 325/405/29 83/404/27
f 83/404/27 871/406/29 320/89/27
f 592/369/87 530/407/88 84/408/87
f 530/407/88 652/409/87 84/408/87
f 652/409/87 653/403/28 84/408/87
f 653/403/28 592/369/87 84/408/87
f 652/409/87 574/410/88 85/411/87
f 574/410/88 597/394/87 85/411/87
f 597/394/87 654/66/28 85/411/87
f 654/66/28 652/409/87 85/411/87
f 535/32/13 295/412/14 86/413/13
f 295/412/14 655/60/13 86/413/13
f 655/60/13 314/414/15 86/413/13
f 314/414/15 535/32/13 86/413/13
f 577/415/105 325/405/29 87/416/105
f 325/405/29 656/417/105 87/416/105
f 656/417/105 295/412/14 87/416/105
f 295/412/14 577/415/105 87/416/105
f 656/417/105 351/69/29 88/418/105
f 351/69/29 350/419/105 88/418/105
f 350/419/105 657/61/14 88/418/105
f 657/61/14 656/417/105 88/418/105
s 4
f 551/53/24 379/420/25 89/421/24
f 379/420/25 658/55/24 89/421/24
f 658/55/24 263/422/26 89/421/24
f 263/422/26 551/53/24 89/421/24
f 349/423/45 550/424/46 90/425/45
f 550/424/46 659/426/45 90/425/45
f 659/426/45 379/420/25 90/425/45
f 379/420/25 349/423/45 90/425/45
f 659/426/45 272/427/46 91/428/45
f 272/427/46 593/198/45 91/428/45
f 593/198/45 380/56/25 91/428/45
f 380/56/25 659/426/45 91/428/45
f 570/429/111 662/430/112 92/431/113
f 662/430/112 660/50/24 92/431/113
f 660/50/24 552/432/114 92/431/113
f 92/431/113 869/433/115 570/429/111
f 528/434/116 538/435/117 93/436/118
f 538/435/117 661/437/45 93/436/118
f 661/437/45 662/430/112 93/436/118
f 93/436/118 814/438/119 528/434/116
f 661/437/45 580/439/46 94/440/45
f 580/439/46 349/423/45 94/440/45
f 349/423/45 381/51/25 94/440/45
f 381/51/25 661/437/45 94/440/45
f 95/441/120 887/442/121 382/443/122
f 382/443/122 663/45/21 95/441/120
f 663/45/21 526/444/123 95/441/120
f 526/444/123 341/445/124 95/441/120
f 96/446/125 869/433/115 552/432/114
f 552/432/114 664/447/52 96/446/125
f 664/447/52 382/443/122 96/446/125
f 382/443/122 318/448/126 96/446/125
f 664/447/52 273/54/26 97/449/52
f 273/54/26 595/450/52 97/449/52
f 595/450/52 383/46/22 97/449/52
f 383/46/22 664/447/52 97/449/52
f 323/48/21 665/451/22 98/452/21
f 665/451/22 296/40/21 98/452/21
f 296/40/21 540/453/23 98/452/21
f 540/453/23 323/48/21 98/452/21
f 595/450/52 263/422/26 99/454/52
f 263/422/26 297/455/52 99/454/52
f 297/455/52 665/451/22 99/454/52
f 665/451/22 595/450/52 99/454/52
f 297/455/52 596/59/26 100/456/52
f 596/59/26 579/208/52 100/456/52
f 579/208/52 298/41/22 100/456/52
f 298/41/22 297/455/52 100/456/52
s 3
f 553/63/13 668/457/14 101/458/13
f 668/457/14 666/34/13 101/458/13
f 666/34/13 549/459/15 101/458/13
f 549/459/15 553/63/13 101/458/13
f 350/419/105 326/460/29 102/461/105
f 326/460/29 667/462/105 102/461/105
f 667/462/105 668/457/14 102/461/105
f 668/457/14 350/419/105 102/461/105
f 667/462/105 598/75/34 103/463/127
f 598/75/34 267/464/128 103/463/127
f 103/463/127 816/465/129 299/35/16
f 299/35/16 667/462/105 103/463/127
f 599/392/105 556/362/29 104/466/105
f 556/362/29 385/467/105 104/466/105
f 385/467/105 386/468/14 104/466/105
f 386/468/14 599/392/105 104/466/105
f 385/467/105 353/90/29 105/469/105
f 353/90/29 577/415/105 105/469/105
f 577/415/105 669/30/14 105/469/105
f 669/30/14 385/467/105 105/469/105
s 1
f 557/94/2 388/470/2 106/471/2
f 106/471/2 926/472/2 387/22/2
f 387/22/2 548/218/2 106/471/2
f 106/471/2 807/95/2 557/94/2
f 600/358/2 264/324/2 107/473/2
f 107/473/2 832/111/2 670/474/2
f 670/474/2 388/470/2 107/473/2
f 107/473/2 902/359/2 600/358/2
f 670/474/2 601/110/2 108/475/2
f 108/475/2 865/476/2 541/477/2
f 541/477/2 671/23/2 108/475/2
f 108/475/2 926/472/2 670/474/2
s 2
f 265/115/8 301/478/8 109/479/8
f 109/479/8 854/480/8 300/15/8
f 300/15/8 261/253/8 109/479/8
f 109/479/8 806/116/8 265/115/8
f 602/319/8 329/290/8 110/481/8
f 110/481/8 906/125/8 672/482/8
f 672/482/8 301/478/8 110/481/8
f 110/481/8 833/320/8 602/319/8
f 672/482/8 603/124/8 111/483/8
f 111/483/8 943/484/8 268/485/8
f 268/485/8 302/16/8 111/483/8
f 111/483/8 854/480/8 672/482/8
f 561/129/36 389/486/8 112/487/130
f 112/487/130 927/488/8 673/8/7
f 673/8/7 267/489/131 112/487/130
f 112/487/130 805/130/37 561/129/36
f 357/284/8 563/251/8 113/490/8
f 113/490/8 835/146/8 674/491/8
f 674/491/8 389/486/8 113/490/8
f 113/490/8 907/285/8 357/284/8
f 674/491/8 276/145/8 114/492/8
f 114/492/8 942/493/8 575/494/8
f 575/494/8 390/9/8 114/492/8
f 114/492/8 927/488/8 674/491/8
s 1
f 564/150/41 304/495/2 115/496/132
f 115/496/132 855/497/2 303/1/1
f 303/1/1 569/498/133 115/496/132
f 115/496/132 868/151/42 564/150/41
f 606/246/2 331/216/2 116/499/2
f 116/499/2 910/167/2 675/500/2
f 675/500/2 304/495/2 116/499/2
f 116/499/2 836/247/2 606/246/2
f 675/500/2 607/166/2 117/501/2
f 117/501/2 802/502/2 258/503/2
f 258/503/2 305/2/2 117/501/2
f 117/501/2 855/497/2 675/500/2
s 4
f 608/212/52 567/183/26 118/504/52
f 567/183/26 392/505/52 118/504/52
f 392/505/52 393/506/22 118/504/52
f 393/506/22 608/212/52 118/504/52
f 391/507/21 394/508/134 119/509/135
f 119/509/135 877/510/136 306/511/137
f 306/511/137 342/512/138 119/509/135
f 342/512/138 391/507/21 119/509/135
s 2
f 120/513/8 919/514/8 375/515/8
f 375/515/8 328/286/8 120/513/8
f 120/513/8 874/291/8 356/318/8
f 356/318/8 372/305/8 120/513/8
s 4
f 360/181/24 361/192/51 121/516/139
f 361/192/51 315/517/140 121/516/139
f 121/516/139 863/518/141 359/519/142
f 359/519/142 360/181/24 121/516/139
s 1
f 365/220/2 346/27/2 122/520/2
f 122/520/2 861/521/2 310/522/2
f 310/522/2 366/162/2 122/520/2
f 122/520/2 916/215/2 365/220/2
s 2
f 123/523/143 859/524/144 306/525/145
f 306/525/145 373/526/146 123/523/143
f 123/523/143 919/514/8 374/304/8
f 374/304/8 343/527/147 123/523/143
f 124/528/148 877/529/149 334/530/150
f 334/530/150 355/292/61 124/528/148
f 124/528/148 904/297/8 375/515/8
f 375/515/8 373/526/146 124/528/148
s 3
f 324/68/27 378/398/28 125/531/27
f 378/398/28 377/70/27 125/531/27
f 377/70/27 326/460/29 125/531/27
f 326/460/29 324/68/27 125/531/27
f 327/79/13 386/468/14 126/532/13
f 386/468/14 384/29/13 126/532/13
f 384/29/13 321/533/15 126/532/13
f 321/533/15 327/79/13 126/532/13
s 4
f 332/171/21 393/506/22 127/534/21
f 393/506/22 391/507/21 127/534/21
f 391/507/21 319/535/23 127/534/21
f 319/535/23 332/171/21 127/534/21
f 392/505/52 359/519/142 128/536/151
f 128/536/151 863/518/141 334/537/152
f 334/537/152 394/508/134 128/536/151
f 394/508/134 392/505/52 128/536/151
f 800/538/153 481/539/154 129/540/155
f 481/539/154 718/541/156 129/540/155
f 718/541/156 482/542/157 129/540/155
f 129/540/155 1039/543/158 800/538/153
s 2
f 480/544/8 477/545/8 130/546/8
f 130/546/8 968/547/8 419/548/8
f 419/548/8 257/19/8 130/546/8
f 130/546/8 958/18/8 480/544/8
s 1
f 520/549/2 792/550/2 131/551/2
f 131/551/2 970/552/2 721/553/2
f 721/553/2 500/554/2 131/551/2
f 131/551/2 1056/555/2 520/549/2
s 3
f 476/556/159 791/557/160 132/558/160
f 791/557/160 347/559/15 132/558/160
f 347/559/15 680/560/160 132/558/160
f 680/560/160 476/556/159 132/558/160
s 4
f 133/561/154 1013/562/161 471/563/154
f 471/563/154 418/564/162 133/561/154
f 418/564/162 681/565/154 133/561/154
f 681/565/154 789/566/161 133/561/154
f 470/567/161 788/568/154 134/569/154
f 788/568/154 707/570/162 134/569/154
f 707/570/162 401/571/154 134/569/154
f 401/571/154 470/567/161 134/569/154
f 467/572/163 465/573/164 135/574/164
f 465/573/164 421/575/165 135/574/164
f 421/575/165 402/576/164 135/574/164
f 402/576/164 467/572/163 135/574/164
f 786/577/163 462/578/164 136/579/164
f 462/578/164 422/580/165 136/579/164
f 422/580/165 690/581/164 136/579/164
f 690/581/164 786/577/163 136/579/164
s 3
f 516/582/159 515/583/160 137/584/160
f 515/583/160 578/585/15 137/584/160
f 578/585/15 692/586/160 137/584/160
f 692/586/160 516/582/159 137/584/160
f 783/587/166 781/588/167 138/589/167
f 781/588/167 424/590/168 138/589/167
f 424/590/168 404/591/167 138/589/167
f 404/591/167 783/587/166 138/589/167
f 780/592/169 778/593/167 139/594/170
f 778/593/167 425/595/171 139/594/170
f 425/595/171 399/596/172 139/594/170
f 139/594/170 967/597/173 780/592/169
f 461/598/159 775/599/160 140/600/160
f 775/599/160 339/601/15 140/600/160
f 339/601/15 693/602/160 140/600/160
f 693/602/160 461/598/159 140/600/160
f 460/603/166 772/604/167 141/605/167
f 772/604/167 506/606/168 141/605/167
f 506/606/168 694/607/167 141/605/167
f 694/607/167 460/603/166 141/605/167
f 771/608/166 458/609/167 142/610/167
f 458/609/167 427/611/168 142/610/167
f 427/611/168 689/612/167 142/610/167
f 142/610/167 1065/613/166 771/608/166
s 1
f 143/614/2 1081/615/2 768/616/2
f 768/616/2 714/617/2 143/614/2
f 143/614/2 1033/618/2 696/619/2
f 696/619/2 769/620/2 143/614/2
f 144/621/2 1006/622/2 765/623/2
f 765/623/2 508/624/2 144/621/2
f 144/621/2 1037/625/2 494/626/2
f 494/626/2 767/627/2 144/621/2
f 764/628/2 455/629/2 145/630/2
f 145/630/2 984/631/2 428/632/2
f 428/632/2 708/633/2 145/630/2
f 145/630/2 1041/634/2 764/628/2
s 2
f 146/635/8 1004/636/8 452/637/8
f 452/637/8 416/638/8 146/635/8
f 146/635/8 944/639/8 407/640/8
f 407/640/8 454/641/8 146/635/8
f 147/642/8 1003/643/8 449/644/8
f 449/644/8 728/645/8 147/642/8
f 147/642/8 1038/646/8 698/647/8
f 698/647/8 451/648/8 147/642/8
f 760/649/8 447/650/8 148/651/8
f 148/651/8 988/652/8 430/653/8
f 430/653/8 545/123/8 148/651/8
f 148/651/8 1063/122/8 760/649/8
f 149/654/174 1001/655/8 445/656/175
f 445/656/175 399/657/176 149/654/174
f 149/654/174 941/658/177 700/659/178
f 700/659/178 758/660/8 149/654/174
f 150/661/8 1000/662/8 754/663/8
f 754/663/8 731/664/8 150/661/8
f 150/661/8 952/665/8 701/666/8
f 701/666/8 756/667/8 150/661/8
f 753/668/8 442/669/8 151/670/8
f 151/670/8 989/671/8 431/672/8
f 431/672/8 544/144/8 151/670/8
f 151/670/8 1062/143/8 753/668/8
s 1
f 152/673/179 998/674/2 750/675/180
f 750/675/180 492/676/181 152/673/179
f 152/673/179 1030/677/182 702/678/183
f 702/678/183 441/679/2 152/673/179
f 153/680/2 1080/681/2 747/682/2
f 747/682/2 433/683/2 153/680/2
f 153/680/2 953/684/2 410/685/2
f 410/685/2 749/686/2 153/680/2
f 509/687/2 744/688/2 154/689/2
f 154/689/2 993/690/2 434/691/2
f 434/691/2 711/692/2 154/689/2
f 154/689/2 1045/693/2 509/687/2
s 4
f 743/694/161 439/695/154 155/696/154
f 439/695/154 414/697/162 155/696/154
f 414/697/162 703/698/154 155/696/154
f 703/698/154 743/694/161 155/696/154
f 438/699/163 738/700/164 156/701/164
f 738/700/164 734/702/165 156/701/164
f 734/702/165 413/703/164 156/701/164
f 413/703/164 438/699/163 156/701/164
f 737/704/184 736/705/164 157/706/185
f 736/705/164 735/707/186 157/706/185
f 157/706/185 933/708/187 682/709/188
f 682/709/188 737/704/184 157/706/185
f 158/710/164 994/711/163 413/703/164
f 413/703/164 705/712/165 158/710/164
f 158/710/164 1078/713/165 736/705/164
f 736/705/164 437/714/163 158/710/164
f 262/715/46 435/716/189 159/717/189
f 435/716/189 437/714/163 159/717/189
f 437/714/163 436/718/189 159/717/189
f 436/718/189 262/715/46 159/717/189
f 594/719/47 436/718/189 160/720/190
f 436/718/189 737/704/184 160/720/190
f 160/720/190 1055/721/191 499/722/192
f 499/722/192 594/719/47 160/720/190
f 740/723/163 690/581/164 161/724/164
f 161/724/164 948/725/165 704/726/165
f 704/726/165 738/700/164 161/724/164
f 161/724/164 996/727/163 740/723/163
f 539/728/46 722/729/189 162/730/189
f 722/729/189 740/723/163 162/730/189
f 740/723/163 739/731/189 162/730/189
f 162/730/189 1054/732/46 539/728/46
f 581/733/46 739/731/189 163/734/189
f 739/731/189 438/699/163 163/734/189
f 438/699/163 435/716/189 163/734/189
f 435/716/189 581/733/46 163/734/189
f 742/735/161 681/565/154 164/736/154
f 681/565/154 395/737/162 164/736/154
f 164/736/154 956/738/162 439/695/154
f 439/695/154 742/735/161 164/736/154
f 704/726/165 715/739/193 165/740/193
f 715/739/193 742/735/161 165/740/193
f 742/735/161 741/741/193 165/740/193
f 741/741/193 704/726/165 165/740/193
f 734/702/165 741/741/193 166/742/193
f 741/741/193 743/694/161 166/742/193
f 743/694/161 733/743/193 166/742/193
f 733/743/193 734/702/165 166/742/193
s 1
f 746/744/2 410/685/2 167/745/2
f 167/745/2 953/684/2 412/746/2
f 412/746/2 744/688/2 167/745/2
f 167/745/2 1079/747/2 746/744/2
f 688/748/2 732/749/2 168/750/2
f 168/750/2 991/751/2 746/744/2
f 746/744/2 745/752/2 168/750/2
f 168/750/2 970/552/2 688/748/2
f 721/553/2 745/752/2 169/753/2
f 169/753/2 1079/747/2 509/687/2
f 509/687/2 488/754/2 169/753/2
f 169/753/2 1023/755/2 721/553/2
f 170/756/2 1064/223/2 546/227/2
f 546/227/2 411/757/2 170/756/2
f 170/756/2 992/758/2 747/682/2
f 747/682/2 510/759/2 170/756/2
f 171/760/2 1027/229/2 345/232/2
f 345/232/2 510/759/2 171/760/2
f 171/760/2 1080/681/2 748/761/2
f 748/761/2 679/762/2 171/760/2
f 172/763/2 960/764/2 748/761/2
f 748/761/2 749/686/2 172/763/2
f 172/763/2 991/751/2 732/749/2
f 732/749/2 714/617/2 172/763/2
f 173/765/194 1049/236/2 533/240/56
f 533/240/56 716/766/195 173/765/194
f 173/765/194 1059/767/196 750/675/180
f 750/675/180 751/768/2 173/765/194
f 174/769/2 945/242/2 576/244/2
f 576/244/2 751/768/2 174/769/2
f 174/769/2 998/674/2 440/770/2
f 440/770/2 411/757/2 174/769/2
f 175/771/2 992/758/2 440/770/2
f 440/770/2 441/679/2 175/771/2
f 175/771/2 990/772/2 432/773/2
f 432/773/2 433/683/2 175/771/2
s 2
f 752/774/8 701/666/8 176/775/8
f 176/775/8 952/665/8 409/776/8
f 409/776/8 442/669/8 176/775/8
f 176/775/8 999/777/8 752/774/8
f 400/778/8 730/779/8 177/780/8
f 177/780/8 1074/781/8 752/774/8
f 752/774/8 443/782/8 177/780/8
f 177/780/8 968/547/8 400/778/8
f 419/548/8 443/782/8 178/783/8
f 178/783/8 999/777/8 753/668/8
f 753/668/8 590/259/8 178/783/8
f 178/783/8 931/258/8 419/548/8
f 179/784/8 1057/785/8 491/786/8
f 491/786/8 496/787/8 179/784/8
f 179/784/8 1075/788/8 754/663/8
f 754/663/8 755/789/8 179/784/8
f 180/790/8 1024/791/8 501/792/8
f 501/792/8 755/789/8 180/790/8
f 180/790/8 1000/662/8 444/793/8
f 444/793/8 678/794/8 180/790/8
f 181/795/8 959/796/8 444/793/8
f 444/793/8 756/667/8 181/795/8
f 181/795/8 1074/781/8 730/779/8
f 730/779/8 416/638/8 181/795/8
f 182/797/197 955/798/8 676/799/198
f 676/799/198 720/800/199 182/797/197
f 182/797/197 967/801/200 445/656/175
f 445/656/175 446/802/8 182/797/197
f 183/803/8 1029/804/8 709/805/8
f 709/805/8 446/802/8 183/803/8
f 183/803/8 1001/655/8 757/806/8
f 757/806/8 496/787/8 183/803/8
f 184/807/8 1075/788/8 757/806/8
f 757/806/8 758/660/8 184/807/8
f 184/807/8 1073/808/8 729/809/8
f 729/809/8 731/664/8 184/807/8
f 448/810/8 698/647/8 185/811/8
f 185/811/8 1038/646/8 699/812/8
f 699/812/8 447/650/8 185/811/8
f 185/811/8 1002/813/8 448/810/8
f 682/814/201 429/815/202 186/816/203
f 186/816/203 986/817/8 448/810/8
f 448/810/8 759/818/204 186/816/203
f 186/816/203 1055/819/205 682/814/201
f 499/820/206 759/818/204 187/821/207
f 187/821/207 1002/813/8 760/649/8
f 760/649/8 344/301/69 187/821/207
f 187/821/207 1022/300/68 499/820/206
f 188/822/8 966/823/8 398/824/8
f 398/824/8 408/825/8 188/822/8
f 188/822/8 987/826/8 449/644/8
f 449/644/8 450/827/8 188/822/8
f 189/828/208 1020/829/209 719/830/210
f 719/830/210 450/827/8 189/828/208
f 189/828/208 1003/643/8 761/831/211
f 761/831/211 482/832/212 189/828/208
f 190/833/213 1039/834/214 761/831/211
f 761/831/211 451/648/8 190/833/213
f 190/833/213 986/817/8 429/815/202
f 429/815/202 706/835/215 190/833/213
f 191/836/8 1046/837/8 489/838/8
f 489/838/8 678/794/8 191/836/8
f 191/836/8 959/796/8 452/637/8
f 452/637/8 762/839/8 191/836/8
f 192/840/8 939/841/8 712/842/8
f 712/842/8 762/839/8 192/840/8
f 192/840/8 1004/636/8 453/843/8
f 453/843/8 408/825/8 192/840/8
f 193/844/8 987/826/8 453/843/8
f 453/843/8 454/641/8 193/844/8
f 193/844/8 985/845/8 727/846/8
f 727/846/8 728/645/8 193/844/8
s 1
f 763/847/2 494/626/2 194/848/2
f 194/848/2 1037/625/2 697/849/2
f 697/849/2 455/629/2 194/848/2
f 194/848/2 1005/850/2 763/847/2
f 685/851/216 507/852/217 195/853/218
f 195/853/218 1071/854/2 763/847/2
f 763/847/2 456/855/219 195/853/218
f 195/853/218 964/856/220 685/851/216
f 717/857/221 456/855/219 196/858/222
f 196/858/222 1005/850/2 764/628/2
f 764/628/2 484/859/223 196/858/222
f 196/858/222 1019/860/224 717/857/221
f 197/861/2 969/336/2 547/340/2
f 547/340/2 495/862/2 197/861/2
f 197/861/2 1072/863/2 765/623/2
f 765/623/2 457/864/2 197/861/2
f 198/865/225 1021/342/80 591/345/83
f 591/345/83 457/864/2 198/865/225
f 198/865/225 1006/622/2 766/866/226
f 766/866/226 487/867/227 198/865/225
f 199/868/228 1044/869/229 766/866/226
f 766/866/226 767/627/2 199/868/228
f 199/868/228 1071/854/2 507/852/217
f 507/852/217 498/870/230 199/868/228
f 200/871/2 1050/350/2 313/352/2
f 313/352/2 679/762/2 200/871/2
f 200/871/2 960/764/2 768/616/2
f 768/616/2 512/872/2 200/871/2
f 201/873/2 1072/863/2 511/874/2
f 511/874/2 769/620/2 201/873/2
f 201/873/2 983/875/2 726/876/2
f 726/876/2 508/624/2 201/873/2
s 3
f 459/877/166 694/607/167 202/878/167
f 694/607/167 695/879/168 202/878/167
f 695/879/168 458/609/167 202/878/167
f 458/609/167 459/877/166 202/878/167
f 684/880/231 426/881/232 203/882/232
f 426/881/232 459/877/166 203/882/232
f 459/877/166 770/883/232 203/882/232
f 770/883/232 684/880/231 203/882/232
f 502/884/231 770/883/232 204/885/232
f 204/885/232 1007/886/166 771/608/166
f 771/608/166 505/887/232 204/885/232
f 505/887/232 502/884/231 204/885/232
f 205/888/233 1043/889/234 497/890/235
f 497/890/235 493/891/236 205/888/233
f 493/891/236 772/604/167 205/888/233
f 772/604/167 774/892/237 205/888/233
f 206/893/238 1017/894/239 486/895/240
f 486/895/240 774/892/237 206/893/238
f 774/892/237 773/896/232 206/893/238
f 773/896/232 485/897/241 206/893/238
f 710/898/231 773/896/232 207/899/232
f 773/896/232 460/603/166 207/899/232
f 460/603/166 426/881/232 207/899/232
f 426/881/232 710/898/231 207/899/232
f 777/900/242 716/901/243 208/902/244
f 208/902/244 930/903/102 536/904/101
f 536/904/101 775/599/160 208/902/244
f 775/599/160 777/900/242 208/902/244
f 493/891/236 492/905/245 209/906/246
f 209/906/246 1059/907/247 777/900/242
f 777/900/242 776/908/248 209/906/246
f 209/906/246 1070/909/168 493/891/236
f 506/606/168 776/908/248 210/910/248
f 210/910/248 1009/911/159 461/598/159
f 461/598/159 725/912/248 210/910/248
f 725/912/248 506/606/168 210/910/248
f 779/913/166 404/591/167 211/914/167
f 404/591/167 406/915/168 211/914/167
f 406/915/168 778/593/167 211/914/167
f 778/593/167 779/913/166 211/914/167
f 687/916/231 423/917/232 212/918/232
f 212/918/232 977/919/166 779/913/166
f 779/913/166 513/920/232 212/918/232
f 513/920/232 687/916/231 212/918/232
f 504/921/249 513/920/232 213/922/250
f 513/920/232 780/592/169 213/922/250
f 780/592/169 720/923/251 213/922/250
f 213/922/250 1018/924/252 504/921/249
f 514/925/166 689/612/167 214/926/167
f 689/612/167 405/927/168 214/926/167
f 405/927/168 781/588/167 214/926/167
f 781/588/167 514/925/166 214/926/167
f 677/928/231 505/887/232 215/929/232
f 505/887/232 514/925/166 215/929/232
f 514/925/166 782/930/232 215/929/232
f 782/930/232 677/928/231 215/929/232
f 415/931/231 782/930/232 216/932/232
f 782/930/232 783/587/166 216/932/232
f 783/587/166 423/917/232 216/932/232
f 423/917/232 415/931/231 216/932/232
f 785/933/159 680/560/160 217/934/160
f 680/560/160 314/935/15 217/934/160
f 314/935/15 515/583/160 217/934/160
f 515/583/160 785/933/159 217/934/160
f 405/927/168 417/936/248 218/937/248
f 417/936/248 785/933/159 218/937/248
f 785/933/159 784/938/248 218/937/248
f 784/938/248 405/927/168 218/937/248
f 424/590/168 784/938/248 219/939/248
f 784/938/248 516/582/159 219/939/248
f 516/582/159 724/940/248 219/939/248
f 724/940/248 424/590/168 219/939/248
s 4
f 464/941/163 402/576/164 220/942/164
f 402/576/164 403/943/165 220/942/164
f 403/943/165 462/578/164 220/942/164
f 462/578/164 464/941/163 220/942/164
f 550/944/46 723/945/189 221/946/189
f 723/945/189 464/941/163 221/946/189
f 221/946/189 1010/947/163 463/948/189
f 463/948/189 550/944/46 221/946/189
f 272/949/46 463/948/189 222/950/189
f 463/948/189 786/577/163 222/950/189
f 786/577/163 722/729/189 222/950/189
f 722/729/189 272/949/46 222/950/189
f 787/951/253 498/952/254 223/953/255
f 223/953/255 1031/954/256 691/955/257
f 691/955/257 465/573/164 223/953/255
f 465/573/164 787/951/253 223/953/255
f 538/956/117 487/957/258 224/958/259
f 224/958/259 1044/959/260 787/951/253
f 787/951/253 466/960/189 224/958/259
f 466/960/189 538/956/117 224/958/259
f 580/961/46 466/960/189 225/962/189
f 466/960/189 467/572/163 225/962/189
f 467/572/163 723/945/189 225/962/189
f 723/945/189 580/961/46 225/962/189
f 226/963/261 964/964/262 717/965/263
f 717/965/263 483/966/264 226/963/261
f 226/963/261 1040/967/162 788/568/154
f 788/568/154 469/968/265 226/963/261
f 227/969/266 1031/954/256 685/970/267
f 685/970/267 469/968/265 227/969/266
f 469/968/265 468/971/193 227/969/266
f 227/969/266 975/972/165 691/955/257
f 421/575/165 468/971/193 228/973/193
f 468/971/193 470/567/161 228/973/193
f 470/567/161 420/974/193 228/973/193
f 420/974/193 421/575/165 228/973/193
f 473/975/161 401/571/154 229/976/154
f 401/571/154 396/977/162 229/976/154
f 396/977/162 471/563/154 229/976/154
f 471/563/154 473/975/161 229/976/154
f 403/943/165 420/974/193 230/978/193
f 420/974/193 473/975/161 230/978/193
f 473/975/161 472/979/193 230/978/193
f 472/979/193 403/943/165 230/978/193
f 422/580/165 472/979/193 231/980/193
f 472/979/193 789/566/161 231/980/193
f 789/566/161 715/739/193 231/980/193
f 715/739/193 422/580/165 231/980/193
s 3
f 518/981/159 692/586/160 232/982/160
f 692/586/160 549/983/15 232/982/160
f 549/983/15 517/984/160 232/982/160
f 517/984/160 518/981/159 232/982/160
f 406/915/168 724/940/248 233/985/248
f 724/940/248 518/981/159 233/985/248
f 518/981/159 790/986/248 233/985/248
f 790/986/248 406/915/168 233/985/248
f 425/595/171 790/986/248 234/987/268
f 790/986/248 519/988/269 234/987/268
f 234/987/268 1047/989/270 713/990/271
f 713/990/271 425/595/171 234/987/268
f 475/991/159 693/602/160 235/992/160
f 693/602/160 321/993/15 235/992/160
f 321/993/15 791/557/160 235/992/160
f 791/557/160 475/991/159 235/992/160
f 695/879/168 725/912/248 236/994/248
f 725/912/248 475/991/159 236/994/248
f 475/991/159 474/995/248 236/994/248
f 474/995/248 695/879/168 236/994/248
f 427/611/168 474/995/248 237/996/248
f 474/995/248 476/556/159 237/996/248
f 237/996/248 961/997/159 417/936/248
f 417/936/248 427/611/168 237/996/248
s 1
f 794/998/2 696/619/2 238/999/2
f 238/999/2 1033/618/2 688/748/2
f 688/748/2 792/550/2 238/999/2
f 238/999/2 1086/1000/2 794/998/2
f 697/849/2 726/876/2 239/1001/2
f 239/1001/2 983/875/2 794/998/2
f 794/998/2 793/1002/2 239/1001/2
f 239/1001/2 984/631/2 697/849/2
f 428/632/2 793/1002/2 240/1003/2
f 240/1003/2 1086/1000/2 520/549/2
f 520/549/2 683/1004/2 240/1003/2
f 240/1003/2 935/1005/2 428/632/2
s 2
f 479/1006/8 407/640/8 241/1007/8
f 241/1007/8 944/639/8 400/778/8
f 400/778/8 477/545/8 241/1007/8
f 241/1007/8 1015/1008/8 479/1006/8
f 699/812/8 727/846/8 242/1009/8
f 242/1009/8 985/845/8 479/1006/8
f 479/1006/8 478/1010/8 242/1009/8
f 242/1009/8 988/652/8 699/812/8
f 430/653/8 478/1010/8 243/1011/8
f 243/1011/8 1015/1008/8 480/544/8
f 480/544/8 268/485/8 243/1011/8
f 243/1011/8 943/484/8 430/653/8
f 522/1012/8 700/659/178 244/1013/272
f 244/1013/272 941/658/177 713/1014/273
f 713/1014/273 521/1015/274 244/1013/272
f 244/1013/272 1087/1016/8 522/1012/8
f 409/776/8 729/809/8 245/1017/8
f 245/1017/8 1073/808/8 522/1012/8
f 522/1012/8 795/1018/8 245/1017/8
f 245/1017/8 989/671/8 409/776/8
f 431/672/8 795/1018/8 246/1019/8
f 246/1019/8 1087/1016/8 523/1020/8
f 523/1020/8 575/494/8 246/1019/8
f 246/1019/8 942/493/8 431/672/8
s 1
f 797/1021/2 702/678/183 247/1022/275
f 247/1022/275 1030/677/182 497/1023/276
f 497/1023/276 524/1024/277 247/1022/275
f 247/1022/275 1088/1025/2 797/1021/2
f 412/746/2 432/773/2 248/1026/2
f 248/1026/2 990/772/2 797/1021/2
f 797/1021/2 796/1027/2 248/1026/2
f 248/1026/2 993/690/2 412/746/2
f 434/691/2 796/1027/2 249/1028/2
f 249/1028/2 1088/1025/2 525/1029/2
f 525/1029/2 686/1030/2 249/1028/2
f 249/1028/2 938/1031/2 434/691/2
s 4
f 799/1032/161 703/698/154 250/1033/154
f 703/698/154 397/1034/162 250/1033/154
f 397/1034/162 481/539/154 250/1033/154
f 481/539/154 799/1032/161 250/1033/154
f 705/712/165 733/743/193 251/1035/193
f 733/743/193 799/1032/161 251/1035/193
f 799/1032/161 798/1036/193 251/1035/193
f 798/1036/193 705/712/165 251/1035/193
f 735/707/186 798/1036/193 252/1037/278
f 798/1036/193 800/538/153 252/1037/278
f 800/538/153 706/1038/279 252/1037/278
f 252/1037/278 933/708/187 735/707/186
s 1
f 525/1029/2 524/1024/277 253/1039/280
f 253/1039/280 1043/1040/281 486/1041/282
f 486/1041/282 503/1042/283 253/1039/280
f 253/1039/280 1060/1043/2 525/1029/2
s 2
f 523/1020/8 521/1015/274 254/1044/284
f 254/1044/284 1047/1045/285 490/1046/286
f 490/1046/286 312/12/10 254/1044/284
f 254/1044/284 1048/11/8 523/1020/8
s 3
f 519/988/269 517/984/160 255/1047/287
f 517/984/160 348/1048/20 255/1047/287
f 255/1047/287 1026/1049/19 490/1050/288
f 490/1050/288 519/988/269 255/1047/287
s 1
f 256/1051/2 1032/354/2 338/356/2
f 338/356/2 512/872/2 256/1051/2
f 256/1051/2 1081/615/2 511/874/2
f 511/874/2 495/862/2 256/1051/2
f 303/1/1 855/497/2 305/2/2
f 1/3/3 305/2/2 824/4/2
f 587/5/4 856/1052/289 527/6/5
f 1/3/3 527/6/5 813/7/6
s 2
f 673/8/7 927/488/8 390/9/8
f 2/10/9 390/9/8 1048/11/8
f 312/12/10 1026/1053/290 531/13/11
f 2/10/9 531/13/11 816/14/12
f 300/15/8 854/480/8 302/16/8
f 3/17/8 302/16/8 958/18/8
f 257/19/8 931/258/8 271/20/8
f 3/17/8 271/20/8 827/21/8
s 1
f 387/22/2 926/472/2 671/23/2
f 4/24/2 671/23/2 822/25/2
f 583/26/2 861/521/2 346/27/2
f 4/24/2 346/27/2 890/28/2
s 3
f 384/29/13 925/1054/14 669/30/14
f 669/30/14 819/1055/14 535/32/13
f 535/32/13 1028/1056/15 347/33/15
f 347/33/15 1066/1057/15 384/29/13
f 666/34/13 853/1058/14 299/35/16
f 299/35/16 816/465/129 531/37/18
f 6/36/17 531/37/18 1026/38/19
f 348/39/20 1067/1059/15 666/34/13
s 4
f 296/40/21 852/1060/22 298/41/22
f 298/41/22 820/1061/22 537/43/21
f 537/43/21 860/1062/23 582/44/23
f 582/44/23 821/1063/23 296/40/21
f 663/45/21 924/1064/22 383/46/22
f 383/46/22 893/1065/22 323/48/21
f 323/48/21 864/1066/23 568/49/23
f 568/49/23 812/1067/23 663/45/21
f 660/50/24 923/1068/25 381/51/25
f 381/51/25 894/1069/25 551/53/24
f 551/53/24 808/1070/26 273/54/26
f 273/54/26 828/1071/26 660/50/24
f 658/55/24 922/1072/25 380/56/25
f 380/56/25 892/194/25 322/58/24
f 322/58/24 872/1073/26 596/59/26
f 596/59/26 829/1074/26 658/55/24
s 3
f 655/60/13 851/1075/14 657/61/14
f 657/61/14 895/1076/14 553/63/13
f 553/63/13 947/1077/15 578/64/15
f 578/64/15 1052/1078/15 655/60/13
f 651/65/27 850/1079/28 654/66/28
f 654/66/28 896/1080/28 324/68/27
f 324/68/27 873/1081/29 351/69/29
f 351/69/29 897/1082/29 651/65/27
f 377/70/27 921/1083/28 650/71/30
f 13/72/31 650/71/30 826/73/32
f 260/74/33 805/1084/291 598/75/34
f 598/75/34 898/1085/29 377/70/27
f 646/76/13 849/393/14 648/77/14
f 648/77/14 899/1086/14 327/79/13
f 327/79/13 1034/1087/15 339/80/15
f 339/80/15 1051/1088/15 646/76/13
f 292/81/27 848/1089/28 645/82/28
f 645/82/28 900/1090/28 554/84/27
f 554/84/27 809/1091/29 274/85/29
f 274/85/29 830/1092/29 292/81/27
f 640/86/27 847/1093/28 643/87/28
f 643/87/28 891/1094/28 320/89/27
f 320/89/27 871/406/29 353/90/29
f 353/90/29 901/1095/29 640/86/27
s 1
f 17/91/2 290/97/2 846/92/2
f 639/93/2 902/359/2 557/94/2
f 17/91/2 557/94/2 807/95/2
f 270/96/2 818/234/2 290/97/2
f 18/98/2 635/104/2 920/99/2
f 376/100/2 903/330/2 558/101/2
f 18/98/2 558/101/2 810/102/2
f 275/103/2 831/338/2 635/104/2
f 289/105/2 845/323/2 634/106/2
f 19/107/2 634/106/2 878/108/2
f 335/109/2 865/476/2 601/110/2
f 19/107/2 601/110/2 832/111/2
s 2
f 20/112/8 287/118/8 844/113/8
f 288/114/8 833/320/8 265/115/8
f 20/112/8 265/115/8 806/116/8
f 269/117/8 817/272/8 287/118/8
f 626/119/8 843/289/8 629/120/8
f 21/121/8 629/120/8 1063/122/8
f 545/123/8 943/484/8 603/124/8
f 21/121/8 603/124/8 906/125/8
f 22/126/35 285/132/39 842/127/8
f 625/128/8 907/285/8 561/129/36
f 22/126/35 561/129/36 805/130/37
f 260/131/38 826/276/58 285/132/39
f 23/133/8 282/139/8 841/134/8
f 623/135/8 908/256/8 330/136/8
f 23/133/8 330/136/8 875/137/8
f 605/138/8 834/263/8 282/139/8
f 280/140/8 840/250/8 622/141/8
f 24/142/8 622/141/8 1062/143/8
f 544/144/8 942/493/8 276/145/8
f 24/142/8 276/145/8 835/146/8
s 1
f 25/147/40 369/153/44 918/148/2
f 620/149/2 836/247/2 564/150/41
f 25/147/40 564/150/41 868/151/42
f 317/152/43 886/238/54 369/153/44
f 26/154/2 367/160/2 917/155/2
f 619/156/2 837/221/2 565/157/2
f 26/154/2 565/157/2 876/158/2
f 358/159/2 909/225/2 367/160/2
f 364/161/2 916/215/2 366/162/2
f 27/163/2 366/162/2 881/164/2
f 572/165/2 802/502/2 607/166/2
f 27/163/2 607/166/2 910/167/2
s 4
f 28/168/21 615/173/21 915/169/22
f 363/170/22 911/1096/22 332/171/21
f 332/171/21 870/1097/23 571/172/23
f 571/172/23 815/206/23 615/173/21
f 612/174/24 839/1098/25 279/175/25
f 279/175/25 838/1099/25 266/177/24
f 266/177/24 811/1100/26 609/178/26
f 609/178/26 912/196/26 612/174/24
f 266/177/24 838/1099/25 611/179/25
f 611/179/25 914/1101/25 360/181/24
f 30/180/24 360/181/24 913/182/26
f 567/183/26 811/1100/26 266/177/24
f 278/184/45 949/1102/46 262/185/46
f 262/185/46 972/1103/46 610/187/45
f 610/187/45 914/1101/25 611/179/25
f 611/179/25 838/1099/25 278/184/45
f 610/187/45 972/1103/46 594/188/47
f 594/188/47 1022/1104/292 340/190/49
f 32/189/48 340/190/49 884/191/50
f 361/192/51 914/1101/25 610/187/45
f 33/193/24 322/58/24 892/194/25
f 614/195/25 839/1098/25 612/174/24
f 33/193/24 612/174/24 912/196/26
f 333/197/26 872/1073/26 322/58/24
f 593/198/45 932/1105/46 539/199/46
f 539/199/46 1054/1106/46 613/201/45
f 613/201/45 839/1098/25 614/195/25
f 614/195/25 892/194/25 593/198/45
f 613/201/45 1054/1106/46 581/202/46
f 581/202/46 949/1102/46 278/184/45
f 278/184/45 838/1099/25 279/175/25
f 279/175/25 839/1098/25 613/201/45
f 537/43/21 820/1061/22 616/204/22
f 616/204/22 915/169/22 615/173/21
f 36/205/21 615/173/21 815/206/23
f 529/207/23 860/1062/23 537/43/21
f 579/208/52 872/1073/26 333/197/26
f 333/197/26 912/196/26 362/210/52
f 362/210/52 915/169/22 616/204/22
f 616/204/22 820/1061/22 579/208/52
f 362/210/52 912/196/26 609/178/26
f 609/178/26 811/1100/26 608/212/52
f 608/212/52 911/1096/22 363/170/22
f 363/170/22 915/169/22 362/210/52
s 1
f 565/157/2 837/221/2 617/213/2
f 39/214/2 617/213/2 916/215/2
f 364/161/2 910/167/2 331/216/2
f 39/214/2 331/216/2 876/158/2
f 277/217/2 807/95/2 548/218/2
f 40/219/2 548/218/2 890/28/2
f 365/220/2 916/215/2 617/213/2
f 40/219/2 617/213/2 837/221/2
f 41/222/2 546/227/2 1064/223/2
f 368/224/2 917/155/2 367/160/2
f 41/222/2 367/160/2 909/225/2
f 566/226/2 945/242/2 546/227/2
f 42/228/2 345/232/2 1027/229/2
f 534/230/2 818/234/2 618/231/2
f 42/228/2 618/231/2 917/155/2
f 368/224/2 1064/223/2 345/232/2
f 43/233/2 618/231/2 818/234/2
f 270/96/2 807/95/2 277/217/2
f 43/233/2 277/217/2 837/221/2
f 619/156/2 917/155/2 618/231/2
f 44/235/53 533/240/56 1049/236/2
f 371/237/2 918/148/2 369/153/44
f 44/235/53 369/153/44 886/238/54
f 586/239/55 930/1107/293 533/240/56
f 45/241/2 576/244/2 945/242/2
f 566/226/2 909/225/2 370/243/2
f 45/241/2 370/243/2 918/148/2
f 371/237/2 1049/236/2 576/244/2
f 46/245/2 370/243/2 909/225/2
f 358/159/2 876/158/2 606/246/2
f 46/245/2 606/246/2 836/247/2
f 620/149/2 918/148/2 370/243/2
s 2
f 330/136/8 908/256/8 621/248/8
f 47/249/8 621/248/8 840/250/8
f 280/140/8 835/146/8 563/251/8
f 47/249/8 563/251/8 875/137/8
f 604/252/8 806/116/8 261/253/8
f 48/254/8 261/253/8 827/21/8
f 281/255/8 840/250/8 621/248/8
f 48/254/8 621/248/8 908/256/8
f 281/255/8 827/21/8 271/20/8
f 49/257/8 271/20/8 931/258/8
f 590/259/8 1062/143/8 622/141/8
f 49/257/8 622/141/8 840/250/8
f 50/260/8 542/265/8 823/261/8
f 284/262/8 841/134/8 282/139/8
f 50/260/8 282/139/8 834/263/8
f 562/264/8 866/280/8 542/265/8
f 51/266/8 584/270/8 862/267/8
f 532/268/8 817/272/8 283/269/8
f 51/266/8 283/269/8 841/134/8
f 284/262/8 823/261/8 584/270/8
f 52/271/8 283/269/8 817/272/8
f 269/117/8 806/116/8 604/252/8
f 52/271/8 604/252/8 908/256/8
f 623/135/8 841/134/8 283/269/8
f 53/273/57 308/278/60 879/274/8
f 624/275/8 842/127/8 285/132/39
f 53/273/57 285/132/39 826/276/58
f 589/277/59 857/1108/294 308/278/60
f 54/279/8 336/282/8 866/280/8
f 562/264/8 834/263/8 286/281/8
f 54/279/8 286/281/8 842/127/8
f 624/275/8 879/274/8 336/282/8
f 55/283/8 286/281/8 834/263/8
f 605/138/8 875/137/8 357/284/8
f 55/283/8 357/284/8 907/285/8
f 625/128/8 842/127/8 286/281/8
f 328/286/8 904/297/8 628/287/8
f 56/288/8 628/287/8 843/289/8
f 626/119/8 906/125/8 329/290/8
f 56/288/8 329/290/8 874/291/8
f 355/292/61 863/1109/295 315/293/62
f 57/294/63 315/293/62 884/295/64
f 627/296/65 843/289/8 628/287/8
f 57/294/63 628/287/8 904/297/8
f 627/296/65 884/295/64 340/298/66
f 58/299/67 340/298/66 1022/300/68
f 344/301/69 1063/122/8 629/120/8
f 58/299/67 629/120/8 843/289/8
f 59/302/8 543/308/8 889/303/8
f 374/304/8 919/514/8 372/305/8
f 59/302/8 372/305/8 905/306/8
f 560/307/8 803/314/8 543/308/8
f 60/309/8 311/312/8 882/310/8
f 631/311/8 844/113/8 287/118/8
f 60/309/8 287/118/8 817/272/8
f 532/268/8 862/267/8 311/312/8
f 61/313/8 573/316/8 803/314/8
f 560/307/8 905/306/8 630/315/8
f 61/313/8 630/315/8 844/113/8
f 631/311/8 882/310/8 573/316/8
f 62/317/8 630/315/8 905/306/8
f 356/318/8 874/291/8 602/319/8
f 62/317/8 602/319/8 833/320/8
f 288/114/8 844/113/8 630/315/8
s 1
f 558/101/2 903/330/2 633/321/2
f 63/322/2 633/321/2 845/323/2
f 289/105/2 832/111/2 264/324/2
f 63/322/2 264/324/2 810/102/2
f 354/325/70 869/1110/296 318/326/71
f 64/327/72 318/326/71 887/328/73
f 632/329/74 845/323/2 633/321/2
f 64/327/72 633/321/2 903/330/2
f 632/329/74 887/328/73 341/331/75
f 65/332/76 341/331/75 858/333/77
f 307/334/78 878/108/2 634/106/2
f 65/332/76 634/106/2 845/323/2
f 66/335/2 547/340/2 969/336/2
f 637/337/2 920/99/2 635/104/2
f 66/335/2 635/104/2 831/338/2
f 559/339/2 1032/354/2 547/340/2
f 67/341/79 591/345/83 1021/342/80
f 528/343/81 814/347/85 636/344/82
f 67/341/79 636/344/82 920/99/2
f 637/337/2 969/336/2 591/345/83
f 68/346/84 636/344/82 814/347/85
f 570/348/86 869/1110/296 354/325/70
f 68/346/84 354/325/70 903/330/2
f 376/100/2 920/99/2 636/344/82
f 69/349/2 313/352/2 1050/350/2
f 638/351/2 846/92/2 290/97/2
f 69/349/2 290/97/2 818/234/2
f 534/230/2 1027/229/2 313/352/2
f 70/353/2 338/356/2 1032/354/2
f 559/339/2 831/338/2 291/355/2
f 70/353/2 291/355/2 846/92/2
f 638/351/2 1050/350/2 338/356/2
f 71/357/2 291/355/2 831/338/2
f 275/103/2 810/102/2 600/358/2
f 71/357/2 600/358/2 902/359/2
f 639/93/2 846/92/2 291/355/2
s 3
f 554/84/27 900/1090/28 642/360/28
f 642/360/28 847/1093/28 640/86/27
f 640/86/27 901/1095/29 556/362/29
f 556/362/29 809/1091/29 554/84/27
f 352/363/87 867/1111/88 316/364/88
f 316/364/88 885/1112/88 641/366/87
f 641/366/87 847/1093/28 642/360/28
f 642/360/28 900/1090/28 352/363/87
f 641/366/87 885/1112/88 585/367/88
f 585/367/88 801/1113/88 592/369/87
f 592/369/87 891/1094/28 643/87/28
f 643/87/28 847/1093/28 641/366/87
f 75/370/89 569/374/93 813/371/90
f 293/372/91 848/1089/28 292/81/27
f 292/81/27 830/1092/29 555/373/92
f 555/373/92 868/1114/297 569/374/93
f 76/375/94 527/379/97 856/376/95
f 309/377/96 880/1115/88 644/378/87
f 644/378/87 848/1089/28 293/372/91
f 293/372/91 813/371/90 527/379/97
f 644/378/87 880/1115/88 337/380/88
f 337/380/88 867/1111/88 352/363/87
f 352/363/87 900/1090/28 645/82/28
f 645/82/28 848/1089/28 644/378/87
f 586/382/98 886/390/106 647/383/99
f 647/383/99 849/393/14 646/76/13
f 646/76/13 1051/1088/15 536/385/101
f 78/384/100 536/385/101 930/386/102
f 317/387/103 868/1114/297 555/373/92
f 555/373/92 830/1092/29 294/389/105
f 294/389/105 849/393/14 647/383/99
f 79/388/104 647/383/99 886/390/106
f 294/389/105 830/1092/29 274/85/29
f 274/85/29 809/1091/29 599/392/105
f 599/392/105 899/1086/14 648/77/14
f 80/391/105 648/77/14 849/393/14
f 597/394/87 804/1116/88 259/395/88
f 259/395/88 825/1117/88 649/397/87
f 649/397/87 921/1083/28 378/398/28
f 378/398/28 896/1080/28 597/394/87
f 649/397/87 825/1117/88 588/399/107
f 82/400/108 588/399/107 857/401/109
f 589/402/110 826/73/32 650/71/30
f 650/71/30 921/1083/28 649/397/87
f 320/89/27 891/1094/28 653/403/28
f 653/403/28 850/1079/28 651/65/27
f 651/65/27 897/1082/29 325/405/29
f 83/404/27 325/405/29 871/406/29
f 592/369/87 801/1113/88 530/407/88
f 530/407/88 883/1118/88 652/409/87
f 652/409/87 850/1079/28 653/403/28
f 653/403/28 891/1094/28 592/369/87
f 652/409/87 883/1118/88 574/410/88
f 574/410/88 804/1116/88 597/394/87
f 597/394/87 896/1080/28 654/66/28
f 654/66/28 850/1079/28 652/409/87
f 535/32/13 819/1055/14 295/412/14
f 295/412/14 851/1075/14 655/60/13
f 655/60/13 1052/1078/15 314/414/15
f 314/414/15 1028/1056/15 535/32/13
f 577/415/105 871/406/29 325/405/29
f 325/405/29 897/1082/29 656/417/105
f 656/417/105 851/1075/14 295/412/14
f 295/412/14 819/1055/14 577/415/105
f 656/417/105 897/1082/29 351/69/29
f 351/69/29 873/1081/29 350/419/105
f 350/419/105 895/1076/14 657/61/14
f 657/61/14 851/1075/14 656/417/105
s 4
f 551/53/24 894/1069/25 379/420/25
f 379/420/25 922/1072/25 658/55/24
f 658/55/24 829/1074/26 263/422/26
f 263/422/26 808/1070/26 551/53/24
f 349/423/45 1035/1119/46 550/424/46
f 550/424/46 971/1120/46 659/426/45
f 659/426/45 922/1072/25 379/420/25
f 379/420/25 894/1069/25 349/423/45
f 659/426/45 971/1120/46 272/427/46
f 272/427/46 932/1105/46 593/198/45
f 593/198/45 892/194/25 380/56/25
f 380/56/25 922/1072/25 659/426/45
f 570/429/111 814/438/119 662/430/112
f 662/430/112 923/1068/25 660/50/24
f 660/50/24 828/1071/26 552/432/114
f 92/431/113 552/432/114 869/433/115
f 528/434/116 1021/1121/298 538/435/117
f 538/435/117 962/1122/46 661/437/45
f 661/437/45 923/1068/25 662/430/112
f 93/436/118 662/430/112 814/438/119
f 661/437/45 962/1122/46 580/439/46
f 580/439/46 1035/1119/46 349/423/45
f 349/423/45 894/1069/25 381/51/25
f 381/51/25 923/1068/25 661/437/45
f 95/441/120 341/445/124 887/442/121
f 382/443/122 924/1064/22 663/45/21
f 663/45/21 812/1067/23 526/444/123
f 526/444/123 858/1123/299 341/445/124
f 96/446/125 318/448/126 869/433/115
f 552/432/114 828/1071/26 664/447/52
f 664/447/52 924/1064/22 382/443/122
f 382/443/122 887/442/121 318/448/126
f 664/447/52 828/1071/26 273/54/26
f 273/54/26 808/1070/26 595/450/52
f 595/450/52 893/1065/22 383/46/22
f 383/46/22 924/1064/22 664/447/52
f 323/48/21 893/1065/22 665/451/22
f 665/451/22 852/1060/22 296/40/21
f 296/40/21 821/1063/23 540/453/23
f 540/453/23 864/1066/23 323/48/21
f 595/450/52 808/1070/26 263/422/26
f 263/422/26 829/1074/26 297/455/52
f 297/455/52 852/1060/22 665/451/22
f 665/451/22 893/1065/22 595/450/52
f 297/455/52 829/1074/26 596/59/26
f 596/59/26 872/1073/26 579/208/52
f 579/208/52 820/1061/22 298/41/22
f 298/41/22 852/1060/22 297/455/52
s 3
f 553/63/13 895/1076/14 668/457/14
f 668/457/14 853/1058/14 666/34/13
f 666/34/13 1067/1059/15 549/459/15
f 549/459/15 947/1077/15 553/63/13
f 350/419/105 873/1081/29 326/460/29
f 326/460/29 898/1085/29 667/462/105
f 667/462/105 853/1058/14 668/457/14
f 668/457/14 895/1076/14 350/419/105
f 667/462/105 898/1085/29 598/75/34
f 598/75/34 805/1084/291 267/464/128
f 103/463/127 267/464/128 816/465/129
f 299/35/16 853/1058/14 667/462/105
f 599/392/105 809/1091/29 556/362/29
f 556/362/29 901/1095/29 385/467/105
f 385/467/105 925/1054/14 386/468/14
f 386/468/14 899/1086/14 599/392/105
f 385/467/105 901/1095/29 353/90/29
f 353/90/29 871/406/29 577/415/105
f 577/415/105 819/1055/14 669/30/14
f 669/30/14 925/1054/14 385/467/105
s 1
f 557/94/2 902/359/2 388/470/2
f 106/471/2 388/470/2 926/472/2
f 387/22/2 890/28/2 548/218/2
f 106/471/2 548/218/2 807/95/2
f 600/358/2 810/102/2 264/324/2
f 107/473/2 264/324/2 832/111/2
f 670/474/2 926/472/2 388/470/2
f 107/473/2 388/470/2 902/359/2
f 670/474/2 832/111/2 601/110/2
f 108/475/2 601/110/2 865/476/2
f 541/477/2 822/25/2 671/23/2
f 108/475/2 671/23/2 926/472/2
s 2
f 265/115/8 833/320/8 301/478/8
f 109/479/8 301/478/8 854/480/8
f 300/15/8 827/21/8 261/253/8
f 109/479/8 261/253/8 806/116/8
f 602/319/8 874/291/8 329/290/8
f 110/481/8 329/290/8 906/125/8
f 672/482/8 854/480/8 301/478/8
f 110/481/8 301/478/8 833/320/8
f 672/482/8 906/125/8 603/124/8
f 111/483/8 603/124/8 943/484/8
f 268/485/8 958/18/8 302/16/8
f 111/483/8 302/16/8 854/480/8
f 561/129/36 907/285/8 389/486/8
f 112/487/130 389/486/8 927/488/8
f 673/8/7 816/14/12 267/489/131
f 112/487/130 267/489/131 805/130/37
f 357/284/8 875/137/8 563/251/8
f 113/490/8 563/251/8 835/146/8
f 674/491/8 927/488/8 389/486/8
f 113/490/8 389/486/8 907/285/8
f 674/491/8 835/146/8 276/145/8
f 114/492/8 276/145/8 942/493/8
f 575/494/8 1048/11/8 390/9/8
f 114/492/8 390/9/8 927/488/8
s 1
f 564/150/41 836/247/2 304/495/2
f 115/496/132 304/495/2 855/497/2
f 303/1/1 813/7/6 569/498/133
f 115/496/132 569/498/133 868/151/42
f 606/246/2 876/158/2 331/216/2
f 116/499/2 331/216/2 910/167/2
f 675/500/2 855/497/2 304/495/2
f 116/499/2 304/495/2 836/247/2
f 675/500/2 910/167/2 607/166/2
f 117/501/2 607/166/2 802/502/2
f 258/503/2 824/4/2 305/2/2
f 117/501/2 305/2/2 855/497/2
s 4
f 608/212/52 811/1100/26 567/183/26
f 567/183/26 913/182/26 392/505/52
f 392/505/52 928/1124/22 393/506/22
f 393/506/22 911/1096/22 608/212/52
f 391/507/21 928/1124/22 394/508/134
f 119/509/135 394/508/134 877/510/136
f 306/511/137 859/1125/300 342/512/138
f 342/512/138 888/1126/23 391/507/21
s 2
f 120/513/8 372/305/8 919/514/8
f 375/515/8 904/297/8 328/286/8
f 120/513/8 328/286/8 874/291/8
f 356/318/8 905/306/8 372/305/8
s 4
f 360/181/24 914/1101/25 361/192/51
f 361/192/51 884/191/50 315/517/140
f 121/516/139 315/517/140 863/518/141
f 359/519/142 913/182/26 360/181/24
s 1
f 365/220/2 890/28/2 346/27/2
f 122/520/2 346/27/2 861/521/2
f 310/522/2 881/164/2 366/162/2
f 122/520/2 366/162/2 916/215/2
s 2
f 123/523/143 343/527/147 859/524/144
f 306/525/145 877/529/149 373/526/146
f 123/523/143 373/526/146 919/514/8
f 374/304/8 889/303/8 343/527/147
f 124/528/148 373/526/146 877/529/149
f 334/530/150 863/1109/295 355/292/61
f 124/528/148 355/292/61 904/297/8
f 375/515/8 919/514/8 373/526/146
s 3
f 324/68/27 896/1080/28 378/398/28
f 378/398/28 921/1083/28 377/70/27
f 377/70/27 898/1085/29 326/460/29
f 326/460/29 873/1081/29 324/68/27
f 327/79/13 899/1086/14 386/468/14
f 386/468/14 925/1054/14 384/29/13
f 384/29/13 1066/1057/15 321/533/15
f 321/533/15 1034/1087/15 327/79/13
s 4
f 332/171/21 911/1096/22 393/506/22
f 393/506/22 928/1124/22 391/507/21
f 391/507/21 888/1126/23 319/535/23
f 319/535/23 870/1097/23 332/171/21
f 392/505/52 913/182/26 359/519/142
f 128/536/151 359/519/142 863/518/141
f 334/537/152 877/510/136 394/508/134
f 394/508/134 928/1124/22 392/505/52
f 800/538/153 1016/1127/161 481/539/154
f 481/539/154 965/1128/162 718/541/156
f 718/541/156 1020/1129/301 482/542/157
f 129/540/155 482/542/157 1039/543/158
s 2
f 480/544/8 1015/1008/8 477/545/8
f 130/546/8 477/545/8 968/547/8
f 419/548/8 931/258/8 257/19/8
f 130/546/8 257/19/8 958/18/8
s 1
f 520/549/2 1086/1000/2 792/550/2
f 131/551/2 792/550/2 970/552/2
f 721/553/2 1023/755/2 500/554/2
f 131/551/2 500/554/2 1056/555/2
s 3
f 476/556/159 1014/1130/159 791/557/160
f 791/557/160 1066/1131/15 347/559/15
f 347/559/15 1028/1132/15 680/560/160
f 680/560/160 961/997/159 476/556/159
s 4
f 133/561/154 789/566/161 1013/562/161
f 471/563/154 963/1133/162 418/564/162
f 418/564/162 929/1134/162 681/565/154
f 681/565/154 1053/1135/161 789/566/161
f 470/567/161 1012/1136/161 788/568/154
f 788/568/154 1040/967/162 707/570/162
f 707/570/162 934/1137/162 401/571/154
f 401/571/154 973/1138/161 470/567/161
f 467/572/163 1011/1139/163 465/573/164
f 465/573/164 975/972/165 421/575/165
f 421/575/165 950/1140/165 402/576/164
f 402/576/164 974/1141/163 467/572/163
f 786/577/163 1010/947/163 462/578/164
f 462/578/164 976/1142/165 422/580/165
f 422/580/165 948/725/165 690/581/164
f 690/581/164 1068/1143/163 786/577/163
s 3
f 516/582/159 1084/1144/159 515/583/160
f 515/583/160 1052/1145/15 578/585/15
f 578/585/15 947/1146/15 692/586/160
f 692/586/160 1069/1147/159 516/582/159
f 783/587/166 1083/1148/166 781/588/167
f 781/588/167 978/1149/168 424/590/168
f 424/590/168 951/1150/168 404/591/167
f 404/591/167 977/919/166 783/587/166
f 780/592/169 1082/1151/166 778/593/167
f 778/593/167 979/1152/168 425/595/171
f 425/595/171 941/1153/302 399/596/172
f 139/594/170 399/596/172 967/597/173
f 461/598/159 1009/911/159 775/599/160
f 775/599/160 1051/1154/15 339/601/15
f 339/601/15 1034/1155/15 693/602/160
f 693/602/160 980/1156/159 461/598/159
f 460/603/166 1008/1157/166 772/604/167
f 772/604/167 1070/909/168 506/606/168
f 506/606/168 1036/1158/168 694/607/167
f 694/607/167 981/1159/166 460/603/166
f 771/608/166 1007/886/166 458/609/167
f 458/609/167 982/1160/168 427/611/168
f 427/611/168 946/1161/168 689/612/167
f 142/610/167 689/612/167 1065/613/166
s 1
f 143/614/2 769/620/2 1081/615/2
f 768/616/2 960/764/2 714/617/2
f 143/614/2 714/617/2 1033/618/2
f 696/619/2 983/875/2 769/620/2
f 144/621/2 767/627/2 1006/622/2
f 765/623/2 1072/863/2 508/624/2
f 144/621/2 508/624/2 1037/625/2
f 494/626/2 1071/854/2 767/627/2
f 764/628/2 1005/850/2 455/629/2
f 145/630/2 455/629/2 984/631/2
f 428/632/2 935/1005/2 708/633/2
f 145/630/2 708/633/2 1041/634/2
s 2
f 146/635/8 454/641/8 1004/636/8
f 452/637/8 959/796/8 416/638/8
f 146/635/8 416/638/8 944/639/8
f 407/640/8 985/845/8 454/641/8
f 147/642/8 451/648/8 1003/643/8
f 449/644/8 987/826/8 728/645/8
f 147/642/8 728/645/8 1038/646/8
f 698/647/8 986/817/8 451/648/8
f 760/649/8 1002/813/8 447/650/8
f 148/651/8 447/650/8 988/652/8
f 430/653/8 943/484/8 545/123/8
f 148/651/8 545/123/8 1063/122/8
f 149/654/174 758/660/8 1001/655/8
f 445/656/175 967/801/200 399/657/176
f 149/654/174 399/657/176 941/658/177
f 700/659/178 1073/808/8 758/660/8
f 150/661/8 756/667/8 1000/662/8
f 754/663/8 1075/788/8 731/664/8
f 150/661/8 731/664/8 952/665/8
f 701/666/8 1074/781/8 756/667/8
f 753/668/8 999/777/8 442/669/8
f 151/670/8 442/669/8 989/671/8
f 431/672/8 942/493/8 544/144/8
f 151/670/8 544/144/8 1062/143/8
s 1
f 152/673/179 441/679/2 998/674/2
f 750/675/180 1059/767/196 492/676/181
f 152/673/179 492/676/181 1030/677/182
f 702/678/183 990/772/2 441/679/2
f 153/680/2 749/686/2 1080/681/2
f 747/682/2 992/758/2 433/683/2
f 153/680/2 433/683/2 953/684/2
f 410/685/2 991/751/2 749/686/2
f 509/687/2 1079/747/2 744/688/2
f 154/689/2 744/688/2 993/690/2
f 434/691/2 938/1031/2 711/692/2
f 154/689/2 711/692/2 1045/693/2
s 4
f 743/694/161 997/1162/161 439/695/154
f 439/695/154 956/738/162 414/697/162
f 414/697/162 937/1163/162 703/698/154
f 703/698/154 1076/1164/161 743/694/161
f 438/699/163 996/727/163 738/700/164
f 738/700/164 1077/1165/165 734/702/165
f 734/702/165 954/1166/165 413/703/164
f 413/703/164 994/711/163 438/699/163
f 737/704/184 995/1167/163 736/705/164
f 736/705/164 1078/713/165 735/707/186
f 157/706/185 735/707/186 933/708/187
f 682/709/188 1055/721/191 737/704/184
f 158/710/164 437/714/163 994/711/163
f 413/703/164 954/1166/165 705/712/165
f 158/710/164 705/712/165 1078/713/165
f 736/705/164 995/1167/163 437/714/163
f 262/715/46 949/1168/46 435/716/189
f 435/716/189 994/711/163 437/714/163
f 437/714/163 995/1167/163 436/718/189
f 436/718/189 972/1169/46 262/715/46
f 594/719/47 972/1169/46 436/718/189
f 436/718/189 995/1167/163 737/704/184
f 160/720/190 737/704/184 1055/721/191
f 499/722/192 1022/1170/292 594/719/47
f 740/723/163 1068/1143/163 690/581/164
f 161/724/164 690/581/164 948/725/165
f 704/726/165 1077/1165/165 738/700/164
f 161/724/164 738/700/164 996/727/163
f 539/728/46 932/1171/46 722/729/189
f 722/729/189 1068/1143/163 740/723/163
f 740/723/163 996/727/163 739/731/189
f 162/730/189 739/731/189 1054/732/46
f 581/733/46 1054/732/46 739/731/189
f 739/731/189 996/727/163 438/699/163
f 438/699/163 994/711/163 435/716/189
f 435/716/189 949/1168/46 581/733/46
f 742/735/161 1053/1135/161 681/565/154
f 681/565/154 929/1134/162 395/737/162
f 164/736/154 395/737/162 956/738/162
f 439/695/154 997/1162/161 742/735/161
f 704/726/165 948/725/165 715/739/193
f 715/739/193 1053/1135/161 742/735/161
f 742/735/161 997/1162/161 741/741/193
f 741/741/193 1077/1165/165 704/726/165
f 734/702/165 1077/1165/165 741/741/193
f 741/741/193 997/1162/161 743/694/161
f 743/694/161 1076/1164/161 733/743/193
f 733/743/193 954/1166/165 734/702/165
s 1
f 746/744/2 991/751/2 410/685/2
f 167/745/2 410/685/2 953/684/2
f 412/746/2 993/690/2 744/688/2
f 167/745/2 744/688/2 1079/747/2
f 688/748/2 1033/618/2 732/749/2
f 168/750/2 732/749/2 991/751/2
f 746/744/2 1079/747/2 745/752/2
f 168/750/2 745/752/2 970/552/2
f 721/553/2 970/552/2 745/752/2
f 169/753/2 745/752/2 1079/747/2
f 509/687/2 1045/693/2 488/754/2
f 169/753/2 488/754/2 1023/755/2
f 170/756/2 510/759/2 1064/223/2
f 546/227/2 945/242/2 411/757/2
f 170/756/2 411/757/2 992/758/2
f 747/682/2 1080/681/2 510/759/2
f 171/760/2 679/762/2 1027/229/2
f 345/232/2 1064/223/2 510/759/2
f 171/760/2 510/759/2 1080/681/2
f 748/761/2 960/764/2 679/762/2
f 172/763/2 714/617/2 960/764/2
f 748/761/2 1080/681/2 749/686/2
f 172/763/2 749/686/2 991/751/2
f 732/749/2 1033/618/2 714/617/2
f 173/765/194 751/768/2 1049/236/2
f 533/240/56 930/1107/293 716/766/195
f 173/765/194 716/766/195 1059/767/196
f 750/675/180 998/674/2 751/768/2
f 174/769/2 411/757/2 945/242/2
f 576/244/2 1049/236/2 751/768/2
f 174/769/2 751/768/2 998/674/2
f 440/770/2 992/758/2 411/757/2
f 175/771/2 433/683/2 992/758/2
f 440/770/2 998/674/2 441/679/2
f 175/771/2 441/679/2 990/772/2
f 432/773/2 953/684/2 433/683/2
s 2
f 752/774/8 1074/781/8 701/666/8
f 176/775/8 701/666/8 952/665/8
f 409/776/8 989/671/8 442/669/8
f 176/775/8 442/669/8 999/777/8
f 400/778/8 944/639/8 730/779/8
f 177/780/8 730/779/8 1074/781/8
f 752/774/8 999/777/8 443/782/8
f 177/780/8 443/782/8 968/547/8
f 419/548/8 968/547/8 443/782/8
f 178/783/8 443/782/8 999/777/8
f 753/668/8 1062/143/8 590/259/8
f 178/783/8 590/259/8 931/258/8
f 179/784/8 755/789/8 1057/785/8
f 491/786/8 1029/804/8 496/787/8
f 179/784/8 496/787/8 1075/788/8
f 754/663/8 1000/662/8 755/789/8
f 180/790/8 678/794/8 1024/791/8
f 501/792/8 1057/785/8 755/789/8
f 180/790/8 755/789/8 1000/662/8
f 444/793/8 959/796/8 678/794/8
f 181/795/8 416/638/8 959/796/8
f 444/793/8 1000/662/8 756/667/8
f 181/795/8 756/667/8 1074/781/8
f 730/779/8 944/639/8 416/638/8
f 182/797/197 446/802/8 955/798/8
f 676/799/198 1018/1172/303 720/800/199
f 182/797/197 720/800/199 967/801/200
f 445/656/175 1001/655/8 446/802/8
f 183/803/8 496/787/8 1029/804/8
f 709/805/8 955/798/8 446/802/8
f 183/803/8 446/802/8 1001/655/8
f 757/806/8 1075/788/8 496/787/8
f 184/807/8 731/664/8 1075/788/8
f 757/806/8 1001/655/8 758/660/8
f 184/807/8 758/660/8 1073/808/8
f 729/809/8 952/665/8 731/664/8
f 448/810/8 986/817/8 698/647/8
f 185/811/8 698/647/8 1038/646/8
f 699/812/8 988/652/8 447/650/8
f 185/811/8 447/650/8 1002/813/8
f 682/814/201 933/1173/304 429/815/202
f 186/816/203 429/815/202 986/817/8
f 448/810/8 1002/813/8 759/818/204
f 186/816/203 759/818/204 1055/819/205
f 499/820/206 1055/819/205 759/818/204
f 187/821/207 759/818/204 1002/813/8
f 760/649/8 1063/122/8 344/301/69
f 187/821/207 344/301/69 1022/300/68
f 188/822/8 450/827/8 966/823/8
f 398/824/8 939/841/8 408/825/8
f 188/822/8 408/825/8 987/826/8
f 449/644/8 1003/643/8 450/827/8
f 189/828/208 482/832/212 1020/829/209
f 719/830/210 966/823/8 450/827/8
f 189/828/208 450/827/8 1003/643/8
f 761/831/211 1039/834/214 482/832/212
f 190/833/213 706/835/215 1039/834/214
f 761/831/211 1003/643/8 451/648/8
f 190/833/213 451/648/8 986/817/8
f 429/815/202 933/1173/304 706/835/215
f 191/836/8 762/839/8 1046/837/8
f 489/838/8 1024/791/8 678/794/8
f 191/836/8 678/794/8 959/796/8
f 452/637/8 1004/636/8 762/839/8
f 192/840/8 408/825/8 939/841/8
f 712/842/8 1046/837/8 762/839/8
f 192/840/8 762/839/8 1004/636/8
f 453/843/8 987/826/8 408/825/8
f 193/844/8 728/645/8 987/826/8
f 453/843/8 1004/636/8 454/641/8
f 193/844/8 454/641/8 985/845/8
f 727/846/8 1038/646/8 728/645/8
s 1
f 763/847/2 1071/854/2 494/626/2
f 194/848/2 494/626/2 1037/625/2
f 697/849/2 984/631/2 455/629/2
f 194/848/2 455/629/2 1005/850/2
f 685/851/216 1031/1174/305 507/852/217
f 195/853/218 507/852/217 1071/854/2
f 763/847/2 1005/850/2 456/855/219
f 195/853/218 456/855/219 964/856/220
f 717/857/221 964/856/220 456/855/219
f 196/858/222 456/855/219 1005/850/2
f 764/628/2 1041/634/2 484/859/223
f 196/858/222 484/859/223 1019/860/224
f 197/861/2 457/864/2 969/336/2
f 547/340/2 1032/354/2 495/862/2
f 197/861/2 495/862/2 1072/863/2
f 765/623/2 1006/622/2 457/864/2
f 198/865/225 487/867/227 1021/342/80
f 591/345/83 969/336/2 457/864/2
f 198/865/225 457/864/2 1006/622/2
f 766/866/226 1044/869/229 487/867/227
f 199/868/228 498/870/230 1044/869/229
f 766/866/226 1006/622/2 767/627/2
f 199/868/228 767/627/2 1071/854/2
f 507/852/217 1031/1174/305 498/870/230
f 200/871/2 512/872/2 1050/350/2
f 313/352/2 1027/229/2 679/762/2
f 200/871/2 679/762/2 960/764/2
f 768/616/2 1081/615/2 512/872/2
f 201/873/2 508/624/2 1072/863/2
f 511/874/2 1081/615/2 769/620/2
f 201/873/2 769/620/2 983/875/2
f 726/876/2 1037/625/2 508/624/2
s 3
f 459/877/166 981/1159/166 694/607/167
f 694/607/167 1036/1158/168 695/879/168
f 695/879/168 982/1160/168 458/609/167
f 458/609/167 1007/886/166 459/877/166
f 684/880/231 936/1175/231 426/881/232
f 426/881/232 981/1159/166 459/877/166
f 459/877/166 1007/886/166 770/883/232
f 770/883/232 1058/1176/231 684/880/231
f 502/884/231 1058/1176/231 770/883/232
f 204/885/232 770/883/232 1007/886/166
f 771/608/166 1065/613/166 505/887/232
f 505/887/232 1025/1177/231 502/884/231
f 205/888/233 774/892/237 1043/889/234
f 497/890/235 1030/1178/306 493/891/236
f 493/891/236 1070/909/168 772/604/167
f 772/604/167 1008/1157/166 774/892/237
f 206/893/238 485/897/241 1017/894/239
f 486/895/240 1043/889/234 774/892/237
f 774/892/237 1008/1157/166 773/896/232
f 773/896/232 1042/1179/231 485/897/241
f 710/898/231 1042/1179/231 773/896/232
f 773/896/232 1008/1157/166 460/603/166
f 460/603/166 981/1159/166 426/881/232
f 426/881/232 936/1175/231 710/898/231
f 777/900/242 1059/907/247 716/901/243
f 208/902/244 716/901/243 930/903/102
f 536/904/101 1051/1154/15 775/599/160
f 775/599/160 1009/911/159 777/900/242
f 493/891/236 1030/1178/306 492/905/245
f 209/906/246 492/905/245 1059/907/247
f 777/900/242 1009/911/159 776/908/248
f 209/906/246 776/908/248 1070/909/168
f 506/606/168 1070/909/168 776/908/248
f 210/910/248 776/908/248 1009/911/159
f 461/598/159 980/1156/159 725/912/248
f 725/912/248 1036/1158/168 506/606/168
f 779/913/166 977/919/166 404/591/167
f 404/591/167 951/1150/168 406/915/168
f 406/915/168 979/1152/168 778/593/167
f 778/593/167 1082/1151/166 779/913/166
f 687/916/231 940/1180/231 423/917/232
f 212/918/232 423/917/232 977/919/166
f 779/913/166 1082/1151/166 513/920/232
f 513/920/232 1061/1181/231 687/916/231
f 504/921/249 1061/1181/231 513/920/232
f 513/920/232 1082/1151/166 780/592/169
f 780/592/169 967/597/173 720/923/251
f 213/922/250 720/923/251 1018/924/252
f 514/925/166 1065/613/166 689/612/167
f 689/612/167 946/1161/168 405/927/168
f 405/927/168 978/1149/168 781/588/167
f 781/588/167 1083/1148/166 514/925/166
f 677/928/231 1025/1177/231 505/887/232
f 505/887/232 1065/613/166 514/925/166
f 514/925/166 1083/1148/166 782/930/232
f 782/930/232 957/1182/231 677/928/231
f 415/931/231 957/1182/231 782/930/232
f 782/930/232 1083/1148/166 783/587/166
f 783/587/166 977/919/166 423/917/232
f 423/917/232 940/1180/231 415/931/231
f 785/933/159 961/997/159 680/560/160
f 680/560/160 1028/1132/15 314/935/15
f 314/935/15 1052/1145/15 515/583/160
f 515/583/160 1084/1144/159 785/933/159
f 405/927/168 946/1161/168 417/936/248
f 417/936/248 961/997/159 785/933/159
f 785/933/159 1084/1144/159 784/938/248
f 784/938/248 978/1149/168 405/927/168
f 424/590/168 978/1149/168 784/938/248
f 784/938/248 1084/1144/159 516/582/159
f 516/582/159 1069/1147/159 724/940/248
f 724/940/248 951/1150/168 424/590/168
s 4
f 464/941/163 974/1141/163 402/576/164
f 402/576/164 950/1140/165 403/943/165
f 403/943/165 976/1142/165 462/578/164
f 462/578/164 1010/947/163 464/941/163
f 550/944/46 1035/1183/46 723/945/189
f 723/945/189 974/1141/163 464/941/163
f 221/946/189 464/941/163 1010/947/163
f 463/948/189 971/1184/46 550/944/46
f 272/949/46 971/1184/46 463/948/189
f 463/948/189 1010/947/163 786/577/163
f 786/577/163 1068/1143/163 722/729/189
f 722/729/189 932/1171/46 272/949/46
f 787/951/253 1044/959/260 498/952/254
f 223/953/255 498/952/254 1031/954/256
f 691/955/257 975/972/165 465/573/164
f 465/573/164 1011/1139/163 787/951/253
f 538/956/117 1021/1185/298 487/957/258
f 224/958/259 487/957/258 1044/959/260
f 787/951/253 1011/1139/163 466/960/189
f 466/960/189 962/1186/46 538/956/117
f 580/961/46 962/1186/46 466/960/189
f 466/960/189 1011/1139/163 467/572/163
f 467/572/163 974/1141/163 723/945/189
f 723/945/189 1035/1183/46 580/961/46
f 226/963/261 469/968/265 964/964/262
f 717/965/263 1019/1187/307 483/966/264
f 226/963/261 483/966/264 1040/967/162
f 788/568/154 1012/1136/161 469/968/265
f 227/969/266 691/955/257 1031/954/256
f 685/970/267 964/964/262 469/968/265
f 469/968/265 1012/1136/161 468/971/193
f 227/969/266 468/971/193 975/972/165
f 421/575/165 975/972/165 468/971/193
f 468/971/193 1012/1136/161 470/567/161
f 470/567/161 973/1138/161 420/974/193
f 420/974/193 950/1140/165 421/575/165
f 473/975/161 973/1138/161 401/571/154
f 401/571/154 934/1137/162 396/977/162
f 396/977/162 963/1133/162 471/563/154
f 471/563/154 1013/562/161 473/975/161
f 403/943/165 950/1140/165 420/974/193
f 420/974/193 973/1138/161 473/975/161
f 473/975/161 1013/562/161 472/979/193
f 472/979/193 976/1142/165 403/943/165
f 422/580/165 976/1142/165 472/979/193
f 472/979/193 1013/562/161 789/566/161
f 789/566/161 1053/1135/161 715/739/193
f 715/739/193 948/725/165 422/580/165
s 3
f 518/981/159 1069/1147/159 692/586/160
f 692/586/160 947/1146/15 549/983/15
f 549/983/15 1067/1188/15 517/984/160
f 517/984/160 1085/1189/159 518/981/159
f 406/915/168 951/1150/168 724/940/248
f 724/940/248 1069/1147/159 518/981/159
f 518/981/159 1085/1189/159 790/986/248
f 790/986/248 979/1152/168 406/915/168
f 425/595/171 979/1152/168 790/986/248
f 790/986/248 1085/1189/159 519/988/269
f 234/987/268 519/988/269 1047/989/270
f 713/990/271 941/1153/302 425/595/171
f 475/991/159 980/1156/159 693/602/160
f 693/602/160 1034/1155/15 321/993/15
f 321/993/15 1066/1131/15 791/557/160
f 791/557/160 1014/1130/159 475/991/159
f 695/879/168 1036/1158/168 725/912/248
f 725/912/248 980/1156/159 475/991/159
f 475/991/159 1014/1130/159 474/995/248
f 474/995/248 982/1160/168 695/879/168
f 427/611/168 982/1160/168 474/995/248
f 474/995/248 1014/1130/159 476/556/159
f 237/996/248 476/556/159 961/997/159
f 417/936/248 946/1161/168 427/611/168
s 1
f 794/998/2 983/875/2 696/619/2
f 238/999/2 696/619/2 1033/618/2
f 688/748/2 970/552/2 792/550/2
f 238/999/2 792/550/2 1086/1000/2
f 697/849/2 1037/625/2 726/876/2
f 239/1001/2 726/876/2 983/875/2
f 794/998/2 1086/1000/2 793/1002/2
f 239/1001/2 793/1002/2 984/631/2
f 428/632/2 984/631/2 793/1002/2
f 240/1003/2 793/1002/2 1086/1000/2
f 520/549/2 1056/555/2 683/1004/2
f 240/1003/2 683/1004/2 935/1005/2
s 2
f 479/1006/8 985/845/8 407/640/8
f 241/1007/8 407/640/8 944/639/8
f 400/778/8 968/547/8 477/545/8
f 241/1007/8 477/545/8 1015/1008/8
f 699/812/8 1038/646/8 727/846/8
f 242/1009/8 727/846/8 985/845/8
f 479/1006/8 1015/1008/8 478/1010/8
f 242/1009/8 478/1010/8 988/652/8
f 430/653/8 988/652/8 478/1010/8
f 243/1011/8 478/1010/8 1015/1008/8
f 480/544/8 958/18/8 268/485/8
f 243/1011/8 268/485/8 943/484/8
f 522/1012/8 1073/808/8 700/659/178
f 244/1013/272 700/659/178 941/658/177
f 713/1014/273 1047/1045/285 521/1015/274
f 244/1013/272 521/1015/274 1087/1016/8
f 409/776/8 952/665/8 729/809/8
f 245/1017/8 729/809/8 1073/808/8
f 522/1012/8 1087/1016/8 795/1018/8
f 245/1017/8 795/1018/8 989/671/8
f 431/672/8 989/671/8 795/1018/8
f 246/1019/8 795/1018/8 1087/1016/8
f 523/1020/8 1048/11/8 575/494/8
f 246/1019/8 575/494/8 942/493/8
s 1
f 797/1021/2 990/772/2 702/678/183
f 247/1022/275 702/678/183 1030/677/182
f 497/1023/276 1043/1040/281 524/1024/277
f 247/1022/275 524/1024/277 1088/1025/2
f 412/746/2 953/684/2 432/773/2
f 248/1026/2 432/773/2 990/772/2
f 797/1021/2 1088/1025/2 796/1027/2
f 248/1026/2 796/1027/2 993/690/2
f 434/691/2 993/690/2 796/1027/2
f 249/1028/2 796/1027/2 1088/1025/2
f 525/1029/2 1060/1043/2 686/1030/2
f 249/1028/2 686/1030/2 938/1031/2
s 4
f 799/1032/161 1076/1164/161 703/698/154
f 703/698/154 937/1163/162 397/1034/162
f 397/1034/162 965/1128/162 481/539/154
f 481/539/154 1016/1127/161 799/1032/161
f 705/712/165 954/1166/165 733/743/193
f 733/743/193 1076/1164/161 799/1032/161
f 799/1032/161 1016/1127/161 798/1036/193
f 798/1036/193 1078/713/165 705/712/165
f 735/707/186 1078/713/165 798/1036/193
f 798/1036/193 1016/1127/161 800/538/153
f 800/538/153 1039/543/158 706/1038/279
f 252/1037/278 706/1038/279 933/708/187
s 1
f 525/1029/2 1088/1025/2 524/1024/277
f 253/1039/280 524/1024/277 1043/1040/281
f 486/1041/282 1017/1190/308 503/1042/283
f 253/1039/280 503/1042/283 1060/1043/2
s 2
f 523/1020/8 1087/1016/8 521/1015/274
f 254/1044/284 521/1015/274 1047/1045/285
f 490/1046/286 1026/1053/290 312/12/10
f 254/1044/284 312/12/10 1048/11/8
s 3
f 519/988/269 1085/1189/159 517/984/160
f 517/984/160 1067/1188/15 348/1048/20
f 255/1047/287 348/1048/20 1026/1049/19
f 490/1050/288 1047/989/270 519/988/269
s 1
f 256/1051/2 495/862/2 1032/354/2
f 338/356/2 1050/350/2 512/872/2
f 256/1051/2 512/872/2 1081/615/2
f 511/874/2 1072/863/2 495/862/2
