# 3ds Max Wavefront OBJ Exporter v0.99 - (c)2007 guruware
# File Created: 10.04.2025 12:04:00

mtllib show-case.mtl

#
# object tech_pedestal
#

v  -1.7548 1.0534 8.8222
v  -3.3916 1.6297 8.1880
v  -3.4422 1.0534 8.3103
v  8.1880 1.6297 -3.3916
v  7.4791 1.0534 -4.9974
v  7.3690 1.6297 -4.9238
v  -6.4281 0.6371 6.4281
v  -5.1318 0.0000 7.6803
v  -5.0505 0.6371 7.5586
v  -4.9238 1.6297 -7.3690
v  -6.3604 1.0534 -6.3604
v  -6.2668 1.6297 -6.2668
v  -1.7290 1.6297 -8.6923
v  -3.4422 1.0534 -8.3103
v  -3.3916 1.6297 -8.1880
v  0.0000 1.9065 9.1949
v  -1.5870 0.3182 9.4837
v  0.0000 0.3187 9.6383
v  -7.6803 0.0000 5.1318
v  -7.5586 0.6371 5.0505
v  -7.4791 1.0534 4.9974
v  -6.2668 1.6297 6.2668
v  -7.3690 1.6297 4.9238
v  9.0634 1.9065 1.5146
v  9.6383 0.3187 -0.0000
v  9.1949 1.9065 -0.0000
v  -8.3987 0.6371 3.4788
v  -8.5339 0.0000 3.5349
v  -9.4837 0.3182 1.5870
v  -9.0595 0.0000 1.8021
v  -8.9160 0.6371 1.7735
v  -9.0634 1.9065 -1.5146
v  -9.6383 0.3187 0.0000
v  -9.1949 1.9065 0.0000
v  7.6803 0.0000 5.1318
v  8.3987 0.6371 3.4788
v  7.5586 0.6371 5.0505
v  6.4281 0.6371 6.4281
v  6.5316 0.0000 6.5316
v  7.4791 1.0534 4.9974
v  6.2668 1.6297 6.2668
v  6.3604 1.0534 6.3604
v  -7.3690 1.6297 -4.9238
v  -8.3103 1.0534 -3.4422
v  -8.1880 1.6297 -3.3916
v  -8.8222 1.0534 -1.7548
v  4.9238 1.6297 7.3690
v  4.9974 1.0534 7.4791
v  -7.4791 1.0534 -4.9974
v  6.3604 1.0534 -6.3604
v  6.2668 1.6297 -6.2668
v  -3.4788 0.6371 -8.3987
v  -5.1318 0.0000 -7.6803
v  -5.0505 0.6371 -7.5586
v  1.7290 1.6297 8.6923
v  1.5146 1.9065 9.0634
v  1.7548 1.0534 8.8222
v  4.9238 1.6297 -7.3690
v  3.4422 1.0534 -8.3103
v  3.3916 1.6297 -8.1880
v  4.9974 1.0534 -7.4791
v  -1.5870 0.3182 -9.4837
v  -1.8021 0.0000 -9.0595
v  -1.7735 0.6371 -8.9160
v  -1.8020 0.0000 9.0595
v  -3.4788 0.6371 8.3987
v  -3.5348 0.0000 8.5339
v  -7.6803 0.0000 -5.1318
v  -6.4281 0.6371 -6.4281
v  -6.5316 0.0000 -6.5316
v  0.0000 1.9658 -7.4242
v  -1.4282 1.8125 -7.1930
v  0.0025 1.8124 -7.3338
v  6.8590 1.9658 -2.8411
v  6.1001 1.8120 -4.0743
v  6.7778 1.8120 -2.8064
v  -6.5248 2.0754 1.2979
v  -6.7354 1.8174 0.0000
v  -6.6059 1.8174 1.3145
v  7.2815 1.9658 -1.4484
v  7.1951 1.8119 -1.4307
v  -6.6527 2.0754 0.0000
v  -6.6059 1.8174 -1.3145
v  7.4242 1.9658 -0.0000
v  7.3360 1.8119 -0.0000
v  -6.5248 2.0754 -1.2979
v  -6.2225 1.8175 -2.5785
v  7.2815 1.9658 1.4484
v  7.1951 1.8119 1.4307
v  -6.1463 2.0754 -2.5459
v  -5.5998 1.8175 -3.7434
v  0.0000 2.0754 -6.6527
v  1.3170 1.8180 -6.6079
v  0.0026 1.8179 -6.7375
v  6.8590 1.9658 2.8411
v  6.7778 1.8120 2.8064
v  -5.5315 2.0754 -3.6960
v  -4.7618 1.8176 -4.7644
v  1.2979 2.0754 -6.5248
v  2.5809 1.8181 -6.2245
v  6.1730 1.9658 4.1246
v  6.1001 1.8120 4.0743
v  -4.7041 2.0754 -4.7041
v  -3.7407 1.8176 -5.6023
v  2.5459 2.0754 -6.1463
v  3.7456 1.8181 -5.6018
v  5.2497 1.9658 5.2497
v  5.1881 1.8121 5.1856
v  -3.6960 2.0754 -5.5315
v  -2.5758 1.8177 -6.2248
v  3.6960 2.0754 -5.5315
v  4.7665 1.8182 -4.7639
v  4.1247 1.9658 6.1730
v  4.0769 1.8121 6.0977
v  -2.5459 2.0754 -6.1463
v  -1.3118 1.8178 -6.6082
v  4.7041 2.0754 -4.7042
v  5.6043 1.8183 -3.7429
v  2.8411 1.9658 6.8590
v  2.8090 1.8122 6.7754
v  -1.2979 2.0754 -6.5248
v  5.5315 2.0754 -3.6960
v  6.2268 1.8183 -2.5781
v  1.4484 1.9658 7.2815
v  1.4333 1.8123 7.1928
v  6.1463 2.0754 -2.5459
v  6.6102 1.8183 -1.3143
v  0.0000 1.9658 7.4242
v  0.0025 1.8124 7.3338
v  6.5248 2.0754 -1.2979
v  6.7396 1.8183 -0.0000
v  -1.4484 1.9658 7.2815
v  -1.4282 1.8125 7.1930
v  6.6527 2.0754 -0.0000
v  6.6102 1.8183 1.3143
v  -2.8411 1.9658 6.8590
v  -2.8041 1.8126 6.7757
v  -1.2536 2.4946 -7.6173
v  0.0000 1.9065 -9.1949
v  -1.5146 1.9065 -9.0634
v  4.3834 1.8559 -6.5602
v  5.5895 1.9344 -5.5896
v  4.4112 1.9344 -6.5566
v  -1.9972 1.8569 -7.5996
v  -2.1573 1.8189 -8.0696
v  -2.0601 1.9353 -7.5811
v  5.5790 1.8559 -5.5790
v  6.5566 1.9344 -4.4112
v  2.2469 2.0071 -7.6233
v  3.2746 1.9380 -7.6223
v  2.3053 1.9374 -7.9166
v  7.3457 2.0067 -3.1600
v  7.9166 1.9374 -2.3053
v  7.6222 1.9380 -3.2746
v  3.1600 2.0067 -7.3457
v  4.6634 1.9380 -6.8797
v  -7.7399 2.4946 0.0000
v  -7.6173 2.4946 1.2536
v  -9.0634 1.9065 1.5146
v  7.2893 1.8559 -3.0193
v  7.5811 1.9353 -2.0601
v  7.2752 1.9344 -3.0669
v  4.4971 2.0067 -6.6309
v  5.8807 1.9380 -5.8807
v  7.6233 2.0071 2.2469
v  7.6223 1.9380 3.2746
v  7.9167 1.9374 2.3053
v  5.6690 2.0067 -5.6691
v  6.8797 1.9380 -4.6634
v  7.3457 2.0067 3.1600
v  6.8797 1.9380 4.6634
v  6.5602 1.8559 -4.3834
v  0.0000 2.4946 7.7399
v  -1.5146 1.9065 9.0634
v  1.2536 2.4946 7.6173
v  6.6309 2.0067 4.4971
v  5.8807 1.9380 5.8807
v  6.6309 2.0067 -4.4971
v  5.6691 2.0067 5.6691
v  4.6634 1.9380 6.8797
v  7.7577 1.7396 3.2133
v  8.0696 1.8189 2.1573
v  7.7358 1.8200 3.2576
v  3.1600 2.0067 7.3457
v  2.3053 1.9374 7.9166
v  3.2746 1.9380 7.6222
v  6.9818 1.7396 4.6651
v  6.9711 1.8200 4.6882
v  7.7399 2.4946 -0.0000
v  7.6173 2.4946 -1.2536
v  9.0634 1.9065 -1.5146
v  4.4971 2.0067 6.6309
v  5.9375 1.7396 5.9375
v  5.9421 1.8200 5.9421
v  -2.2469 2.0071 7.6233
v  -3.2746 1.9380 7.6223
v  -2.3053 1.9374 7.9167
v  4.6651 1.7396 6.9818
v  4.6882 1.8200 6.9711
v  -3.1600 2.0067 7.3457
v  -4.6634 1.9380 6.8797
v  4.3834 1.8559 6.5602
v  3.0669 1.9344 7.2752
v  4.4112 1.9344 6.5566
v  0.0000 2.4946 -7.7399
v  1.5146 1.9065 -9.0634
v  -6.0956 1.8128 4.0746
v  -4.7618 1.8176 4.7644
v  -5.5998 1.8175 3.7434
v  -6.7734 1.8129 2.8067
v  -6.2225 1.8175 2.5785
v  -7.1908 1.8129 1.4308
v  6.2268 1.8183 2.5781
v  -7.3317 1.8129 0.0000
v  5.6043 1.8183 3.7429
v  -7.1908 1.8129 -1.4308
v  4.7665 1.8182 4.7639
v  -6.7734 1.8129 -2.8067
v  3.7456 1.8181 5.6018
v  -6.0956 1.8128 -4.0746
v  2.5809 1.8181 6.2245
v  1.4333 1.8123 -7.1928
v  -5.1835 1.8128 -5.1860
v  1.3170 1.8180 6.6080
v  2.8090 1.8122 -6.7754
v  -4.0721 1.8127 -6.0980
v  0.0026 1.8179 6.7375
v  4.0769 1.8121 -6.0977
v  -2.8041 1.8126 -6.7757
v  -1.3118 1.8178 6.6082
v  5.1881 1.8121 -5.1856
v  -2.5758 1.8177 6.2248
v  -4.0721 1.8127 6.0980
v  -3.7407 1.8176 5.6023
v  -5.1835 1.8128 5.1860
v  -6.1463 2.0754 2.5459
v  6.1730 1.9658 -4.1247
v  -1.4484 1.9658 -7.2815
v  -5.5315 2.0754 3.6960
v  5.2497 1.9658 -5.2497
v  -2.8411 1.9658 -6.8590
v  -4.7041 2.0754 4.7041
v  4.1246 1.9658 -6.1730
v  -4.1246 1.9658 -6.1730
v  -3.6960 2.0754 5.5315
v  2.8411 1.9658 -6.8590
v  -5.2497 1.9658 -5.2497
v  -2.5459 2.0754 6.1463
v  1.4484 1.9658 -7.2815
v  -6.1730 1.9658 -4.1246
v  -1.2979 2.0754 6.5248
v  -6.8590 1.9658 -2.8411
v  0.0000 2.0754 6.6527
v  -7.2815 1.9658 -1.4484
v  1.2979 2.0754 6.5248
v  -7.4242 1.9658 0.0000
v  2.5459 2.0754 6.1463
v  -7.2815 1.9658 1.4484
v  3.6960 2.0754 5.5315
v  -6.8590 1.9658 2.8411
v  4.7042 2.0754 4.7041
v  -6.1730 1.9658 4.1247
v  5.5315 2.0754 3.6960
v  -5.2497 1.9658 5.2497
v  6.1463 2.0754 2.5459
v  -4.1246 1.9658 6.1730
v  6.5248 2.0754 1.2979
v  0.0000 0.0000 -9.2370
v  -9.0595 0.0000 -1.8020
v  -9.2370 0.0000 0.0000
v  0.0000 0.0000 9.2370
v  1.5870 0.3182 9.4837
v  1.8021 0.0000 9.0595
v  9.0595 0.0000 1.8020
v  9.2370 0.0000 -0.0000
v  9.4837 0.3182 -1.5870
v  9.0595 0.0000 -1.8021
v  0.0000 0.3187 -9.6383
v  1.8020 0.0000 -9.0595
v  1.5870 0.3182 -9.4837
v  1.7735 0.6371 -8.9160
v  3.4788 0.6371 -8.3987
v  3.4422 1.0534 8.3103
v  -9.4837 0.3182 -1.5870
v  -8.9160 0.6371 -1.7735
v  8.8222 1.0534 -1.7548
v  8.6923 1.6297 -1.7290
v  8.9160 0.6371 1.7735
v  -8.6923 1.6297 1.7290
v  -8.8222 1.0534 1.7548
v  8.3987 0.6371 -3.4788
v  7.6803 0.0000 -5.1318
v  7.5586 0.6371 -5.0505
v  -7.6173 2.4946 -1.2536
v  -1.2536 2.4946 7.6173
v  7.6173 2.4946 1.2536
v  1.2536 2.4946 -7.6173
v  -8.6923 1.6297 -1.7290
v  -1.7290 1.6297 8.6923
v  8.6923 1.6297 1.7290
v  1.7290 1.6297 -8.6923
v  8.1880 1.6297 3.3916
v  8.8222 1.0534 1.7548
v  8.9160 0.6371 -1.7735
v  7.3690 1.6297 4.9238
v  3.5349 0.0000 8.5339
v  1.7735 0.6371 8.9160
v  1.7548 1.0534 -8.8222
v  -3.5349 0.0000 -8.5339
v  3.3916 1.6297 8.1880
v  -1.7735 0.6371 8.9160
v  -1.7548 1.0534 -8.8222
v  6.5315 0.0000 -6.5316
v  6.4281 0.6371 -6.4281
v  9.4837 0.3182 1.5870
v  5.0505 0.6371 -7.5586
v  3.5348 0.0000 -8.5339
v  -4.9974 1.0534 -7.4791
v  5.0505 0.6371 7.5586
v  5.1318 0.0000 7.6803
v  -8.3987 0.6371 -3.4788
v  -8.5339 0.0000 -3.5348
v  3.4788 0.6371 8.3987
v  -7.5586 0.6371 -5.0505
v  -8.3103 1.0534 3.4422
v  -8.1880 1.6297 3.3916
v  5.1318 0.0000 -7.6803
v  -4.9974 1.0534 7.4791
v  -4.9238 1.6297 7.3690
v  1.8386 0.9718 -8.8163
v  3.3975 0.9098 -8.2022
v  1.7992 0.9100 -8.6865
v  6.3736 0.9717 -6.3736
v  7.3818 0.9098 -4.9324
v  6.2777 0.9098 -6.2777
v  3.4717 0.7187 -8.3815
v  1.8106 0.7181 -8.7435
v  3.4198 0.7180 -8.2563
v  7.5432 0.7187 -5.0402
v  6.3191 0.7180 -6.3191
v  7.4304 0.7180 -4.9649
v  -6.3736 0.9717 -6.3736
v  -4.9324 0.9098 -7.3818
v  -6.2777 0.9098 -6.2777
v  8.8733 0.7187 -1.8500
v  8.2563 0.7180 -3.4199
v  8.7435 0.7181 -1.8106
v  -5.0402 0.7187 -7.5432
v  -6.3191 0.7180 -6.3191
v  -4.9649 0.7180 -7.4304
v  8.3275 0.9717 -3.4494
v  8.6865 0.9100 -1.7993
v  8.2022 0.9098 -3.3975
v  3.4493 0.9717 -8.3275
v  4.9324 0.9098 -7.3818
v  -7.5432 0.7187 5.0402
v  -6.3191 0.7180 6.3191
v  -7.4304 0.7180 4.9649
v  5.0402 0.7187 -7.5432
v  4.9649 0.7180 -7.4304
v  -6.3736 0.9717 6.3736
v  -7.3818 0.9098 4.9324
v  -6.2777 0.9098 6.2777
v  -5.0077 0.9717 -7.4945
v  -3.3975 0.9098 -8.2022
v  -8.3815 0.7187 3.4717
v  -8.2563 0.7180 3.4199
v  -3.4717 0.7187 -8.3815
v  -3.4199 0.7180 -8.2563
v  -7.4945 0.9717 5.0077
v  -8.2022 0.9098 3.3975
v  5.0077 0.9717 -7.4945
v  -8.8733 0.7187 1.8500
v  -8.7435 0.7181 1.8106
v  6.4149 0.7187 -6.4149
v  -8.3275 0.9717 3.4494
v  -8.6865 0.9100 1.7993
v  -3.4494 0.9717 -8.3275
v  -1.7993 0.9100 -8.6865
v  8.8163 0.9718 1.8386
v  8.2022 0.9098 3.3975
v  8.6865 0.9100 1.7993
v  -1.8500 0.7187 -8.8733
v  -1.8106 0.7181 -8.7435
v  8.3815 0.7187 3.4717
v  8.7435 0.7181 1.8106
v  8.2563 0.7180 3.4198
v  -1.8386 0.9718 8.8163
v  -8.8163 0.9718 -1.8386
v  1.8500 0.7187 8.8733
v  -7.5432 0.7187 -5.0402
v  -3.4493 0.9717 8.3275
v  -1.8500 0.7187 8.8733
v  -1.8386 0.9718 -8.8163
v  -6.4149 0.7187 -6.4149
v  1.8500 0.7187 -8.8733
v  1.8386 0.9718 8.8163
v  3.4717 0.7187 8.3815
v  5.0402 0.7187 7.5432
v  3.4494 0.9717 8.3275
v  -8.3815 0.7187 -3.4717
v  -7.4945 0.9717 -5.0077
v  5.0077 0.9717 7.4945
v  6.4149 0.7187 6.4149
v  -8.3275 0.9717 -3.4493
v  -8.8733 0.7187 -1.8500
v  6.3736 0.9717 6.3736
v  7.5432 0.7187 5.0402
v  7.4945 0.9717 5.0077
v  8.3103 1.0534 3.4422
v  8.8733 0.7187 1.8500
v  8.3275 0.9717 3.4493
v  -8.8163 0.9718 1.8386
v  -6.3604 1.0534 6.3604
v  -6.4149 0.7187 6.4149
v  8.8163 0.9718 -1.8386
v  8.3103 1.0534 -3.4422
v  8.3815 0.7187 -3.4717
v  7.4945 0.9717 -5.0077
v  -5.0077 0.9717 7.4945
v  -3.4717 0.7187 8.3815
v  -5.0402 0.7187 7.5432
v  -7.3818 0.9098 -4.9324
v  -7.4304 0.7180 -4.9649
v  -1.7993 0.9100 8.6865
v  -3.4199 0.7180 8.2563
v  -1.8106 0.7181 8.7435
v  3.3975 0.9098 8.2022
v  1.8106 0.7181 8.7435
v  3.4199 0.7180 8.2563
v  4.9324 0.9098 7.3818
v  -8.2022 0.9098 -3.3975
v  6.2777 0.9098 6.2777
v  4.9649 0.7180 7.4304
v  6.3191 0.7180 6.3191
v  -8.6865 0.9100 -1.7993
v  -8.2563 0.7180 -3.4199
v  -8.7435 0.7181 -1.8106
v  7.3818 0.9098 4.9324
v  7.4304 0.7180 4.9649
v  -3.3975 0.9098 8.2022
v  -4.9649 0.7180 7.4304
v  -4.9324 0.9098 7.3818
v  1.7993 0.9100 8.6865
v  -3.2133 1.7396 -7.7577
v  -4.6651 1.7396 -6.9818
v  -5.9375 1.7396 -5.9375
v  -6.9818 1.7396 -4.6651
v  -7.7577 1.7396 -3.2133
v  -8.0964 1.7386 -2.0960
v  -7.7577 1.7396 3.2133
v  -6.9818 1.7396 4.6651
v  -5.9375 1.7396 5.9375
v  -4.6651 1.7396 6.9818
v  -3.2133 1.7396 7.7577
v  -2.0960 1.7386 8.0964
v  3.2134 1.7396 7.7577
v  8.0964 1.7386 2.0960
v  7.7577 1.7396 -3.2134
v  6.9817 1.7396 -4.6651
v  5.9375 1.7396 -5.9375
v  4.6651 1.7396 -6.9818
v  3.2133 1.7396 -7.7577
v  2.0960 1.7386 -8.0964
v  -3.0193 1.8559 -7.2893
v  -4.3834 1.8559 -6.5602
v  -5.5790 1.8559 -5.5790
v  -6.5602 1.8559 -4.3834
v  -7.2893 1.8559 -3.0193
v  -7.5996 1.8569 1.9972
v  -7.2893 1.8559 3.0193
v  -6.5602 1.8559 4.3834
v  -5.5790 1.8559 5.5790
v  -4.3834 1.8559 6.5602
v  -3.0193 1.8559 7.2893
v  1.9972 1.8569 7.5996
v  3.0193 1.8559 7.2893
v  5.5790 1.8559 5.5790
v  6.5602 1.8559 4.3834
v  7.2893 1.8559 3.0193
v  7.5996 1.8569 -1.9972
v  3.0193 1.8559 -7.2893
v  -2.0960 1.7386 -8.0964
v  -7.5996 1.8569 -1.9972
v  -8.0964 1.7386 2.0960
v  -1.9972 1.8569 7.5996
v  2.0960 1.7386 8.0964
v  7.5996 1.8569 1.9972
v  8.0964 1.7386 -2.0960
v  1.9972 1.8569 -7.5996
v  -3.2577 1.8200 -7.7358
v  -4.6882 1.8200 -6.9711
v  -5.9421 1.8200 -5.9421
v  -6.9711 1.8200 -4.6882
v  -7.7358 1.8200 -3.2576
v  -8.0696 1.8189 -2.1573
v  -7.7358 1.8200 3.2577
v  -8.0696 1.8189 2.1573
v  -6.9711 1.8200 4.6882
v  -5.9421 1.8200 5.9421
v  -4.6882 1.8200 6.9711
v  -4.4112 1.9344 6.5566
v  -3.0669 1.9344 7.2752
v  -2.0601 1.9353 7.5811
v  2.0601 1.9353 7.5811
v  3.2577 1.8200 7.7358
v  5.5896 1.9344 5.5895
v  6.5566 1.9344 4.4112
v  7.2753 1.9344 3.0669
v  7.5811 1.9353 2.0601
v  7.7358 1.8200 -3.2577
v  8.0696 1.8189 -2.1573
v  6.9711 1.8200 -4.6882
v  5.9421 1.8200 -5.9421
v  4.6882 1.8200 -6.9711
v  3.2576 1.8200 -7.7358
v  2.1573 1.8189 -8.0696
v  -7.5811 1.9353 -2.0601
v  3.0668 1.9344 -7.2753
v  -7.5811 1.9353 2.0601
v  2.0601 1.9353 -7.5811
v  -2.1573 1.8189 8.0696
v  -3.0669 1.9344 -7.2752
v  -4.4112 1.9344 -6.5566
v  2.1573 1.8189 8.0696
v  -5.6691 2.0067 -5.6691
v  -4.6634 1.9380 -6.8797
v  -5.8807 1.9380 -5.8807
v  -6.6309 2.0067 -4.4971
v  -6.8797 1.9380 -4.6634
v  -7.3457 2.0067 -3.1600
v  -7.6222 1.9380 -3.2746
v  -3.1600 2.0067 -7.3457
v  -2.3053 1.9374 -7.9166
v  -3.2746 1.9380 -7.6222
v  -7.6233 2.0071 -2.2469
v  -7.9166 1.9374 -2.3053
v  -5.5895 1.9344 -5.5895
v  -6.6309 2.0067 4.4971
v  -7.6222 1.9380 3.2746
v  -6.8797 1.9380 4.6634
v  -6.5566 1.9344 -4.4112
v  -7.2752 1.9344 3.0669
v  -6.5566 1.9344 4.4112
v  -7.2752 1.9344 -3.0669
v  -5.6691 2.0067 5.6691
v  -5.8807 1.9380 5.8807
v  -4.4971 2.0067 6.6309
v  -3.2577 1.8200 7.7358
v  -7.3457 2.0067 3.1600
v  -7.9166 1.9374 2.3053
v  -5.5895 1.9344 5.5896
v  -1.1040 2.0754 -5.5504
v  -2.1657 2.0754 -5.2284
v  -3.1441 2.0754 -4.7054
v  -4.0016 2.0754 -4.0016
v  -4.7054 2.0754 -3.1441
v  -5.2284 2.0754 -2.1657
v  -5.5504 2.0754 -1.1040
v  -5.6592 2.0754 0.0000
v  -5.5504 2.0754 1.1040
v  -5.2284 2.0754 2.1657
v  -4.7054 2.0754 3.1441
v  -4.0016 2.0754 4.0016
v  -3.1441 2.0754 4.7054
v  -2.1657 2.0754 5.2284
v  -1.1040 2.0754 5.5504
v  0.0000 2.0754 5.6592
v  1.1041 2.0754 5.5504
v  2.1657 2.0754 5.2284
v  3.1441 2.0754 4.7054
v  4.0016 2.0754 4.0016
v  4.7054 2.0754 3.1441
v  5.2284 2.0754 2.1657
v  5.5504 2.0754 1.1040
v  5.6592 2.0754 -0.0000
v  5.5504 2.0754 -1.1041
v  5.2284 2.0754 -2.1657
v  4.7054 2.0754 -3.1441
v  4.0016 2.0754 -4.0016
v  3.1441 2.0754 -4.7054
v  2.1657 2.0754 -5.2284
v  1.1040 2.0754 -5.5504
v  0.0000 2.0754 -5.6592
v  -5.1186 1.9862 2.1202
v  -5.4339 1.9862 1.0809
v  -5.5403 1.9862 0.0000
v  -5.4339 1.9862 -1.0809
v  -5.1186 1.9862 -2.1202
v  0.0000 1.9862 -5.5403
v  -4.6066 1.9862 -3.0780
v  1.0809 1.9862 -5.4339
v  -3.9176 1.9862 -3.9176
v  2.1202 1.9862 -5.1186
v  -3.0780 1.9862 -4.6066
v  3.0780 1.9862 -4.6066
v  -2.1202 1.9862 -5.1186
v  3.9176 1.9862 -3.9176
v  4.6066 1.9862 -3.0780
v  5.1186 1.9862 -2.1202
v  5.4339 1.9862 -1.0809
v  5.5403 1.9862 -0.0000
v  -4.6066 1.9862 3.0780
v  -3.9176 1.9862 3.9176
v  -3.0780 1.9862 4.6066
v  -2.1202 1.9862 5.1186
v  -1.0809 1.9862 5.4339
v  0.0000 1.9862 5.5403
v  1.0809 1.9862 5.4339
v  2.1202 1.9862 5.1186
v  3.0780 1.9862 4.6066
v  3.9176 1.9862 3.9176
v  4.6066 1.9862 3.0780
v  5.1186 1.9862 2.1202
v  5.4339 1.9862 1.0809
v  -1.0809 1.9862 -5.4339
v  0.0000 1.9862 0.0000
v  -2.2311 1.8935 -8.0115
v  -3.2846 1.8944 -7.6917
v  -4.6924 1.8945 -6.9391
v  -5.9264 1.8945 -5.9264
v  -6.9391 1.8945 -4.6924
v  -7.6917 1.8944 -3.2846
v  -8.0115 1.8935 -2.2311
v  -8.0115 1.8935 2.2311
v  -7.6917 1.8944 3.2846
v  -6.9391 1.8945 4.6924
v  -5.9264 1.8945 5.9264
v  -4.6924 1.8945 6.9391
v  -3.2846 1.8944 7.6917
v  -2.2311 1.8935 8.0115
v  2.2311 1.8935 8.0115
v  3.2846 1.8944 7.6917
v  4.6924 1.8945 6.9391
v  5.9264 1.8945 5.9264
v  6.9391 1.8945 4.6924
v  7.6917 1.8944 3.2846
v  8.0115 1.8935 2.2311
v  8.0115 1.8935 -2.2311
v  7.6917 1.8944 -3.2846
v  6.9391 1.8945 -4.6924
v  5.9264 1.8945 -5.9264
v  4.6924 1.8945 -6.9391
v  3.2846 1.8944 -7.6917
v  2.2311 1.8935 -8.0115
v  -2.1462 1.9953 -7.5843
v  -3.1178 1.9945 -7.2889
v  -2.2470 2.0071 -7.6233
v  -4.4502 1.9945 -6.5766
v  -4.4971 2.0067 -6.6309
v  -5.6181 1.9945 -5.6181
v  -6.5766 1.9945 -4.4502
v  -7.2889 1.9945 -3.1178
v  -7.5843 1.9953 -2.1462
v  -7.5843 1.9953 2.1462
v  -7.2889 1.9945 3.1178
v  -7.6233 2.0071 2.2470
v  -6.5766 1.9945 4.4502
v  -5.6181 1.9945 5.6181
v  -4.4502 1.9945 6.5766
v  -3.1178 1.9945 7.2889
v  -2.1462 1.9953 7.5843
v  2.1462 1.9953 7.5843
v  3.1178 1.9945 7.2889
v  2.2470 2.0071 7.6233
v  4.4502 1.9945 6.5766
v  5.6181 1.9945 5.6181
v  6.5766 1.9945 4.4502
v  7.2889 1.9945 3.1178
v  7.5843 1.9953 2.1462
v  7.5843 1.9953 -2.1462
v  7.2889 1.9945 -3.1178
v  7.6233 2.0071 -2.2470
v  6.5765 1.9945 -4.4502
v  5.6181 1.9945 -5.6181
v  4.4502 1.9945 -6.5766
v  3.1177 1.9945 -7.2889
v  2.1461 1.9953 -7.5843
v  1.1866 2.0754 4.6293
v  1.2137 2.0754 3.8244
v  1.0914 2.0754 4.0014
v  -4.1284 2.0754 3.0997
v  -4.8356 2.0754 2.6874
v  -4.4435 2.0754 3.2955
v  0.0000 2.0754 -4.7524
v  -0.1473 2.0754 -3.9187
v  0.0000 2.0754 -4.0765
v  2.9463 2.0754 -3.8761
v  2.5357 2.0754 -3.4708
v  2.7487 2.0754 -3.5439
v  2.2004 2.0754 -5.0758
v  2.5296 2.0754 -4.4759
v  2.8441 2.0754 -4.7451
v  1.2819 2.0754 -4.9036
v  1.5191 2.0754 -5.3196
v  -1.2417 2.0754 -4.9193
v  -0.6323 2.0754 -5.4959
v  -1.3442 2.0754 -5.3664
v  -2.0332 2.0754 -5.1450
v  1.7773 2.0754 -4.4343
v  1.4595 2.0754 -3.7717
v  1.6397 2.0754 -3.8840
v  -0.0209 2.0754 5.0462
v  -0.8117 2.0754 5.4723
v  -0.0905 2.0754 5.5315
v  -3.5217 2.0754 -3.5217
v  -3.2616 2.0754 -3.0703
v  -3.3123 2.0754 -3.3123
v  -3.0997 2.0754 -4.1284
v  -2.6874 2.0754 -4.8356
v  -3.2955 2.0754 -4.4435
v  -4.0946 2.0754 -3.1376
v  -3.8473 2.0754 -3.9753
v  -4.3333 2.0754 -3.4391
v  -4.6942 2.0754 -1.9037
v  -4.7451 2.0754 -2.8441
v  -5.0758 2.0754 -2.2004
v  -4.6904 2.0754 -0.5935
v  -3.9022 2.0754 -0.3873
v  -4.0393 2.0754 -0.5455
v  -5.0462 2.0754 -0.0209
v  -5.4723 2.0754 -0.8117
v  -5.5315 2.0754 -0.0905
v  -4.4343 2.0754 1.7773
v  -3.7098 2.0754 1.7483
v  -3.8840 2.0754 1.6397
v  4.9036 2.0754 1.2819
v  5.0758 2.0754 2.2004
v  5.3196 2.0754 1.5191
v  4.9193 2.0754 -1.2417
v  5.4959 2.0754 -0.6323
v  5.3664 2.0754 -1.3442
v  5.0462 2.0754 0.0210
v  5.5315 2.0754 0.0905
v  -3.7509 2.0754 3.7051
v  -3.9753 2.0754 3.8473
v  -3.8761 2.0754 2.9463
v  -3.3632 2.0754 2.8107
v  -3.5439 2.0754 2.7487
v  -1.9037 2.0754 4.6942
v  -2.8441 2.0754 4.7451
v  -2.2004 2.0754 5.0758
v  -1.2819 2.0754 4.9036
v  -1.5191 2.0754 5.3196
v  0.6106 2.0754 4.9852
v  0.6323 2.0754 5.4959
v  2.4927 2.0754 4.5069
v  2.0332 2.0754 5.1450
v  2.6874 2.0754 4.8356
v  0.5935 2.0754 -4.6904
v  0.3873 2.0754 -3.9022
v  0.5455 2.0754 -4.0393
v  -4.6293 2.0754 1.1866
v  -3.8244 2.0754 1.2137
v  -4.0014 2.0754 1.0914
v  -4.6904 2.0754 0.5935
v  -3.8820 2.0754 0.6820
v  -4.0393 2.0754 0.5455
v  3.7051 2.0754 3.7509
v  3.2955 2.0754 4.4435
v  3.8473 2.0754 3.9753
v  4.0946 2.0754 3.1376
v  4.3333 2.0754 3.4391
v  3.8761 2.0754 2.9463
v  3.4708 2.0754 2.5357
v  3.5439 2.0754 2.7487
v  4.9781 2.0754 0.6502
v  5.4723 2.0754 0.8117
v  4.7153 2.0754 -1.8665
v  5.1450 2.0754 -2.0332
v  3.4391 2.0754 -4.3333
v  2.4359 2.0754 -2.2709
v  2.3468 2.0754 -1.8266
v  2.4753 2.0754 -1.9596
v  1.1549 2.0754 -3.0660
v  1.0612 2.0754 -2.5762
v  1.1928 2.0754 -2.7170
v  0.0000 2.0754 -3.1263
v  -0.1475 2.0754 -2.6132
v  0.0000 2.0754 -2.7669
v  -1.1549 2.0754 -3.0660
v  -1.3552 2.0754 -2.5517
v  -1.1928 2.0754 -2.7170
v  -2.3112 2.0754 -2.8779
v  -2.5613 2.0754 -2.3842
v  -2.3842 2.0754 -2.5613
v  -3.0462 2.0754 -2.1324
v  -3.2629 2.0754 -1.6841
v  -3.0929 2.0754 -1.8541
v  2.5123 2.0754 -1.6666
v  2.4228 2.0754 -1.2175
v  2.5517 2.0754 -1.3552
v  1.2879 2.0754 -1.1375
v  1.1497 2.0754 -0.6440
v  1.2945 2.0754 -0.7902
v  0.0000 2.0754 -1.8167
v  -0.1476 2.0754 -1.3068
v  0.0000 2.0754 -1.4573
v  -1.2557 2.0754 -1.7803
v  -1.4325 2.0754 -1.2764
v  -1.2764 2.0754 -1.4325
v  -2.5123 2.0754 -1.6666
v  -2.7170 2.0754 -1.1928
v  -2.5517 2.0754 -1.3552
v  3.9022 2.0754 -0.3873
v  3.7811 2.0754 0.0000
v  3.9187 2.0754 -0.1473
v  2.6132 2.0754 0.1475
v  2.4471 2.0754 0.6087
v  2.6007 2.0754 0.4568
v  1.3002 2.0754 -0.4949
v  1.1619 2.0754 0.0000
v  1.3068 2.0754 -0.1476
v  0.6534 2.0754 0.1477
v  0.5010 2.0754 0.6501
v  0.6501 2.0754 0.5010
v  -1.3002 2.0754 -0.4949
v  -1.4573 2.0754 0.0000
v  -1.3068 2.0754 -0.1476
v  -2.6007 2.0754 -0.4568
v  -2.7669 2.0754 0.0000
v  -2.6132 2.0754 -0.1475
v  -3.2661 2.0754 0.1475
v  -3.3909 2.0754 0.5616
v  -3.2513 2.0754 0.4220
v  2.5517 2.0754 1.3552
v  2.3468 2.0754 1.8266
v  2.5123 2.0754 1.6666
v  1.2945 2.0754 0.7902
v  1.1375 2.0754 1.2879
v  1.2879 2.0754 1.1375
v  0.0000 2.0754 1.4573
v  -0.1476 2.0754 1.9601
v  0.0000 2.0754 1.8167
v  -1.2945 2.0754 0.7902
v  -1.4325 2.0754 1.2764
v  -1.2879 2.0754 1.1375
v  -2.5887 2.0754 0.7519
v  -2.7170 2.0754 1.1928
v  -2.5762 2.0754 1.0612
v  -3.1884 2.0754 1.2846
v  -3.2629 2.0754 1.6841
v  -3.1417 2.0754 1.5629
v  2.9786 2.0754 2.4192
v  2.7063 2.0754 2.8907
v  2.8907 2.0754 2.7063
v  1.1928 2.0754 2.7170
v  0.9915 2.0754 3.2207
v  1.1549 2.0754 3.0660
v  0.0000 2.0754 2.1121
v  -0.1475 2.0754 2.6132
v  0.0000 2.0754 2.4715
v  -1.1928 2.0754 2.7170
v  -1.2846 2.0754 3.1884
v  -1.1549 2.0754 3.0660
v  -2.4753 2.0754 1.9596
v  -2.5613 2.0754 2.3842
v  -2.4359 2.0754 2.2709
v  3.3632 2.0754 2.8107
v  3.0703 2.0754 3.2616
v  3.2616 2.0754 3.0703
v  2.2448 2.0754 3.1657
v  1.9942 2.0754 3.6571
v  2.1718 2.0754 3.4822
v  0.0000 2.0754 3.4217
v  -0.1473 2.0754 3.9187
v  0.0000 2.0754 3.7811
v  -0.5616 2.0754 3.3909
v  -0.6820 2.0754 3.8820
v  -0.5426 2.0754 3.7446
v  -1.1231 2.0754 3.3596
v  -1.2137 2.0754 3.8244
v  -1.0852 2.0754 3.7086
v  -2.8043 2.0754 2.9887
v  -2.8107 2.0754 3.3632
v  -2.7164 2.0754 3.2758
v  -1.6841 2.0754 3.2629
v  -1.7483 2.0754 3.7098
v  -1.6284 2.0754 3.5951
v  -1.8569 2.0754 2.0174
v  -1.9596 2.0754 2.4753
v  -1.8266 2.0754 2.3468
v  -3.0929 2.0754 1.8541
v  -3.1657 2.0754 2.2448
v  -3.0462 2.0754 2.1324
v  -2.2448 2.0754 3.1657
v  -2.2761 2.0754 3.5723
v  -2.1718 2.0754 3.4822
v  -0.5964 2.0754 2.7422
v  -0.7170 2.0754 3.2355
v  -0.5774 2.0754 3.0959
v  -2.3842 2.0754 2.5613
v  -2.4192 2.0754 2.9786
v  -2.3112 2.0754 2.8779
v  0.5616 2.0754 3.3909
v  0.3873 2.0754 3.9022
v  0.5426 2.0754 3.7446
v  0.6191 2.0754 2.0936
v  0.4568 2.0754 2.6007
v  0.6087 2.0754 2.4471
v  -1.7886 2.0754 2.6395
v  -1.8541 2.0754 3.0929
v  -1.7329 2.0754 2.9716
v  1.6841 2.0754 3.2629
v  1.4595 2.0754 3.7717
v  1.6284 2.0754 3.5951
v  1.7886 2.0754 2.6395
v  1.5629 2.0754 3.1417
v  1.7329 2.0754 2.9716
v  0.0000 2.0754 2.7669
v  -0.1475 2.0754 3.2661
v  0.0000 2.0754 3.1263
v  1.1231 2.0754 3.3596
v  0.9220 2.0754 3.8655
v  1.0852 2.0754 3.7086
v  1.2381 2.0754 2.0751
v  1.0612 2.0754 2.5762
v  1.2175 2.0754 2.4228
v  0.5964 2.0754 2.7422
v  0.4220 2.0754 3.2513
v  0.5774 2.0754 3.0959
v  2.8043 2.0754 2.9887
v  2.5357 2.0754 3.4708
v  2.7164 2.0754 3.2758
v  2.4753 2.0754 1.9596
v  2.2709 2.0754 2.4359
v  2.4359 2.0754 2.2709
v  2.3842 2.0754 2.5613
v  2.1324 2.0754 3.0462
v  2.3112 2.0754 2.8779
v  -2.9786 2.0754 2.4192
v  -2.9887 2.0754 2.8043
v  -2.8907 2.0754 2.7063
v  -3.2355 2.0754 0.7170
v  -3.3596 2.0754 1.1231
v  -3.2207 2.0754 0.9915
v  3.7098 2.0754 1.7483
v  3.4822 2.0754 2.1718
v  3.6571 2.0754 1.9942
v  -0.6191 2.0754 2.0936
v  -0.7519 2.0754 2.5887
v  -0.6087 2.0754 2.4471
v  -0.6473 2.0754 0.7963
v  -0.7902 2.0754 1.2945
v  -0.6440 2.0754 1.1497
v  -1.9417 2.0754 0.7711
v  -2.0751 2.0754 1.2381
v  -1.9320 2.0754 1.0993
v  -1.2381 2.0754 2.0751
v  -1.3552 2.0754 2.5517
v  -1.2175 2.0754 2.4228
v  0.6382 2.0754 1.4450
v  0.4759 2.0754 1.9504
v  0.6278 2.0754 1.7984
v  -1.2764 2.0754 1.4325
v  -1.3940 2.0754 1.9142
v  -1.2557 2.0754 1.7803
v  1.8569 2.0754 2.0174
v  1.6666 2.0754 2.5124
v  1.8266 2.0754 2.3468
v  1.9417 2.0754 0.7711
v  1.7803 2.0754 1.2557
v  1.9320 2.0754 1.0993
v  -0.6382 2.0754 1.4450
v  -0.7711 2.0754 1.9417
v  -0.6278 2.0754 1.7984
v  3.0929 2.0754 1.8541
v  2.8779 2.0754 2.3112
v  3.0462 2.0754 2.1324
v  3.1884 2.0754 1.2846
v  2.9716 2.0754 1.7329
v  3.1417 2.0754 1.5629
v  1.2764 2.0754 1.4325
v  1.0993 2.0754 1.9320
v  1.2557 2.0754 1.7803
v  3.5723 2.0754 2.2761
v  3.2758 2.0754 2.7164
v  2.5887 2.0754 0.7519
v  2.4228 2.0754 1.2175
v  2.5762 2.0754 1.0612
v  1.9142 2.0754 1.3940
v  1.7233 2.0754 1.8839
v  1.8839 2.0754 1.7233
v  -2.5517 2.0754 1.3552
v  -2.6395 2.0754 1.7886
v  -2.5123 2.0754 1.6666
v  -3.2513 2.0754 -0.4220
v  -3.4217 2.0754 0.0000
v  -3.2661 2.0754 -0.1475
v  3.8820 2.0754 0.6820
v  3.7086 2.0754 1.0852
v  3.8655 2.0754 0.9220
v  -1.9142 2.0754 1.3940
v  -2.0174 2.0754 1.8569
v  -1.8839 2.0754 1.7233
v  -1.9601 2.0754 0.1476
v  -2.0936 2.0754 0.6191
v  -1.9504 2.0754 0.4759
v  -1.9504 2.0754 -0.4759
v  -2.1121 2.0754 0.0000
v  -1.9601 2.0754 -0.1476
v  0.6473 2.0754 0.7963
v  0.4949 2.0754 1.3002
v  0.6440 2.0754 1.1497
v  -0.6534 2.0754 0.1477
v  -0.7963 2.0754 0.6473
v  -0.6501 2.0754 0.5010
v  -0.6501 2.0754 -0.5010
v  -0.8025 2.0754 0.0000
v  -0.6534 2.0754 -0.1477
v  0.0000 2.0754 0.8025
v  -0.1476 2.0754 1.3068
v  0.0000 2.0754 1.1619
v  0.0000 2.0754 -0.5071
v  -0.1477 2.0754 0.0000
v  0.0000 2.0754 -0.1477
v  0.0000 2.0754 0.1477
v  -0.1477 2.0754 0.6534
v  0.0000 2.0754 0.5071
v  3.2355 2.0754 0.7170
v  3.0660 2.0754 1.1549
v  3.2207 2.0754 0.9915
v  3.2661 2.0754 0.1475
v  3.0959 2.0754 0.5774
v  3.2513 2.0754 0.4220
v  1.9504 2.0754 -0.4759
v  1.8167 2.0754 0.0000
v  1.9601 2.0754 -0.1476
v  3.8244 2.0754 1.2137
v  3.5951 2.0754 1.6284
v  3.7717 2.0754 1.4595
v  2.6007 2.0754 -0.4568
v  2.4715 2.0754 0.0000
v  2.6132 2.0754 -0.1475
v  1.9601 2.0754 0.1476
v  1.7984 2.0754 0.6278
v  1.9504 2.0754 0.4759
v  -2.6132 2.0754 0.1475
v  -2.7422 2.0754 0.5964
v  -2.6007 2.0754 0.4568
v  -3.2207 2.0754 -0.9915
v  -3.3909 2.0754 -0.5616
v  -3.2355 2.0754 -0.7170
v  -3.1417 2.0754 -1.5629
v  -3.3596 2.0754 -1.1231
v  -3.1884 2.0754 -1.2846
v  -1.3068 2.0754 0.1476
v  -1.4450 2.0754 0.6382
v  -1.3002 2.0754 0.4949
v  -1.9320 2.0754 -1.0993
v  -2.0936 2.0754 -0.6191
v  -1.9417 2.0754 -0.7711
v  -1.8839 2.0754 -1.7233
v  -2.0751 2.0754 -1.2381
v  -1.9142 2.0754 -1.3940
v  0.6501 2.0754 -0.5010
v  0.5071 2.0754 0.0000
v  0.6534 2.0754 -0.1477
v  0.6278 2.0754 -1.7984
v  0.4949 2.0754 -1.3002
v  0.6382 2.0754 -1.4450
v  -0.6278 2.0754 -1.7984
v  -0.7902 2.0754 -1.2945
v  -0.6382 2.0754 -1.4450
v  1.3068 2.0754 0.1476
v  1.1497 2.0754 0.6440
v  1.3002 2.0754 0.4949
v  1.9320 2.0754 -1.0993
v  1.7984 2.0754 -0.6278
v  1.9417 2.0754 -0.7711
v  0.0000 2.0754 -1.1619
v  -0.1477 2.0754 -0.6534
v  0.0000 2.0754 -0.8025
v  3.2513 2.0754 -0.4220
v  3.1263 2.0754 0.0000
v  3.2661 2.0754 -0.1475
v  3.1417 2.0754 -1.5629
v  3.0660 2.0754 -1.1549
v  3.1884 2.0754 -1.2846
v  0.6440 2.0754 -1.1497
v  0.5010 2.0754 -0.6501
v  0.6473 2.0754 -0.7963
v  3.9187 2.0754 0.1473
v  3.7446 2.0754 0.5426
v  3.9022 2.0754 0.3873
v  3.2207 2.0754 -0.9915
v  3.0959 2.0754 -0.5774
v  3.2355 2.0754 -0.7170
v  2.5762 2.0754 -1.0612
v  2.4471 2.0754 -0.6087
v  2.5887 2.0754 -0.7519
v  -2.5762 2.0754 -1.0612
v  -2.7422 2.0754 -0.5964
v  -2.5887 2.0754 -0.7519
v  -2.8907 2.0754 -2.7063
v  -3.1657 2.0754 -2.2448
v  -2.9786 2.0754 -2.4192
v  3.7717 2.0754 -1.4595
v  3.7086 2.0754 -1.0852
v  3.8244 2.0754 -1.2137
v  -1.2879 2.0754 -1.1375
v  -1.4450 2.0754 -0.6382
v  -1.2945 2.0754 -0.7902
v  -1.8266 2.0754 -2.3468
v  -2.0174 2.0754 -1.8569
v  -1.8569 2.0754 -2.0174
v  -1.7329 2.0754 -2.9716
v  -1.9596 2.0754 -2.4753
v  -1.7886 2.0754 -2.6395
v  -0.6440 2.0754 -1.1497
v  -0.7963 2.0754 -0.6473
v  -0.6473 2.0754 -0.7963
v  -0.6087 2.0754 -2.4471
v  -0.7711 2.0754 -1.9417
v  -0.6191 2.0754 -2.0936
v  -0.5774 2.0754 -3.0959
v  -0.7519 2.0754 -2.5887
v  -0.5964 2.0754 -2.7422
v  1.8839 2.0754 -1.7233
v  1.7803 2.0754 -1.2557
v  1.9142 2.0754 -1.3940
v  1.7329 2.0754 -2.9716
v  1.6666 2.0754 -2.5123
v  1.7886 2.0754 -2.6395
v  0.5774 2.0754 -3.0959
v  0.4568 2.0754 -2.6007
v  0.5964 2.0754 -2.7422
v  1.2557 2.0754 -1.7803
v  1.1375 2.0754 -1.2879
v  1.2764 2.0754 -1.4325
v  3.0462 2.0754 -2.1324
v  2.9716 2.0754 -1.7329
v  3.0929 2.0754 -1.8541
v  1.2175 2.0754 -2.4228
v  1.0993 2.0754 -1.9320
v  1.2381 2.0754 -2.0751
v  3.8655 2.0754 -0.9220
v  3.7446 2.0754 -0.5426
v  3.8820 2.0754 -0.6820
v  2.3112 2.0754 -2.8779
v  2.2709 2.0754 -2.4359
v  2.3842 2.0754 -2.5613
v  1.8266 2.0754 -2.3468
v  1.7233 2.0754 -1.8839
v  1.8569 2.0754 -2.0174
v  -2.4359 2.0754 -2.2709
v  -2.6395 2.0754 -1.7886
v  -2.4753 2.0754 -1.9596
v  -2.7164 2.0754 -3.2758
v  -2.9887 2.0754 -2.8043
v  -2.8043 2.0754 -2.9887
v  3.4708 2.0754 -2.5357
v  3.4822 2.0754 -2.1718
v  3.5723 2.0754 -2.2761
v  -1.2175 2.0754 -2.4228
v  -1.3940 2.0754 -1.9142
v  -1.2381 2.0754 -2.0751
v  -1.6284 2.0754 -3.5951
v  -1.8541 2.0754 -3.0929
v  -1.6841 2.0754 -3.2629
v  -2.1718 2.0754 -3.4822
v  -2.4192 2.0754 -2.9786
v  -2.2448 2.0754 -3.1657
v  0.0000 2.0754 -2.4715
v  -0.1476 2.0754 -1.9601
v  0.0000 2.0754 -2.1121
v  -0.5426 2.0754 -3.7446
v  -0.7170 2.0754 -3.2355
v  -0.5616 2.0754 -3.3909
v  -1.0852 2.0754 -3.7085
v  -1.2846 2.0754 -3.1884
v  -1.1231 2.0754 -3.3596
v  0.6087 2.0754 -2.4471
v  0.4759 2.0754 -1.9504
v  0.6191 2.0754 -2.0936
v  0.5426 2.0754 -3.7446
v  0.4220 2.0754 -3.2513
v  0.5616 2.0754 -3.3909
v  0.0000 2.0754 -3.7811
v  -0.1475 2.0754 -3.2661
v  0.0000 2.0754 -3.4217
v  2.8907 2.0754 -2.7063
v  2.8779 2.0754 -2.3112
v  2.9786 2.0754 -2.4192
v  1.6284 2.0754 -3.5951
v  1.5629 2.0754 -3.1417
v  1.6841 2.0754 -3.2629
v  1.0852 2.0754 -3.7085
v  0.9915 2.0754 -3.2207
v  1.1231 2.0754 -3.3596
v  3.6571 2.0754 -1.9942
v  3.5951 2.0754 -1.6283
v  3.7098 2.0754 -1.7483
v  2.7164 2.0754 -3.2758
v  2.7063 2.0754 -2.8907
v  2.8043 2.0754 -2.9887
v  2.1718 2.0754 -3.4822
v  2.1324 2.0754 -3.0462
v  2.2448 2.0754 -3.1657
v  -4.2414 2.0754 2.3662
v  -3.5723 2.0754 2.2761
v  -3.7646 2.0754 2.1898
v  3.5217 2.0754 -3.5217
v  3.0703 2.0754 -3.2616
v  3.3123 2.0754 -3.3123
v  3.2616 2.0754 -3.0703
v  3.2758 2.0754 -2.7164
v  3.3632 2.0754 -2.8107
v  4.5069 2.0754 -2.4927
v  4.8356 2.0754 -2.6874
v  4.7524 2.0754 0.0000
v  4.0765 2.0754 0.0000
v  4.6293 2.0754 1.1866
v  4.0014 2.0754 1.0914
v  4.4759 2.0754 2.5296
v  4.7451 2.0754 2.8441
v  0.8117 2.0754 -5.4723
v  -4.6293 2.0754 -1.1866
v  -3.8655 2.0754 -0.9220
v  -4.0014 2.0754 -1.0914
v  -4.4759 2.0754 -2.5296
v  -4.9036 2.0754 -1.2819
v  -5.3196 2.0754 -1.5191
v  -4.7524 2.0754 0.0000
v  -3.9187 2.0754 0.1473
v  -4.0765 2.0754 0.0000
v  0.0210 2.0754 -5.0462
v  0.0905 2.0754 -5.5315
v  4.4343 2.0754 -1.7773
v  3.8840 2.0754 -1.6397
v  3.8761 2.0754 -2.9463
v  3.5439 2.0754 -2.7487
v  1.2417 2.0754 4.9193
v  1.3442 2.0754 5.3664
v  3.5217 2.0754 3.5217
v  3.3123 2.0754 3.3123
v  2.3662 2.0754 4.2414
v  2.2761 2.0754 3.5723
v  2.1898 2.0754 3.7646
v  0.0000 2.0754 4.7524
v  0.1473 2.0754 3.9187
v  0.0000 2.0754 4.0765
v  -2.3662 2.0754 4.2414
v  -1.9942 2.0754 3.6571
v  -2.1898 2.0754 3.7646
v  3.0997 2.0754 4.1284
v  -4.4343 2.0754 -1.7773
v  -3.7717 2.0754 -1.4595
v  -3.8840 2.0754 -1.6397
v  -3.8761 2.0754 -2.9463
v  -3.4708 2.0754 -2.5357
v  -3.5439 2.0754 -2.7487
v  4.6904 2.0754 0.5935
v  4.0393 2.0754 0.5455
v  4.6293 2.0754 -1.1866
v  4.0014 2.0754 -1.0914
v  4.2414 2.0754 2.3662
v  3.7646 2.0754 2.1898
v  4.4343 2.0754 1.7773
v  3.8840 2.0754 1.6397
v  -1.1866 2.0754 4.6293
v  -0.9220 2.0754 3.8655
v  -1.0914 2.0754 4.0014
v  -2.5296 2.0754 4.4759
v  -3.4391 2.0754 4.3333
v  -4.5069 2.0754 2.4927
v  -5.1450 2.0754 2.0332
v  -4.7153 2.0754 1.8665
v  -5.3664 2.0754 1.3442
v  -4.9852 2.0754 0.6106
v  -5.4959 2.0754 0.6323
v  -4.9781 2.0754 -0.6502
v  -4.2414 2.0754 -2.3662
v  -3.6571 2.0754 -1.9942
v  -3.7646 2.0754 -2.1898
v  -0.5935 2.0754 4.6904
v  -0.3873 2.0754 3.9022
v  -0.5455 2.0754 4.0393
v  -1.7773 2.0754 -4.4343
v  -1.7483 2.0754 -3.7098
v  -1.6397 2.0754 -3.8840
v  -2.3662 2.0754 -4.2414
v  -2.2761 2.0754 -3.5723
v  -2.1898 2.0754 -3.7646
v  2.9463 2.0754 3.8761
v  2.8107 2.0754 3.3632
v  2.7487 2.0754 3.5439
v  1.7773 2.0754 4.4343
v  1.7483 2.0754 3.7098
v  1.6397 2.0754 3.8840
v  -2.9463 2.0754 -3.8761
v  -2.8107 2.0754 -3.3632
v  -2.7487 2.0754 -3.5439
v  -1.7773 2.0754 4.4343
v  -1.4595 2.0754 3.7717
v  -1.6397 2.0754 3.8840
v  -3.7051 2.0754 -3.7509
v  -2.4927 2.0754 -4.5069
v  -1.1866 2.0754 -4.6293
v  -1.2137 2.0754 -3.8244
v  -1.0914 2.0754 -4.0014
v  1.1866 2.0754 -4.6293
v  0.9220 2.0754 -3.8655
v  1.0914 2.0754 -4.0014
v  2.3662 2.0754 -4.2414
v  1.9942 2.0754 -3.6571
v  2.1898 2.0754 -3.7646
v  3.7509 2.0754 -3.7051
v  4.4435 2.0754 -3.2955
v  3.9753 2.0754 -3.8473
v  -0.5935 2.0754 -4.6904
v  -0.6820 2.0754 -3.8820
v  -0.5455 2.0754 -4.0393
v  -3.5217 2.0754 3.5217
v  -3.0703 2.0754 3.2616
v  -3.3123 2.0754 3.3123
v  -2.9463 2.0754 3.8761
v  -2.5357 2.0754 3.4708
v  -2.7487 2.0754 3.5439
v  4.2414 2.0754 -2.3662
v  3.7646 2.0754 -2.1898
v  4.6904 2.0754 -0.5935
v  4.0393 2.0754 -0.5455
v  -4.9193 2.0754 1.2417
v  0.5935 2.0754 4.6904
v  0.6820 2.0754 3.8820
v  0.5455 2.0754 4.0393
v  3.1376 2.0754 -4.0946
v  1.1866 2.0476 4.6293
v  1.6727 2.0476 4.6235
v  1.3491 2.0476 4.7294
v  -4.1284 2.0476 3.0997
v  -4.3017 2.0476 2.5427
v  -4.0811 2.0476 2.8965
v  0.0000 2.0476 -4.7524
v  -0.4575 2.0476 -4.8529
v  -0.1469 2.0476 -4.8849
v  2.9463 2.0476 -3.8761
v  2.5427 2.0476 -4.3017
v  2.8965 2.0476 -4.0811
v  2.2004 2.0476 -5.0758
v  1.9534 2.0476 -4.5317
v  1.9037 2.0476 -4.6942
v  1.2819 2.0476 -4.9036
v  1.6727 2.0476 -4.6235
v  1.3491 2.0476 -4.7294
v  -1.2417 2.0476 -4.9193
v  -0.7512 2.0476 -4.8225
v  -1.0618 2.0476 -4.7905
v  -2.0332 2.0476 -5.1450
v  -1.6727 2.0476 -4.6235
v  -1.8665 2.0476 -4.7153
v  1.7773 2.0476 -4.4343
v  -0.0209 2.0476 5.0462
v  -0.4575 2.0476 4.8529
v  -0.1469 2.0476 4.8849
v  -3.5217 2.0476 -3.5217
v  -3.9249 2.0476 -3.1471
v  -3.7043 2.0476 -3.5008
v  -3.0997 2.0476 -4.1284
v  -2.5427 2.0476 -4.3017
v  -2.8965 2.0476 -4.0811
v  -4.0946 2.0476 -3.1376
v  -4.6942 2.0476 -1.9037
v  -4.4258 2.0476 -2.2771
v  -4.5317 2.0476 -1.9534
v  -4.6904 2.0476 -0.5935
v  -4.8849 2.0476 -0.1469
v  -4.8529 2.0476 -0.4575
v  -5.0462 2.0476 -0.0209
v  -4.4343 2.0476 1.7773
v  -4.4258 2.0476 2.2771
v  -4.5317 2.0476 1.9534
v  4.9036 2.0476 1.2819
v  4.6235 2.0476 1.6727
v  4.7294 2.0476 1.3491
v  4.9193 2.0476 -1.2417
v  4.8225 2.0476 -0.7512
v  4.7905 2.0476 -1.0618
v  5.4959 2.0476 -0.6323
v  4.8529 2.0476 -0.4575
v  4.9852 2.0476 -0.6106
v  -3.7509 2.0476 3.7051
v  -3.9249 2.0476 3.1471
v  -3.7043 2.0476 3.5008
v  -3.8761 2.0476 2.9463
v  -1.9037 2.0476 4.6942
v  -2.2771 2.0476 4.4258
v  -1.9534 2.0476 4.5317
v  -1.2819 2.0476 4.9036
v  -1.6727 2.0476 4.6235
v  -1.3491 2.0476 4.7294
v  0.6106 2.0476 4.9852
v  0.1469 2.0476 4.8849
v  0.4575 2.0476 4.8529
v  2.4927 2.0476 4.5069
v  1.9534 2.0476 4.5317
v  2.2771 2.0476 4.4258
v  0.5935 2.0476 -4.6904
v  0.1469 2.0476 -4.8849
v  0.4575 2.0476 -4.8529
v  -4.6293 2.0476 1.1866
v  -4.6235 2.0476 1.6727
v  -4.7294 2.0476 1.3491
v  -4.6904 2.0476 0.5935
v  -4.7905 2.0476 1.0618
v  -4.8225 2.0476 0.7512
v  3.7051 2.0476 3.7509
v  3.1471 2.0476 3.9249
v  3.5008 2.0476 3.7043
v  4.0946 2.0476 3.1376
v  3.7043 2.0476 3.5008
v  3.9249 2.0476 3.1471
v  3.8761 2.0476 2.9463
v  4.3017 2.0476 2.5427
v  4.0811 2.0476 2.8965
v  4.9781 2.0476 0.6502
v  4.7905 2.0476 1.0618
v  4.8225 2.0476 0.7512
v  5.0462 2.0476 0.0210
v  4.8529 2.0476 0.4575
v  4.8849 2.0476 0.1469
v  4.7153 2.0476 -1.8665
v  4.7294 2.0476 -1.3490
v  4.6235 2.0476 -1.6727
v  2.5296 2.0476 -4.4759
v  2.4359 2.0476 -2.2709
v  1.9596 2.0476 -2.4753
v  2.2709 2.0476 -2.4359
v  1.1549 2.0476 -3.0660
v  0.7170 2.0476 -3.2355
v  0.9915 2.0476 -3.2207
v  0.0000 2.0476 -3.1263
v  -0.4220 2.0476 -3.2513
v  -0.1475 2.0476 -3.2661
v  -1.1549 2.0476 -3.0660
v  -1.5629 2.0476 -3.1417
v  -1.2846 2.0476 -3.1884
v  -2.3112 2.0476 -2.8779
v  -2.7063 2.0476 -2.8907
v  -2.4192 2.0476 -2.9786
v  -3.0462 2.0476 -2.1324
v  -3.4822 2.0476 -2.1718
v  -3.1657 2.0476 -2.2448
v  2.5123 2.0476 -1.6666
v  2.0174 2.0476 -1.8568
v  2.3468 2.0476 -1.8266
v  1.2879 2.0476 -1.1375
v  0.7902 2.0476 -1.2945
v  1.1375 2.0476 -1.2879
v  0.0000 2.0476 -1.8167
v  -0.4759 2.0476 -1.9504
v  -0.1476 2.0476 -1.9601
v  -1.2557 2.0476 -1.7803
v  -1.7233 2.0476 -1.8839
v  -1.3940 2.0476 -1.9142
v  -2.5123 2.0476 -1.6666
v  -2.9716 2.0476 -1.7329
v  -2.6395 2.0476 -1.7886
v  3.9022 2.0476 -0.3873
v  3.3909 2.0476 -0.5616
v  3.7446 2.0476 -0.5426
v  2.6132 2.0476 0.1475
v  2.1121 2.0476 0.0000
v  2.4715 2.0476 0.0000
v  1.3002 2.0476 -0.4949
v  0.7963 2.0476 -0.6473
v  1.1497 2.0476 -0.6440
v  0.6534 2.0476 0.1477
v  0.1477 2.0476 0.0000
v  0.5071 2.0476 0.0000
v  -1.3002 2.0476 -0.4949
v  -1.7984 2.0476 -0.6278
v  -1.4450 2.0476 -0.6382
v  -2.6007 2.0476 -0.4568
v  -3.0959 2.0476 -0.5774
v  -2.7422 2.0476 -0.5964
v  -3.2661 2.0476 0.1475
v  -3.7811 2.0476 0.0000
v  -3.4217 2.0476 0.0000
v  2.5517 2.0476 1.3552
v  2.0751 2.0476 1.2381
v  2.4228 2.0476 1.2175
v  1.2945 2.0476 0.7902
v  0.7963 2.0476 0.6473
v  1.1497 2.0476 0.6440
v  0.0000 2.0476 1.4573
v  -0.4949 2.0476 1.3002
v  -0.1476 2.0476 1.3068
v  -1.2945 2.0476 0.7902
v  -1.7984 2.0476 0.6278
v  -1.4450 2.0476 0.6382
v  -2.5887 2.0476 0.7519
v  -3.0959 2.0476 0.5774
v  -2.7422 2.0476 0.5964
v  -3.1884 2.0476 1.2846
v  -3.7086 2.0476 1.0852
v  -3.3596 2.0476 1.1231
v  2.9786 2.0476 2.4192
v  2.5613 2.0476 2.3842
v  2.8779 2.0476 2.3112
v  1.1928 2.0476 2.7170
v  0.7519 2.0476 2.5887
v  1.0612 2.0476 2.5762
v  0.0000 2.0476 2.1121
v  -0.4759 2.0476 1.9504
v  -0.1476 2.0476 1.9601
v  -1.1928 2.0476 2.7170
v  -1.6666 2.0476 2.5124
v  -1.3552 2.0476 2.5517
v  -2.4753 2.0476 1.9596
v  -2.9716 2.0476 1.7329
v  -2.6395 2.0476 1.7886
v  3.3632 2.0476 2.8107
v  2.9887 2.0476 2.8043
v  3.2758 2.0476 2.7164
v  2.2448 2.0476 3.1657
v  1.8541 2.0476 3.0929
v  2.1324 2.0476 3.0462
v  0.0000 2.0476 3.4217
v  -0.4220 2.0476 3.2513
v  -0.1475 2.0476 3.2661
v  -0.5616 2.0476 3.3909
v  -0.9915 2.0476 3.2207
v  -0.7170 2.0476 3.2355
v  -1.1231 2.0476 3.3596
v  -1.5629 2.0476 3.1417
v  -1.2846 2.0476 3.1884
v  -2.8043 2.0476 2.9887
v  -3.2758 2.0476 2.7164
v  -2.9887 2.0476 2.8043
v  -1.6841 2.0476 3.2629
v  -2.1324 2.0476 3.0462
v  -1.8541 2.0476 3.0929
v  -1.8569 2.0476 2.0174
v  -2.3468 2.0476 1.8266
v  -2.0174 2.0476 1.8569
v  -3.0929 2.0476 1.8541
v  -3.5951 2.0476 1.6284
v  -3.2629 2.0476 1.6841
v  -2.2448 2.0476 3.1657
v  -2.7063 2.0476 2.8907
v  -2.4192 2.0476 2.9786
v  -0.5964 2.0476 2.7422
v  -1.0612 2.0476 2.5762
v  -0.7519 2.0476 2.5887
v  -2.3842 2.0476 2.5613
v  -2.8779 2.0476 2.3112
v  -2.5613 2.0476 2.3842
v  0.5616 2.0476 3.3909
v  0.1475 2.0476 3.2661
v  0.4220 2.0476 3.2513
v  0.6191 2.0476 2.0936
v  0.1476 2.0476 1.9601
v  0.4759 2.0476 1.9504
v  -1.7886 2.0476 2.6395
v  -2.2709 2.0476 2.4359
v  -1.9596 2.0476 2.4753
v  1.6841 2.0476 3.2629
v  1.2846 2.0476 3.1884
v  1.5629 2.0476 3.1417
v  1.7886 2.0476 2.6395
v  1.3552 2.0476 2.5517
v  1.6666 2.0476 2.5124
v  0.0000 2.0476 2.7669
v  -0.4568 2.0476 2.6007
v  -0.1475 2.0476 2.6132
v  1.1231 2.0476 3.3596
v  0.7170 2.0476 3.2355
v  0.9915 2.0476 3.2207
v  1.2381 2.0476 2.0751
v  0.7711 2.0476 1.9417
v  1.0993 2.0476 1.9320
v  0.5964 2.0476 2.7422
v  0.1475 2.0476 2.6132
v  0.4568 2.0476 2.6007
v  2.8043 2.0476 2.9887
v  2.4192 2.0476 2.9786
v  2.7063 2.0476 2.8907
v  2.4753 2.0476 1.9596
v  2.0174 2.0476 1.8569
v  2.3468 2.0476 1.8266
v  2.3842 2.0476 2.5613
v  1.9596 2.0476 2.4753
v  2.2709 2.0476 2.4359
v  -2.9786 2.0476 2.4192
v  -3.4822 2.0476 2.1718
v  -3.1657 2.0476 2.2448
v  -3.2355 2.0476 0.7170
v  -3.7446 2.0476 0.5426
v  -3.3909 2.0476 0.5616
v  3.7098 2.0476 1.7483
v  3.2629 2.0476 1.6841
v  3.5951 2.0476 1.6284
v  -0.6191 2.0476 2.0936
v  -1.0993 2.0476 1.9320
v  -0.7711 2.0476 1.9417
v  -0.6473 2.0476 0.7963
v  -1.1497 2.0476 0.6440
v  -0.7963 2.0476 0.6473
v  -1.9417 2.0476 0.7711
v  -2.4471 2.0476 0.6087
v  -2.0936 2.0476 0.6191
v  -1.2381 2.0476 2.0751
v  -1.7233 2.0476 1.8839
v  -1.3940 2.0476 1.9142
v  0.6382 2.0476 1.4450
v  0.1476 2.0476 1.3068
v  0.4949 2.0476 1.3002
v  -1.2764 2.0476 1.4325
v  -1.7803 2.0476 1.2557
v  -1.4325 2.0476 1.2764
v  1.8569 2.0476 2.0174
v  1.3940 2.0476 1.9142
v  1.7233 2.0476 1.8839
v  1.9417 2.0476 0.7711
v  1.4450 2.0476 0.6382
v  1.7984 2.0476 0.6278
v  -0.6382 2.0476 1.4450
v  -1.1375 2.0476 1.2879
v  -0.7902 2.0476 1.2945
v  3.0929 2.0476 1.8541
v  2.6395 2.0476 1.7886
v  2.9716 2.0476 1.7329
v  3.1884 2.0476 1.2846
v  2.7170 2.0476 1.1928
v  3.0660 2.0476 1.1549
v  1.2764 2.0476 1.4325
v  0.7902 2.0476 1.2945
v  1.1375 2.0476 1.2879
v  3.5723 2.0476 2.2761
v  3.1657 2.0476 2.2448
v  3.4822 2.0476 2.1718
v  2.5887 2.0476 0.7519
v  2.0936 2.0476 0.6191
v  2.4471 2.0476 0.6087
v  1.9142 2.0476 1.3940
v  1.4325 2.0476 1.2764
v  1.7803 2.0476 1.2557
v  -2.5517 2.0476 1.3552
v  -3.0660 2.0476 1.1549
v  -2.7170 2.0476 1.1928
v  -3.2513 2.0476 -0.4220
v  -3.7446 2.0476 -0.5426
v  -3.3909 2.0476 -0.5616
v  3.8820 2.0476 0.6820
v  3.3909 2.0476 0.5616
v  3.7446 2.0476 0.5426
v  -1.9142 2.0476 1.3940
v  -2.4228 2.0476 1.2175
v  -2.0751 2.0476 1.2381
v  -1.9601 2.0476 0.1476
v  -2.4715 2.0476 0.0000
v  -2.1121 2.0476 0.0000
v  -1.9504 2.0476 -0.4759
v  -2.4471 2.0476 -0.6087
v  -2.0936 2.0476 -0.6191
v  0.6473 2.0476 0.7963
v  0.1477 2.0476 0.6534
v  0.5010 2.0476 0.6501
v  -0.6534 2.0476 0.1477
v  -1.1619 2.0476 0.0000
v  -0.8025 2.0476 0.0000
v  -0.6501 2.0476 -0.5010
v  -1.1497 2.0476 -0.6440
v  -0.7963 2.0476 -0.6473
v  0.0000 2.0476 0.8025
v  -0.5010 2.0476 0.6501
v  -0.1477 2.0476 0.6534
v  0.0000 2.0476 -0.5071
v  -0.5010 2.0476 -0.6501
v  -0.1477 2.0476 -0.6534
v  0.0000 2.0476 0.1477
v  -0.5071 2.0476 0.0000
v  -0.1477 2.0476 0.0000
v  3.2355 2.0476 0.7170
v  2.7422 2.0476 0.5964
v  3.0959 2.0476 0.5774
v  3.2661 2.0476 0.1475
v  2.7669 2.0476 0.0000
v  3.1263 2.0476 0.0000
v  1.9504 2.0476 -0.4759
v  1.4450 2.0476 -0.6382
v  1.7984 2.0476 -0.6278
v  3.8244 2.0476 1.2137
v  3.3596 2.0476 1.1231
v  3.7086 2.0476 1.0852
v  2.6007 2.0476 -0.4568
v  2.0936 2.0476 -0.6191
v  2.4471 2.0476 -0.6087
v  1.9601 2.0476 0.1476
v  1.4573 2.0476 0.0000
v  1.8167 2.0476 0.0000
v  -2.6132 2.0476 0.1475
v  -3.1263 2.0476 0.0000
v  -2.7669 2.0476 0.0000
v  -3.2207 2.0476 -0.9915
v  -3.7086 2.0476 -1.0852
v  -3.3596 2.0476 -1.1231
v  -3.1417 2.0476 -1.5629
v  -3.5951 2.0476 -1.6283
v  -3.2629 2.0476 -1.6841
v  -1.3068 2.0476 0.1476
v  -1.8167 2.0476 0.0000
v  -1.4573 2.0476 0.0000
v  -1.9320 2.0476 -1.0993
v  -2.4228 2.0476 -1.2175
v  -2.0751 2.0476 -1.2381
v  -1.8839 2.0476 -1.7233
v  -2.3468 2.0476 -1.8266
v  -2.0174 2.0476 -1.8569
v  0.6501 2.0476 -0.5010
v  0.1477 2.0476 -0.6534
v  0.5010 2.0476 -0.6501
v  0.6278 2.0476 -1.7984
v  0.1476 2.0476 -1.9601
v  0.4759 2.0476 -1.9504
v  -0.6278 2.0476 -1.7984
v  -1.0993 2.0476 -1.9320
v  -0.7711 2.0476 -1.9417
v  1.3068 2.0476 0.1476
v  0.8025 2.0476 0.0000
v  1.1619 2.0476 0.0000
v  1.9320 2.0476 -1.0993
v  1.4325 2.0476 -1.2764
v  1.7803 2.0476 -1.2557
v  0.0000 2.0476 -1.1619
v  -0.4949 2.0476 -1.3002
v  -0.1476 2.0476 -1.3068
v  3.2513 2.0476 -0.4220
v  2.7422 2.0476 -0.5964
v  3.0959 2.0476 -0.5774
v  3.1417 2.0476 -1.5629
v  2.6395 2.0476 -1.7886
v  2.9716 2.0476 -1.7329
v  0.6440 2.0476 -1.1497
v  0.1476 2.0476 -1.3068
v  0.4949 2.0476 -1.3002
v  3.9187 2.0476 0.1473
v  3.4217 2.0476 0.0000
v  3.7811 2.0476 0.0000
v  3.2207 2.0476 -0.9915
v  2.7170 2.0476 -1.1928
v  3.0660 2.0476 -1.1549
v  2.5762 2.0476 -1.0612
v  2.0751 2.0476 -1.2381
v  2.4228 2.0476 -1.2175
v  -2.5762 2.0476 -1.0612
v  -3.0660 2.0476 -1.1549
v  -2.7170 2.0476 -1.1928
v  -2.8907 2.0476 -2.7063
v  -3.2758 2.0476 -2.7164
v  -2.9887 2.0476 -2.8043
v  3.7717 2.0476 -1.4595
v  3.2629 2.0476 -1.6841
v  3.5951 2.0476 -1.6283
v  -1.2879 2.0476 -1.1375
v  -1.7803 2.0476 -1.2557
v  -1.4325 2.0476 -1.2764
v  -1.8266 2.0476 -2.3468
v  -2.2709 2.0476 -2.4359
v  -1.9596 2.0476 -2.4753
v  -1.7329 2.0476 -2.9716
v  -2.1324 2.0476 -3.0462
v  -1.8541 2.0476 -3.0929
v  -0.6440 2.0476 -1.1497
v  -1.1375 2.0476 -1.2879
v  -0.7902 2.0476 -1.2945
v  -0.6087 2.0476 -2.4471
v  -1.0612 2.0476 -2.5762
v  -0.7519 2.0476 -2.5887
v  -0.5774 2.0476 -3.0959
v  -0.9915 2.0476 -3.2207
v  -0.7170 2.0476 -3.2355
v  1.8839 2.0476 -1.7233
v  1.3940 2.0476 -1.9142
v  1.7233 2.0476 -1.8839
v  1.7329 2.0476 -2.9716
v  1.2846 2.0476 -3.1884
v  1.5629 2.0476 -3.1417
v  0.5774 2.0476 -3.0959
v  0.1475 2.0476 -3.2661
v  0.4220 2.0476 -3.2513
v  1.2557 2.0476 -1.7803
v  0.7711 2.0476 -1.9417
v  1.0993 2.0476 -1.9320
v  3.0462 2.0476 -2.1324
v  2.5613 2.0476 -2.3842
v  2.8779 2.0476 -2.3112
v  1.2175 2.0476 -2.4228
v  0.7519 2.0476 -2.5887
v  1.0612 2.0476 -2.5762
v  3.8655 2.0476 -0.9220
v  3.3596 2.0476 -1.1231
v  3.7086 2.0476 -1.0852
v  2.3112 2.0476 -2.8779
v  1.8541 2.0476 -3.0929
v  2.1324 2.0476 -3.0462
v  1.8266 2.0476 -2.3468
v  1.3552 2.0476 -2.5517
v  1.6666 2.0476 -2.5123
v  -2.4359 2.0476 -2.2709
v  -2.8779 2.0476 -2.3112
v  -2.5613 2.0476 -2.3842
v  -2.7164 2.0476 -3.2758
v  -3.0703 2.0476 -3.2616
v  -2.8107 2.0476 -3.3632
v  3.4708 2.0476 -2.5357
v  2.9887 2.0476 -2.8043
v  3.2758 2.0476 -2.7164
v  -1.2175 2.0476 -2.4228
v  -1.6666 2.0476 -2.5123
v  -1.3552 2.0476 -2.5517
v  -1.6284 2.0476 -3.5951
v  -1.9942 2.0476 -3.6571
v  -1.7483 2.0476 -3.7098
v  -2.1718 2.0476 -3.4822
v  -2.5357 2.0476 -3.4708
v  -2.2761 2.0476 -3.5723
v  0.0000 2.0476 -2.4715
v  -0.4568 2.0476 -2.6007
v  -0.1475 2.0476 -2.6132
v  -0.5426 2.0476 -3.7446
v  -0.9220 2.0476 -3.8655
v  -0.6820 2.0476 -3.8820
v  -1.0852 2.0476 -3.7085
v  -1.4595 2.0476 -3.7717
v  -1.2137 2.0476 -3.8244
v  0.6087 2.0476 -2.4471
v  0.1475 2.0476 -2.6132
v  0.4568 2.0476 -2.6007
v  0.5426 2.0476 -3.7446
v  0.1473 2.0476 -3.9187
v  0.3873 2.0476 -3.9022
v  0.0000 2.0476 -3.7811
v  -0.3873 2.0476 -3.9022
v  -0.1473 2.0476 -3.9187
v  2.8907 2.0476 -2.7063
v  2.4192 2.0476 -2.9786
v  2.7063 2.0476 -2.8907
v  1.6284 2.0476 -3.5951
v  1.2137 2.0476 -3.8244
v  1.4595 2.0476 -3.7717
v  1.0852 2.0476 -3.7085
v  0.6820 2.0476 -3.8820
v  0.9220 2.0476 -3.8655
v  3.6571 2.0476 -1.9942
v  3.1657 2.0476 -2.2448
v  3.4822 2.0476 -2.1718
v  2.7164 2.0476 -3.2758
v  2.2761 2.0476 -3.5723
v  2.5357 2.0476 -3.4708
v  2.1718 2.0476 -3.4822
v  1.7483 2.0476 -3.7098
v  1.9942 2.0476 -3.6571
v  -4.2414 2.0476 2.3662
v  3.5217 2.0476 -3.5217
v  3.1471 2.0476 -3.9248
v  3.5008 2.0476 -3.7043
v  3.2616 2.0476 -3.0703
v  2.8107 2.0476 -3.3632
v  3.0703 2.0476 -3.2616
v  4.5069 2.0476 -2.4927
v  4.5317 2.0476 -1.9534
v  4.4258 2.0476 -2.2771
v  4.7524 2.0476 0.0000
v  4.8849 2.0476 -0.1469
v  4.6293 2.0476 1.1866
v  5.0758 2.0476 2.2004
v  4.5317 2.0476 1.9534
v  4.6942 2.0476 1.9037
v  0.8117 2.0476 -5.4723
v  0.7512 2.0476 -4.8225
v  0.6502 2.0476 -4.9781
v  -4.6293 2.0476 -1.1866
v  -4.8225 2.0476 -0.7512
v  -4.7905 2.0476 -1.0618
v  -4.4759 2.0476 -2.5296
v  -4.0811 2.0476 -2.8965
v  -4.3017 2.0476 -2.5427
v  -4.9036 2.0476 -1.2819
v  -4.6235 2.0476 -1.6727
v  -4.7294 2.0476 -1.3490
v  -4.7524 2.0476 0.0000
v  -4.8529 2.0476 0.4575
v  -4.8849 2.0476 0.1469
v  -0.6323 2.0476 -5.4959
v  -0.6106 2.0476 -4.9852
v  4.4343 2.0476 -1.7773
v  3.8761 2.0476 -2.9463
v  3.7043 2.0476 -3.5008
v  3.9249 2.0476 -3.1471
v  1.2417 2.0476 4.9193
v  0.7512 2.0476 4.8225
v  1.0618 2.0476 4.7905
v  3.5217 2.0476 3.5217
v  2.3662 2.0476 4.2414
v  2.8965 2.0476 4.0811
v  2.5427 2.0476 4.3017
v  2.0332 2.0476 5.1450
v  1.8665 2.0476 4.7153
v  0.0000 2.0476 4.7524
v  -0.8117 2.0476 5.4723
v  -0.7512 2.0476 4.8225
v  -0.6502 2.0476 4.9781
v  -2.3662 2.0476 4.2414
v  3.0997 2.0476 4.1284
v  -4.4343 2.0476 -1.7773
v  -3.8761 2.0476 -2.9463
v  4.6904 2.0476 0.5935
v  4.6293 2.0476 -1.1866
v  4.2414 2.0476 2.3662
v  4.4258 2.0476 2.2771
v  4.4759 2.0476 2.5296
v  4.4343 2.0476 1.7773
v  -1.1866 2.0476 4.6293
v  -1.0618 2.0476 4.7905
v  -2.5296 2.0476 4.4759
v  -2.8965 2.0476 4.0811
v  -2.5427 2.0476 4.3017
v  -4.5069 2.0476 2.4927
v  -4.7153 2.0476 1.8665
v  -4.9852 2.0476 0.6106
v  -4.9781 2.0476 -0.6502
v  -4.2414 2.0476 -2.3662
v  -0.5935 2.0476 4.6904
v  -1.7773 2.0476 -4.4343
v  -2.2771 2.0476 -4.4258
v  -1.9534 2.0476 -4.5317
v  -2.3662 2.0476 -4.2414
v  2.9463 2.0476 3.8761
v  1.7773 2.0476 4.4343
v  -2.9463 2.0476 -3.8761
v  -3.5008 2.0476 -3.7043
v  -3.1471 2.0476 -3.9248
v  -1.7773 2.0476 4.4343
v  -3.7051 2.0476 -3.7509
v  -2.4927 2.0476 -4.5069
v  -1.1866 2.0476 -4.6293
v  -1.3491 2.0476 -4.7294
v  0.0210 2.0476 -5.0462
v  1.1866 2.0476 -4.6293
v  1.0618 2.0476 -4.7905
v  2.3662 2.0476 -4.2414
v  2.2771 2.0476 -4.4258
v  3.7509 2.0476 -3.7051
v  -0.5935 2.0476 -4.6904
v  -3.5217 2.0476 3.5217
v  -3.1471 2.0476 3.9249
v  -3.5008 2.0476 3.7043
v  -2.9463 2.0476 3.8761
v  4.2414 2.0476 -2.3662
v  4.0811 2.0476 -2.8965
v  4.3017 2.0476 -2.5427
v  4.6904 2.0476 -0.5935
v  -4.9193 2.0476 1.2417
v  0.5935 2.0476 4.6904
v  -3.4391 2.0476 4.3333
v  -3.1376 2.0476 4.0946
v  4.4435 2.0476 -3.2955
v  4.1284 2.0476 -3.0997
v  3.1376 2.0476 -4.0946
v  -0.0905 2.0476 5.5315
v  -4.3333 2.0476 -3.4391
v  -4.7451 2.0476 -2.8441
v  -4.4435 2.0476 3.2955
v  -3.9753 2.0476 3.8473
v  -2.2004 2.0476 5.0758
v  -1.5191 2.0476 5.3196
v  -5.0758 2.0476 -2.2004
v  -5.3196 2.0476 -1.5191
v  2.6874 2.0476 4.8356
v  4.8356 2.0476 -2.6874
v  3.2955 2.0476 4.4435
v  3.8473 2.0476 3.9753
v  5.3664 2.0476 -1.3442
v  -2.6874 2.0476 -4.8356
v  -3.2955 2.0476 -4.4435
v  -3.8473 2.0476 -3.9753
v  -5.4959 2.0476 0.6323
v  -5.3664 2.0476 1.3442
v  4.3333 2.0476 3.4391
v  4.7451 2.0476 2.8441
v  5.3196 2.0476 1.5191
v  -5.1450 2.0476 2.0332
v  -4.8356 2.0476 2.6874
v  0.0905 2.0476 -5.5315
v  5.1450 2.0476 -2.0332
v  1.5191 2.0476 -5.3196
v  -2.8441 2.0476 4.7451
v  -5.4723 2.0476 -0.8117
v  -5.5315 2.0476 -0.0905
v  3.4391 2.0476 -4.3333
v  2.8441 2.0476 -4.7451
v  0.6323 2.0476 5.4959
v  1.3442 2.0476 5.3664
v  5.4723 2.0476 0.8117
v  5.5315 2.0476 0.0905
v  -1.3442 2.0476 -5.3664
v  3.9753 2.0476 -3.8473
v  3.5008 2.0754 -3.7043
v  3.7043 2.0754 -3.5008
v  2.5427 2.0754 -4.3017
v  2.2771 2.0754 -4.4258
v  1.3491 2.0754 -4.7294
v  1.0618 2.0754 -4.7905
v  0.1469 2.0754 -4.8849
v  -0.1469 2.0754 -4.8849
v  -1.0618 2.0754 -4.7905
v  -1.3491 2.0754 -4.7294
v  -2.2771 2.0754 -4.4258
v  -2.5427 2.0754 -4.3017
v  -3.5008 2.0754 -3.7043
v  -3.7043 2.0754 -3.5008
v  -4.3017 2.0754 -2.5427
v  -4.4258 2.0754 -2.2771
v  -4.7294 2.0754 -1.3490
v  -4.7905 2.0754 -1.0618
v  -4.8849 2.0754 -0.1469
v  -4.8849 2.0754 0.1469
v  -4.7905 2.0754 1.0618
v  -4.7294 2.0754 1.3491
v  -4.4258 2.0754 2.2771
v  -4.3017 2.0754 2.5427
v  -3.7043 2.0754 3.5008
v  -3.5008 2.0754 3.7043
v  -2.5427 2.0754 4.3017
v  -2.2771 2.0754 4.4258
v  -1.3491 2.0754 4.7294
v  -1.0618 2.0754 4.7905
v  -0.1469 2.0754 4.8849
v  0.1469 2.0754 4.8849
v  1.0618 2.0754 4.7905
v  1.3491 2.0754 4.7294
v  2.2771 2.0754 4.4258
v  2.5427 2.0754 4.3017
v  3.5008 2.0754 3.7043
v  3.7043 2.0754 3.5008
v  4.3017 2.0754 2.5427
v  4.4258 2.0754 2.2771
v  4.7294 2.0754 1.3491
v  4.7905 2.0754 1.0618
v  4.8849 2.0754 0.1469
v  4.8849 2.0754 -0.1469
v  4.7905 2.0754 -1.0618
v  4.7294 2.0754 -1.3490
v  4.4258 2.0754 -2.2771
v  4.3017 2.0754 -2.5427
v  3.3123 2.0476 -3.3123
v  2.2761 2.0754 -3.5723
v  2.1898 2.0476 -3.7646
v  1.2137 2.0754 -3.8244
v  1.0914 2.0476 -4.0014
v  0.1473 2.0754 -3.9187
v  0.0000 2.0476 -4.0765
v  -0.9220 2.0754 -3.8655
v  -1.0914 2.0476 -4.0014
v  -1.9942 2.0754 -3.6571
v  -2.1898 2.0476 -3.7646
v  -3.0703 2.0754 -3.2616
v  -3.3123 2.0476 -3.3123
v  -3.2616 2.0476 -3.0703
v  3.5723 2.0476 -2.2761
v  3.7646 2.0476 -2.1898
v  2.3842 2.0476 -2.5613
v  2.5613 2.0754 -2.3842
v  1.3552 2.0754 -2.5517
v  1.1928 2.0476 -2.7170
v  0.1475 2.0754 -2.6132
v  0.0000 2.0476 -2.7669
v  -1.0612 2.0754 -2.5762
v  -1.1928 2.0476 -2.7170
v  -2.2709 2.0754 -2.4359
v  -2.3842 2.0476 -2.5613
v  -3.5723 2.0754 -2.2761
v  -3.7646 2.0476 -2.1898
v  -3.5723 2.0476 -2.2761
v  -3.6571 2.0476 -1.9942
v  -3.4822 2.0754 -2.1718
v  3.8244 2.0476 -1.2137
v  4.0014 2.0476 -1.0914
v  2.7170 2.0754 -1.1928
v  2.5517 2.0476 -1.3552
v  1.2764 2.0476 -1.4325
v  1.4325 2.0754 -1.2764
v  0.1476 2.0754 -1.3068
v  0.0000 2.0476 -1.4573
v  -1.1375 2.0754 -1.2879
v  -1.2764 2.0476 -1.4325
v  -2.4228 2.0754 -1.2175
v  -2.5517 2.0476 -1.3552
v  -3.8655 2.0476 -0.9220
v  -3.7086 2.0754 -1.0852
v  -3.8244 2.0476 -1.2137
v  -3.8244 2.0754 -1.2137
v  -4.0014 2.0476 -1.0914
v  3.9187 2.0476 -0.1473
v  4.0765 2.0476 0.0000
v  2.6132 2.0476 -0.1475
v  2.7669 2.0754 0.0000
v  1.4573 2.0754 0.0000
v  1.3068 2.0476 -0.1476
v  0.0000 2.0476 -0.1477
v  0.1477 2.0754 0.0000
v  -1.1619 2.0754 0.0000
v  -1.3068 2.0476 -0.1476
v  -2.4715 2.0754 0.0000
v  -2.6132 2.0476 -0.1475
v  -3.9187 2.0754 -0.1473
v  -4.0765 2.0476 0.0000
v  -3.9187 2.0476 -0.1473
v  -3.9187 2.0476 0.1473
v  -3.7811 2.0754 0.0000
v  3.8655 2.0476 0.9220
v  4.0014 2.0476 1.0914
v  2.5762 2.0476 1.0612
v  2.7170 2.0754 1.1928
v  1.4325 2.0754 1.2764
v  1.2879 2.0476 1.1375
v  0.0000 2.0476 1.1619
v  0.1476 2.0754 1.3068
v  -1.1375 2.0754 1.2879
v  -1.2879 2.0476 1.1375
v  -2.4228 2.0754 1.2175
v  -2.5762 2.0476 1.0612
v  -3.8655 2.0754 0.9220
v  -4.0014 2.0476 1.0914
v  -3.8655 2.0476 0.9220
v  -3.8244 2.0476 1.2137
v  -3.7086 2.0754 1.0852
v  3.6571 2.0476 1.9942
v  3.7646 2.0476 2.1898
v  2.4359 2.0476 2.2709
v  2.5613 2.0754 2.3842
v  1.2175 2.0476 2.4228
v  1.3552 2.0754 2.5517
v  0.1475 2.0754 2.6132
v  0.0000 2.0476 2.4715
v  -1.2175 2.0476 2.4228
v  -1.0612 2.0754 2.5762
v  -2.2709 2.0754 2.4359
v  -2.4359 2.0476 2.2709
v  -3.5723 2.0476 2.2761
v  -3.4822 2.0754 2.1718
v  -3.6571 2.0476 1.9942
v  -3.6571 2.0754 1.9942
v  -3.7646 2.0476 2.1898
v  3.2616 2.0476 3.0703
v  3.3123 2.0476 3.3123
v  3.0703 2.0476 3.2616
v  2.2761 2.0476 3.5723
v  2.1898 2.0476 3.7646
v  2.1718 2.0476 3.4822
v  1.9942 2.0476 3.6571
v  0.9220 2.0476 3.8655
v  1.0852 2.0476 3.7086
v  1.0914 2.0476 4.0014
v  1.2137 2.0476 3.8244
v  -0.1473 2.0476 3.9187
v  0.0000 2.0476 3.7811
v  0.0000 2.0476 4.0765
v  0.1473 2.0476 3.9187
v  -0.9220 2.0476 3.8655
v  -1.0914 2.0476 4.0014
v  -1.0852 2.0476 3.7086
v  -1.2137 2.0476 3.8244
v  -2.2761 2.0476 3.5723
v  -2.1718 2.0476 3.4822
v  -2.1898 2.0476 3.7646
v  -1.9942 2.0476 3.6571
v  -3.0703 2.0476 3.2616
v  -3.3123 2.0476 3.3123
v  -3.2616 2.0476 3.0703
v  -3.2616 2.0754 3.0703
v  -4.8529 2.0754 -0.4575
v  -4.8225 2.0754 -0.7512
v  3.1884 2.0476 -1.2846
v  3.3596 2.0754 -1.1231
v  2.4192 2.0754 -2.9786
v  2.2448 2.0476 -3.1657
v  1.8665 2.0754 4.7153
v  1.9534 2.0754 4.5317
v  1.6727 2.0754 4.6235
v  -3.9022 2.0476 -0.3873
v  -4.0393 2.0476 -0.5455
v  -3.7446 2.0754 -0.5426
v  -3.8820 2.0476 -0.6820
v  -3.8820 2.0754 -0.6820
v  -2.1324 2.0754 3.0462
v  -2.3112 2.0476 2.8779
v  -3.1471 2.0754 -3.9248
v  -2.8965 2.0754 -4.0811
v  -1.0993 2.0754 1.9320
v  -1.2557 2.0476 1.7803
v  0.1477 2.0754 0.6534
v  0.0000 2.0476 0.5071
v  2.7487 2.0476 3.5439
v  2.5357 2.0476 3.4708
v  2.8107 2.0476 3.3632
v  2.7164 2.0476 3.2758
v  3.5439 2.0476 2.7487
v  3.4708 2.0476 2.5357
v  1.9601 2.0476 -0.1476
v  2.1121 2.0754 0.0000
v  -3.2661 2.0476 -0.1475
v  -3.1263 2.0754 0.0000
v  1.3940 2.0754 -1.9142
v  1.2381 2.0476 -2.0751
v  -0.5455 2.0476 -4.0393
v  -0.3873 2.0754 -3.9022
v  -3.1884 2.0476 -1.2846
v  -3.0660 2.0754 -1.1549
v  -4.6235 2.0754 -1.6727
v  -4.5317 2.0754 -1.9534
v  -1.7886 2.0476 -2.6395
v  -1.6666 2.0754 -2.5123
v  -3.8820 2.0476 0.6820
v  -4.0393 2.0476 0.5455
v  -3.7446 2.0754 0.5426
v  -3.9022 2.0476 0.3873
v  -3.9022 2.0754 0.3873
v  4.5317 2.0754 -1.9534
v  4.6235 2.0754 -1.6727
v  -3.4708 2.0476 -2.5357
v  -3.5439 2.0476 -2.7487
v  -3.2758 2.0754 -2.7164
v  -3.3632 2.0476 -2.8107
v  -3.3632 2.0754 -2.8107
v  0.1477 2.0754 -0.6534
v  0.0000 2.0476 -0.8025
v  0.6087 2.0476 2.4471
v  0.7519 2.0754 2.5887
v  -0.5455 2.0476 4.0393
v  -0.6820 2.0476 3.8820
v  -0.3873 2.0476 3.9022
v  -0.5426 2.0476 3.7446
v  1.9320 2.0476 1.0993
v  2.0751 2.0754 1.2381
v  0.1475 2.0754 3.2661
v  0.0000 2.0476 3.1263
v  1.6727 2.0754 -4.6235
v  1.9534 2.0754 -4.5317
v  1.9037 2.0754 -4.6942
v  4.0393 2.0476 -0.5455
v  3.8820 2.0476 -0.6820
v  -3.9249 2.0754 3.1471
v  -4.0811 2.0754 2.8965
v  2.7487 2.0476 -3.5439
v  2.8107 2.0754 -3.3632
v  1.7886 2.0476 -2.6395
v  1.9596 2.0754 -2.4753
v  -4.5317 2.0754 1.9534
v  -4.6235 2.0754 1.6727
v  0.6382 2.0476 -1.4450
v  0.7902 2.0754 -1.2945
v  1.3940 2.0754 1.9142
v  1.2557 2.0476 1.7803
v  -3.0462 2.0476 2.1324
v  -2.8779 2.0754 2.3112
v  -1.9320 2.0476 1.0993
v  -1.7803 2.0754 1.2557
v  1.2846 2.0754 3.1884
v  1.1549 2.0476 3.0660
v  -0.6534 2.0476 -0.1477
v  -0.5071 2.0754 0.0000
v  2.8965 2.0754 -4.0811
v  3.1471 2.0754 -3.9248
v  2.7422 2.0754 0.5964
v  2.6007 2.0476 0.4568
v  3.8840 2.0476 -1.6397
v  3.7098 2.0476 -1.7483
v  2.7422 2.0754 -0.5964
v  2.5887 2.0476 -0.7519
v  1.6397 2.0476 -3.8840
v  1.7483 2.0754 -3.7098
v  -0.6382 2.0476 -1.4450
v  -0.4949 2.0754 -1.3002
v  0.5964 2.0476 -2.7422
v  0.7519 2.0754 -2.5887
v  0.7512 2.0754 4.8225
v  0.4575 2.0754 4.8529
v  2.6395 2.0754 1.7886
v  2.5123 2.0476 1.6666
v  4.8529 2.0754 0.4575
v  4.8225 2.0754 0.7512
v  -1.8266 2.0476 2.3468
v  -1.6666 2.0754 2.5124
v  -2.7487 2.0476 3.5439
v  -2.8107 2.0476 3.3632
v  -2.5357 2.0476 3.4708
v  -2.7164 2.0476 3.2758
v  -0.6106 2.0754 -4.9852
v  -0.7512 2.0754 -4.8225
v  -0.4575 2.0754 -4.8529
v  2.4192 2.0754 2.9786
v  2.3112 2.0476 2.8779
v  -0.6440 2.0476 1.1497
v  -0.4949 2.0754 1.3002
v  0.6534 2.0476 -0.1477
v  0.8025 2.0754 0.0000
v  3.5439 2.0476 -2.7487
v  3.3632 2.0476 -2.8107
v  2.6395 2.0754 -1.7886
v  2.4753 2.0476 -1.9596
v  1.4450 2.0754 -0.6382
v  1.2945 2.0476 -0.7902
v  0.5455 2.0476 -4.0393
v  0.6820 2.0754 -3.8820
v  -1.9142 2.0476 -1.3940
v  -1.7803 2.0754 -1.2557
v  -0.5964 2.0476 -2.7422
v  -0.4568 2.0754 -2.6007
v  3.8840 2.0476 1.6397
v  3.7717 2.0476 1.4595
v  -3.1376 2.0754 4.0946
v  -2.8965 2.0754 4.0811
v  -3.1471 2.0754 3.9249
v  -2.1324 2.0754 -3.0462
v  -2.2448 2.0476 -3.1657
v  4.6942 2.0754 1.9037
v  4.6235 2.0754 1.6727
v  4.5317 2.0754 1.9534
v  -0.6087 2.0476 2.4471
v  -0.4568 2.0754 2.6007
v  3.1471 2.0754 3.9249
v  2.8965 2.0754 4.0811
v  -1.6397 2.0476 3.8840
v  -1.7483 2.0476 3.7098
v  -1.4595 2.0476 3.7717
v  -1.6284 2.0476 3.5951
v  -1.9534 2.0754 -4.5317
v  -1.6727 2.0754 -4.6235
v  -1.8665 2.0754 -4.7153
v  0.6440 2.0476 1.1497
v  0.7902 2.0754 1.2945
v  -3.7717 2.0476 -1.4595
v  -3.8840 2.0476 -1.6397
v  -3.5951 2.0754 -1.6283
v  -3.7098 2.0476 -1.7483
v  -3.7098 2.0754 -1.7483
v  2.9786 2.0476 -2.4192
v  3.1657 2.0754 -2.2448
v  1.9142 2.0476 -1.3940
v  2.0751 2.0754 -1.2381
v  1.2846 2.0754 -3.1884
v  1.1231 2.0476 -3.3596
v  -1.6727 2.0754 4.6235
v  -1.9534 2.0754 4.5317
v  -0.9915 2.0754 3.2207
v  -1.1549 2.0476 3.0660
v  4.0811 2.0754 2.8965
v  3.9249 2.0754 3.1471
v  0.1476 2.0754 1.9601
v  0.0000 2.0476 1.8167
v  1.4450 2.0754 0.6382
v  1.3002 2.0476 0.4949
v  -3.2207 2.0476 0.9915
v  -3.0660 2.0754 1.1549
v  -1.9601 2.0476 -0.1476
v  -1.8167 2.0754 0.0000
v  4.0811 2.0754 -2.8965
v  4.1284 2.0754 -3.0997
v  3.9249 2.0754 -3.1471
v  0.1476 2.0754 -1.9601
v  0.0000 2.0476 -2.1121
v  -3.7098 2.0476 1.7483
v  -3.8840 2.0476 1.6397
v  -3.5951 2.0754 1.6284
v  -3.7717 2.0476 1.4595
v  -3.7717 2.0754 1.4595
v  4.0393 2.0476 0.5455
v  3.9022 2.0476 0.3873
v  -1.6397 2.0476 -3.8840
v  -1.4595 2.0754 -3.7717
v  -2.9786 2.0476 -2.4192
v  -2.8779 2.0754 -2.3112
v  0.1475 2.0754 -3.2661
v  0.0000 2.0476 -3.4217
v  -4.0811 2.0754 -2.8965
v  -3.9249 2.0754 -3.1471
v  -0.6502 2.0754 4.9781
v  -0.4575 2.0754 4.8529
v  -0.7512 2.0754 4.8225
v  -2.4471 2.0754 0.6087
v  -2.6007 2.0476 0.4568
v  4.9852 2.0754 -0.6106
v  4.8225 2.0754 -0.7512
v  4.8529 2.0754 -0.4575
v  -1.1497 2.0754 -0.6440
v  -1.2945 2.0476 -0.7902
v  0.5455 2.0476 4.0393
v  0.3873 2.0476 3.9022
v  0.6820 2.0476 3.8820
v  0.5426 2.0476 3.7446
v  1.8266 2.0476 2.3468
v  1.9596 2.0754 2.4753
v  0.4575 2.0754 -4.8529
v  0.7512 2.0754 -4.8225
v  0.6502 2.0754 -4.9781
v  -1.0993 2.0754 -1.9320
v  -1.2381 2.0476 -2.0751
v  3.2207 2.0476 0.9915
v  3.3596 2.0754 1.1231
v  -2.3468 2.0754 1.8266
v  -2.5123 2.0476 1.6666
v  -0.9915 2.0754 -3.2207
v  -1.1231 2.0476 -3.3596
v  -4.8225 2.0754 0.7512
v  -4.8529 2.0754 0.4575
v  -3.3632 2.0476 2.8107
v  -3.5439 2.0476 2.7487
v  -3.2758 2.0754 2.7164
v  -3.4708 2.0476 2.5357
v  -3.4708 2.0754 2.5357
v  -2.7487 2.0476 -3.5439
v  -2.5357 2.0754 -3.4708
v  -2.4471 2.0754 -0.6087
v  -2.5887 2.0476 -0.7519
v  -1.1497 2.0754 0.6440
v  -1.3002 2.0476 0.4949
v  1.6397 2.0476 3.8840
v  1.4595 2.0476 3.7717
v  1.7483 2.0476 3.7098
v  1.6284 2.0476 3.5951
v  3.0462 2.0476 2.1324
v  3.1657 2.0754 2.2448
v  -2.3468 2.0754 -1.8266
v  -2.4753 2.0476 -1.9596
v  3.2661 2.0476 -0.1475
v  3.4217 2.0754 0.0000
v  -2.7063 2.0754 2.8907
v  -2.8907 2.0476 2.7063
v  -1.5629 2.0754 3.1417
v  -1.7329 2.0476 2.9716
v  -0.4220 2.0754 3.2513
v  -0.5774 2.0476 3.0959
v  0.7170 2.0754 3.2355
v  0.5774 2.0476 3.0959
v  1.8541 2.0754 3.0929
v  1.7329 2.0476 2.9716
v  2.9887 2.0754 2.8043
v  2.8907 2.0476 2.7063
v  -2.9716 2.0754 1.7329
v  -3.1417 2.0476 1.5629
v  -1.7233 2.0754 1.8839
v  -1.8839 2.0476 1.7233
v  -0.4759 2.0754 1.9504
v  -0.6278 2.0476 1.7984
v  0.7711 2.0754 1.9417
v  0.6278 2.0476 1.7984
v  2.0174 2.0754 1.8569
v  1.8839 2.0476 1.7233
v  3.2629 2.0754 1.6841
v  3.1417 2.0476 1.5629
v  -3.0959 2.0754 0.5774
v  -3.2513 2.0476 0.4220
v  -1.7984 2.0754 0.6278
v  -1.9504 2.0476 0.4759
v  -0.5010 2.0754 0.6501
v  -0.6501 2.0476 0.5010
v  0.7963 2.0754 0.6473
v  0.6501 2.0476 0.5010
v  2.0936 2.0754 0.6191
v  1.9504 2.0476 0.4759
v  3.3909 2.0754 0.5616
v  3.2513 2.0476 0.4220
v  -3.0959 2.0754 -0.5774
v  -3.2355 2.0476 -0.7170
v  -1.7984 2.0754 -0.6278
v  -1.9417 2.0476 -0.7711
v  -0.5010 2.0754 -0.6501
v  -0.6473 2.0476 -0.7963
v  0.7963 2.0754 -0.6473
v  0.6473 2.0476 -0.7963
v  2.0936 2.0754 -0.6191
v  1.9417 2.0476 -0.7711
v  3.3909 2.0754 -0.5616
v  3.2355 2.0476 -0.7170
v  -2.9716 2.0754 -1.7329
v  -3.0929 2.0476 -1.8541
v  -1.7233 2.0754 -1.8839
v  -1.8569 2.0476 -2.0174
v  -0.4759 2.0754 -1.9504
v  -0.6191 2.0476 -2.0936
v  0.7711 2.0754 -1.9417
v  0.6191 2.0476 -2.0936
v  2.0174 2.0754 -1.8568
v  1.8569 2.0476 -2.0174
v  3.2629 2.0754 -1.6841
v  3.0929 2.0476 -1.8541
v  -2.7063 2.0754 -2.8907
v  -2.8043 2.0476 -2.9887
v  -1.5629 2.0754 -3.1417
v  -1.6841 2.0476 -3.2629
v  -0.4220 2.0754 -3.2513
v  -0.5616 2.0476 -3.3909
v  0.7170 2.0754 -3.2355
v  0.5616 2.0476 -3.3909
v  1.8541 2.0754 -3.0929
v  1.6841 2.0476 -3.2629
v  2.9887 2.0754 -2.8043
v  2.8043 2.0476 -2.9887
v  -6.5316 0.0000 6.5316
v  8.5339 0.0000 3.5348
v  8.5339 0.0000 -3.5349
# 2505 vertices

vn -0.2830 0.2229 0.9329
vn 0.8597 0.2229 -0.4595
vn -0.6184 0.2229 0.7536
vn -0.6184 0.2229 -0.7536
vn -0.2830 0.2229 -0.9329
vn -0.0886 0.2632 0.9607
vn -0.7536 0.2229 0.6184
vn 0.9607 0.2632 0.0886
vn -0.8597 0.2229 0.4595
vn -0.3724 0.1251 0.9196
vn -0.9607 0.2632 -0.0886
vn 0.8597 0.2229 0.4595
vn 0.7536 0.2229 0.6184
vn -0.8597 0.2229 -0.4595
vn -0.9329 0.2229 -0.2830
vn 0.6184 0.2229 0.7536
vn -0.7536 0.2229 -0.6184
vn 0.7536 0.2229 -0.6184
vn -0.4595 0.2229 -0.8597
vn 0.8981 0.1346 0.4186
vn 0.4595 0.2229 -0.8597
vn 0.6184 0.2229 -0.7536
vn -0.9196 0.1251 -0.3724
vn 0.0845 0.5066 0.8581
vn -0.7655 0.4966 0.4092
vn -0.9480 0.3041 0.0934
vn -0.8310 0.4958 0.2521
vn -0.9480 0.3041 -0.0934
vn -0.8645 0.4954 0.0851
vn -0.9115 0.3044 -0.2765
vn -0.8645 0.4954 -0.0851
vn -0.8399 0.3050 -0.4489
vn 0.0931 0.3124 -0.9454
vn -0.8310 0.4958 -0.2521
vn -0.7360 0.3058 -0.6040
vn 0.2756 0.3138 -0.9086
vn -0.7655 0.4966 -0.4092
vn -0.6038 0.3068 -0.7357
vn 0.4474 0.3151 -0.8370
vn -0.6705 0.4977 -0.5502
vn -0.4484 0.3081 -0.8390
vn 0.6018 0.3164 -0.7333
vn -0.5497 0.4991 -0.6698
vn -0.2760 0.3094 -0.9100
vn 0.7330 0.3174 -0.6016
vn -0.4080 0.5008 -0.7634
vn -0.0931 0.3109 -0.9459
vn 0.8361 0.3182 -0.4469
vn -0.2510 0.5026 -0.8273
vn 0.9070 0.3188 -0.2751
vn -0.0846 0.5046 -0.8592
vn 0.9432 0.3191 -0.0929
vn 0.0845 0.5066 -0.8581
vn 0.9432 0.3191 0.0929
vn 0.2499 0.5085 -0.8240
vn -0.0342 0.9273 -0.3729
vn -0.6233 0.1860 0.7595
vn 0.7100 0.6400 -0.2937
vn -0.7595 0.1860 0.6233
vn 0.0657 0.9740 -0.2166
vn 0.2166 0.9740 -0.0658
vn 0.1059 0.9744 -0.1982
vn -0.3729 0.9273 -0.0342
vn -0.3729 0.9273 0.0342
vn -0.9568 0.0060 0.2906
vn 0.1426 0.9744 -0.1737
vn 0.2166 0.9740 0.0657
vn 0.1737 0.9744 -0.1426
vn 0.1982 0.9744 0.1059
vn -0.8749 0.1260 0.4677
vn -0.0342 0.9273 0.3729
vn 0.0342 0.9273 0.3729
vn 0.1737 0.9744 0.1426
vn 0.1982 0.9744 -0.1059
vn 0.1426 0.9744 0.1737
vn 0.9523 0.0986 0.2887
vn 0.0658 0.9740 0.2166
vn 0.8817 -0.0193 0.4713
vn 0.3729 0.9273 0.0342
vn 0.3729 0.9273 -0.0342
vn 0.1059 0.9744 0.1982
vn 0.7705 -0.0799 0.6324
vn -0.0657 0.9740 0.2166
vn 0.6324 -0.0799 0.7705
vn -0.1059 0.9744 0.1982
vn -0.4677 0.1260 -0.8749
vn 0.0342 0.9273 -0.3729
vn -0.0062 1.0000 0.0051
vn 0.0108 0.9999 -0.0011
vn -0.0069 1.0000 0.0037
vn 0.0108 0.9999 0.0011
vn -0.0074 1.0000 0.0022
vn 0.0103 0.9999 0.0031
vn -0.0076 1.0000 0.0008
vn 0.0094 0.9999 0.0050
vn -0.0076 1.0000 -0.0008
vn 0.0081 0.9999 0.0066
vn -0.0074 1.0000 -0.0022
vn 0.0065 0.9999 0.0079
vn -0.0069 1.0000 -0.0037
vn 0.0047 1.0000 0.0088
vn 0.0009 1.0000 -0.0093
vn -0.0062 1.0000 -0.0051
vn 0.0028 1.0000 0.0093
vn 0.0028 1.0000 -0.0093
vn -0.0052 1.0000 -0.0064
vn 0.0009 1.0000 0.0093
vn 0.0047 1.0000 -0.0088
vn -0.0040 1.0000 -0.0075
vn -0.0009 1.0000 0.0090
vn 0.0065 0.9999 -0.0079
vn -0.0025 1.0000 -0.0084
vn -0.0025 1.0000 0.0084
vn 0.0081 0.9999 -0.0066
vn -0.0009 1.0000 -0.0090
vn -0.0040 1.0000 0.0075
vn 0.0094 0.9999 -0.0050
vn -0.0052 1.0000 0.0064
vn 0.0103 0.9999 -0.0031
vn -0.9115 0.3044 0.2765
vn -0.6705 0.4977 0.5502
vn 0.2499 0.5085 0.8240
vn -0.8399 0.3050 0.4489
vn -0.5497 0.4991 0.6698
vn 0.4054 0.5103 0.7584
vn -0.7360 0.3058 0.6040
vn -0.4080 0.5008 0.7634
vn 0.5450 0.5119 0.6640
vn -0.6038 0.3068 0.7357
vn -0.2510 0.5026 0.8273
vn 0.6634 0.5133 0.5444
vn -0.4484 0.3081 0.8390
vn -0.0846 0.5046 0.8592
vn 0.7563 0.5144 0.4042
vn -0.2760 0.3094 0.9100
vn 0.8202 0.5152 0.2488
vn -0.0931 0.3109 0.9459
vn 0.8527 0.5155 0.0840
vn 0.0931 0.3124 0.9454
vn 0.8527 0.5155 -0.0840
vn 0.2756 0.3138 0.9086
vn 0.8202 0.5152 -0.2488
vn 0.4474 0.3151 0.8370
vn 0.7563 0.5144 -0.4042
vn 0.6018 0.3164 0.7333
vn 0.6634 0.5133 -0.5444
vn 0.7331 0.3174 0.6016
vn 0.5450 0.5119 -0.6640
vn 0.8361 0.3182 0.4469
vn 0.4054 0.5103 -0.7584
vn 0.9070 0.3188 0.2751
vn -0.0606 -0.7826 -0.6196
vn -0.6196 -0.7826 -0.0606
vn -0.6196 -0.7826 0.0606
vn -0.0606 -0.7826 0.6196
vn 0.0606 -0.7826 0.6196
vn 0.6196 -0.7826 0.0606
vn 0.6196 -0.7826 -0.0606
vn 0.0606 -0.7826 -0.6196
vn 0.9196 0.1251 -0.3724
vn 0.2830 0.2229 -0.9329
vn 0.2830 0.2229 0.9329
vn -0.3724 0.1251 -0.9196
vn 0.9329 0.2229 -0.2830
vn 0.9329 0.2229 0.2830
vn -0.4186 0.1346 0.8981
vn 0.0840 0.5114 0.8552
vn 0.8552 0.5114 0.0840
vn 0.8552 0.5114 -0.0840
vn 0.0840 0.5114 -0.8552
vn -0.0840 0.5114 -0.8552
vn -0.8552 0.5114 -0.0840
vn -0.8552 0.5114 0.0840
vn -0.0840 0.5114 0.8552
vn -0.8852 0.4649 0.0174
vn 0.0174 0.4649 -0.8852
vn 0.0174 0.4649 0.8852
vn -0.8852 0.4649 -0.0174
vn 0.8852 0.4649 -0.0174
vn -0.0174 0.4649 0.8852
vn -0.0174 0.4649 -0.8852
vn 0.8852 0.4649 0.0174
vn -0.8981 0.1346 0.4186
vn -0.4595 0.2229 0.8597
vn 0.4595 0.2229 0.8597
vn -0.9196 0.1251 0.3724
vn -0.8981 0.1346 -0.4186
vn 0.3724 0.1251 0.9196
vn 0.0886 0.2632 0.9607
vn 0.8981 0.1346 -0.4186
vn 0.9196 0.1251 0.3724
vn -0.0886 0.2632 -0.9607
vn -0.4186 0.1346 -0.8981
vn -0.9329 0.2229 0.2830
vn -0.9607 0.2632 0.0886
vn 0.4186 0.1346 0.8981
vn 0.9607 0.2632 -0.0886
vn 0.4186 0.1346 -0.8981
vn 0.3724 0.1251 -0.9196
vn 0.1206 -0.9095 -0.3978
vn 0.3225 -0.9088 -0.2647
vn -0.0013 1.0000 0.0042
vn -0.0040 1.0000 0.0033
vn -0.2647 -0.9088 -0.3225
vn -0.0042 1.0000 0.0013
vn 0.0033 1.0000 0.0040
vn 0.3978 -0.9095 -0.1206
vn 0.1966 -0.9089 -0.3678
vn 0.0886 0.2632 -0.9607
vn 0.0040 1.0000 -0.0033
vn -0.0024 1.0000 0.0045
vn -0.3225 -0.9088 0.2647
vn -0.1966 -0.9089 -0.3678
vn 0.0045 1.0000 -0.0024
vn 0.0024 1.0000 0.0045
vn -0.3678 -0.9089 0.1966
vn 0.2647 -0.9088 -0.3225
vn 0.0042 1.0000 -0.0013
vn -0.0033 1.0000 0.0040
vn -0.3978 -0.9095 0.1206
vn -0.1206 -0.9095 -0.3978
vn 0.3978 -0.9095 0.1206
vn 0.0013 1.0000 0.0042
vn -0.0042 1.0000 -0.0013
vn -0.7539 0.2208 -0.6187
vn -0.2831 0.2219 0.9331
vn -0.2830 0.2219 0.9331
vn -0.2830 0.2219 -0.9331
vn -0.2831 0.2219 -0.9331
vn 0.6187 0.2208 -0.7539
vn -0.4598 0.2208 -0.8601
vn 0.4598 0.2208 -0.8601
vn -0.6187 0.2208 -0.7539
vn 0.2830 0.2219 -0.9331
vn 0.2831 0.2219 -0.9331
vn 0.2831 0.2219 0.9331
vn 0.2830 0.2219 0.9331
vn 0.4598 0.2208 0.8601
vn -0.8601 0.2208 -0.4598
vn 0.6187 0.2208 0.7539
vn 0.6187 0.2209 0.7539
vn -0.9331 0.2219 -0.2831
vn -0.9331 0.2219 -0.2830
vn 0.7539 0.2209 0.6187
vn 0.7539 0.2208 0.6187
vn 0.8601 0.2208 0.4598
vn 0.9331 0.2219 0.2830
vn 0.9331 0.2219 0.2831
vn -0.9331 0.2219 0.2831
vn -0.9331 0.2219 0.2830
vn -0.8601 0.2208 0.4598
vn -0.7539 0.2208 0.6187
vn 0.9331 0.2219 -0.2831
vn 0.9331 0.2219 -0.2830
vn 0.7539 0.2208 -0.6187
vn -0.4598 0.2208 0.8601
vn 0.8601 0.2208 -0.4598
vn -0.6187 0.2209 0.7539
vn -0.6187 0.2208 0.7539
vn -0.7397 0.2904 -0.6071
vn -0.2775 0.2896 0.9160
vn -0.2775 0.2896 -0.9160
vn 0.6071 0.2904 -0.7397
vn -0.4511 0.2904 -0.8439
vn 0.4511 0.2904 -0.8439
vn -0.6071 0.2904 -0.7397
vn 0.2775 0.2896 -0.9160
vn 0.2775 0.2896 0.9160
vn 0.4511 0.2904 0.8439
vn -0.8439 0.2904 -0.4511
vn 0.6071 0.2904 0.7397
vn -0.9160 0.2896 -0.2775
vn 0.7397 0.2904 0.6071
vn 0.8439 0.2904 0.4511
vn 0.9160 0.2896 0.2775
vn -0.9160 0.2896 0.2775
vn -0.8439 0.2904 0.4511
vn -0.7397 0.2904 0.6071
vn 0.9160 0.2896 -0.2775
vn 0.7397 0.2904 -0.6071
vn -0.4511 0.2904 0.8439
vn 0.8439 0.2904 -0.4511
vn -0.6071 0.2904 0.7397
vn -0.1966 -0.9089 0.3678
vn 0.1206 -0.9095 0.3978
vn 0.0024 1.0000 -0.0045
vn -0.0013 1.0000 -0.0042
vn -0.0045 1.0000 0.0024
vn -0.0024 1.0000 -0.0045
vn -0.9583 -0.0242 -0.2849
vn 0.3678 -0.9089 -0.1966
vn 0.1966 -0.9089 0.3678
vn 0.2849 -0.0242 0.9583
vn 0.0033 1.0000 -0.0040
vn 0.0045 1.0000 0.0024
vn -0.2849 -0.0242 0.9583
vn -0.2647 -0.9088 0.3225
vn -0.3678 -0.9089 -0.1966
vn -0.2849 -0.0242 -0.9583
vn 0.2647 -0.9088 0.3225
vn 0.2849 -0.0242 -0.9583
vn -0.0033 1.0000 -0.0040
vn 0.9583 -0.0242 -0.2849
vn -0.3978 -0.9095 -0.1206
vn 0.9583 -0.0242 0.2849
vn 0.0042 1.0000 0.0013
vn -0.9583 -0.0242 0.2849
vn 0.3225 -0.9088 0.2647
vn -0.3225 -0.9088 -0.2647
vn -0.0040 1.0000 -0.0033
vn 0.0040 1.0000 0.0033
vn 0.3678 -0.9089 0.1966
vn -0.1206 -0.9095 0.3978
vn -0.0045 1.0000 -0.0024
vn 0.0013 1.0000 -0.0042
vn -0.0663 0.9733 -0.2197
vn -0.1088 0.9730 -0.2035
vn -0.1464 0.9730 -0.1783
vn -0.1783 0.9730 -0.1464
vn -0.2035 0.9730 -0.1088
vn -0.2197 0.9733 -0.0663
vn -0.2197 0.9733 0.0663
vn -0.2035 0.9730 0.1088
vn -0.1783 0.9730 0.1464
vn -0.1464 0.9730 0.1783
vn -0.1088 0.9730 0.2035
vn -0.0663 0.9733 0.2197
vn 0.0663 0.9733 0.2197
vn 0.1088 0.9730 0.2035
vn 0.1464 0.9730 0.1783
vn 0.1783 0.9730 0.1464
vn 0.2035 0.9730 0.1088
vn 0.2197 0.9733 0.0663
vn 0.2197 0.9733 -0.0663
vn 0.2035 0.9730 -0.1088
vn 0.1783 0.9730 -0.1464
vn 0.1464 0.9730 -0.1783
vn 0.1088 0.9730 -0.2035
vn 0.0663 0.9733 -0.2197
vn -0.0670 0.9733 -0.2195
vn -0.2195 0.9733 -0.0670
vn -0.2195 0.9733 0.0670
vn -0.0670 0.9733 0.2195
vn 0.0670 0.9733 0.2195
vn 0.2195 0.9733 0.0670
vn 0.2195 0.9733 -0.0670
vn 0.0670 0.9733 -0.2195
vn -0.0664 0.9735 -0.2188
vn -0.2188 0.9735 -0.0664
vn -0.2188 0.9735 0.0664
vn -0.0664 0.9735 0.2188
vn 0.0664 0.9735 0.2188
vn 0.2188 0.9735 0.0664
vn 0.2188 0.9735 -0.0664
vn 0.0664 0.9735 -0.2188
vn -0.2887 0.0986 -0.9523
vn -0.4713 -0.0193 -0.8817
vn -0.6324 -0.0799 -0.7705
vn -0.7705 -0.0799 -0.6324
vn -0.8817 -0.0193 -0.4713
vn -0.9523 0.0986 -0.2887
vn -0.9523 0.0986 0.2887
vn -0.8817 -0.0193 0.4713
vn -0.7705 -0.0799 0.6324
vn -0.6324 -0.0799 0.7705
vn 0.4677 0.1260 -0.8749
vn 0.2906 0.0060 -0.9568
vn -0.2906 0.0060 -0.9568
vn 0.4713 -0.0193 0.8817
vn -0.6233 0.1860 -0.7595
vn -0.7595 0.1860 -0.6233
vn -0.8749 0.1260 -0.4677
vn -0.9568 0.0060 -0.2906
vn 0.9523 0.0986 -0.2887
vn 0.8817 -0.0193 -0.4713
vn 0.7705 -0.0799 -0.6324
vn 0.6324 -0.0799 -0.7705
vn 0.4713 -0.0193 -0.8817
vn 0.2887 0.0986 -0.9523
vn -0.2937 0.6400 0.7100
vn -0.4677 0.1260 0.8749
vn -0.2937 0.6400 -0.7100
vn -0.2906 0.0060 0.9568
vn 0.7100 0.6400 0.2937
vn 0.4677 0.1260 0.8749
vn -0.7100 0.6400 0.2937
vn -0.1426 0.9744 -0.1737
vn 0.2937 0.6400 -0.7100
vn -0.1737 0.9744 -0.1426
vn 0.2906 0.0060 0.9568
vn 0.2937 0.6400 0.7100
vn -0.1982 0.9744 -0.1059
vn -0.0657 0.9740 -0.2166
vn -0.7100 0.6400 -0.2937
vn -0.2166 0.9740 -0.0657
vn 0.6233 0.1860 0.7595
vn -0.1982 0.9744 0.1059
vn 0.7595 0.1860 0.6233
vn 0.8749 0.1260 -0.4677
vn 0.8749 0.1260 0.4677
vn -0.1737 0.9744 0.1426
vn 0.9568 0.0060 0.2906
vn -0.1426 0.9744 0.1737
vn 0.9568 0.0060 -0.2906
vn -0.4713 -0.0193 0.8817
vn -0.2166 0.9740 0.0657
vn -0.2887 0.0986 0.9523
vn 0.7595 0.1860 -0.6233
vn 0.2887 0.0986 0.9523
vn 0.6233 0.1860 -0.7595
vn 0.0000 1.0000 -0.0000
vn -0.0000 1.0000 -0.0000
vn 0.5760 0.7986 -0.1747
vn 0.5990 0.7986 -0.0590
vn 0.5990 0.7986 0.0590
vn 0.5760 0.7986 0.1747
vn 0.5308 0.7986 0.2837
vn -0.0590 0.7986 0.5990
vn 0.4653 0.7986 0.3818
vn -0.1747 0.7986 0.5760
vn 0.3818 0.7986 0.4653
vn -0.2837 0.7986 0.5308
vn 0.2837 0.7986 0.5308
vn -0.3818 0.7986 0.4653
vn 0.1747 0.7986 0.5760
vn -0.4653 0.7986 0.3818
vn -0.5308 0.7986 0.2837
vn -0.5760 0.7986 0.1747
vn -0.5990 0.7986 0.0590
vn -0.5990 0.7986 -0.0590
vn 0.5308 0.7986 -0.2837
vn 0.4653 0.7986 -0.3818
vn 0.3818 0.7986 -0.4653
vn 0.2837 0.7986 -0.5308
vn 0.1747 0.7986 -0.5760
vn 0.0590 0.7986 -0.5990
vn -0.0590 0.7986 -0.5990
vn -0.1747 0.7986 -0.5760
vn -0.2837 0.7986 -0.5308
vn -0.3818 0.7986 -0.4653
vn -0.4653 0.7986 -0.3818
vn -0.5308 0.7986 -0.2837
vn -0.5760 0.7986 -0.1747
vn -0.9110 0.1408 -0.3876
vn 0.9110 0.1408 -0.3876
vn 0.9110 0.1408 0.3876
vn -0.3876 0.1408 -0.9110
vn 0.3876 0.1408 -0.9110
vn 0.3876 0.1408 0.9110
vn -0.3876 0.1408 0.9110
vn -0.9110 0.1408 0.3876
vn 0.0000 1.0000 0.0000
vn -0.0000 1.0000 0.0000
vn -0.1544 0.8459 -0.5106
vn -0.2634 0.4181 -0.8694
vn -0.2597 0.8345 -0.4859
vn -0.4447 0.3323 -0.8318
vn -0.3559 0.8278 -0.4337
vn -0.6082 0.2845 -0.7411
vn -0.4337 0.8278 -0.3559
vn -0.7411 0.2845 -0.6082
vn -0.4859 0.8345 -0.2597
vn -0.8318 0.3323 -0.4447
vn -0.5105 0.8459 -0.1544
vn -0.8694 0.4180 -0.2634
vn -0.5106 0.8459 0.1544
vn -0.8694 0.4181 0.2634
vn -0.4859 0.8345 0.2597
vn -0.8318 0.3323 0.4447
vn -0.4337 0.8278 0.3559
vn -0.7411 0.2845 0.6082
vn -0.3559 0.8278 0.4337
vn -0.6082 0.2845 0.7411
vn -0.2597 0.8345 0.4859
vn -0.4447 0.3323 0.8318
vn -0.1544 0.8459 0.5106
vn -0.2634 0.4181 0.8694
vn 0.1544 0.8459 0.5106
vn 0.2634 0.4181 0.8694
vn 0.2597 0.8345 0.4859
vn 0.4447 0.3323 0.8318
vn 0.3559 0.8278 0.4337
vn 0.6082 0.2845 0.7411
vn 0.4337 0.8278 0.3559
vn 0.7411 0.2845 0.6082
vn 0.4859 0.8345 0.2597
vn 0.8318 0.3323 0.4447
vn 0.5106 0.8459 0.1544
vn 0.8694 0.4181 0.2634
vn 0.5106 0.8459 -0.1544
vn 0.8694 0.4181 -0.2634
vn 0.4859 0.8345 -0.2597
vn 0.8318 0.3323 -0.4447
vn 0.4337 0.8278 -0.3559
vn 0.7411 0.2845 -0.6082
vn 0.3559 0.8278 -0.4337
vn 0.6082 0.2845 -0.7411
vn 0.2597 0.8346 -0.4859
vn 0.4447 0.3323 -0.8318
vn 0.1544 0.8459 -0.5106
vn 0.2634 0.4181 -0.8694
vn 0.2634 0.4216 0.8677
vn 0.0512 0.9840 0.1706
vn 0.4045 0.5136 0.7567
vn 0.0809 0.9852 0.1514
vn 0.5276 0.5552 0.6429
vn 0.1064 0.9858 0.1296
vn 0.6429 0.5552 0.5276
vn 0.1296 0.9858 0.1064
vn 0.7567 0.5136 0.4045
vn 0.1514 0.9852 0.0809
vn 0.8677 0.4216 0.2634
vn 0.1706 0.9840 0.0512
vn 0.8677 0.4216 -0.2634
vn 0.1706 0.9840 -0.0512
vn 0.7567 0.5136 -0.4045
vn 0.1513 0.9852 -0.0809
vn 0.6429 0.5552 -0.5277
vn 0.1296 0.9858 -0.1064
vn 0.5276 0.5552 -0.6429
vn 0.1064 0.9858 -0.1296
vn 0.4045 0.5136 -0.7567
vn 0.0809 0.9852 -0.1513
vn 0.2634 0.4216 -0.8677
vn 0.0512 0.9840 -0.1706
vn -0.2634 0.4216 -0.8677
vn -0.0512 0.9840 -0.1706
vn -0.4045 0.5136 -0.7567
vn -0.0809 0.9852 -0.1514
vn -0.5277 0.5552 -0.6429
vn -0.1064 0.9858 -0.1296
vn -0.6429 0.5552 -0.5276
vn -0.1296 0.9858 -0.1064
vn -0.7567 0.5136 -0.4045
vn -0.1513 0.9852 -0.0809
vn -0.8677 0.4216 -0.2634
vn -0.1706 0.9840 -0.0512
vn -0.8677 0.4216 0.2634
vn -0.1706 0.9840 0.0512
vn -0.7567 0.5136 0.4045
vn -0.1514 0.9852 0.0809
vn -0.6429 0.5552 0.5277
vn -0.1296 0.9858 0.1064
vn -0.5276 0.5552 0.6429
vn -0.1064 0.9858 0.1296
vn -0.4045 0.5136 0.7567
vn -0.0809 0.9852 0.1514
vn -0.2634 0.4216 0.8677
vn -0.0512 0.9840 0.1706
vn 0.2146 0.9397 -0.2663
vn 0.5540 0.7783 -0.2956
vn -0.2956 0.7783 0.5540
vn -0.2663 0.9397 0.2146
vn -0.2663 0.9397 -0.2146
vn -0.2956 0.7783 -0.5540
vn 0.5540 0.7783 0.2956
vn 0.2146 0.9397 0.2663
vn -0.2146 0.9397 0.2663
vn -0.5540 0.7783 0.2956
vn 0.2956 0.7783 -0.5540
vn 0.2663 0.9397 -0.2146
vn 0.2663 0.9397 0.2146
vn 0.2956 0.7783 0.5540
vn -0.5540 0.7783 -0.2956
vn -0.2146 0.9397 -0.2663
vn -0.1059 0.9744 -0.1982
vn 0.0590 0.7986 0.5990
vn 0.0000 -1.0000 0.0000
vn -0.0000 -1.0000 0.0000
vn 0.0000 -1.0000 -0.0000
vn -0.0000 -1.0000 -0.0000
vn -0.0817 0.0000 0.9967
vn -0.8223 0.0000 -0.5691
vn -0.7625 0.0000 0.6470
vn -0.3369 0.0000 0.9415
vn -0.9415 0.0000 -0.3369
vn 0.4276 0.0000 0.9040
vn 0.8404 0.0000 -0.5419
vn 0.6470 0.0000 0.7625
vn 0.9838 0.0000 -0.1790
vn -0.4276 0.0000 -0.9040
vn -0.6470 0.0000 -0.7625
vn -0.9838 0.0000 0.1790
vn 0.8223 0.0000 0.5691
vn 0.9415 0.0000 0.3369
vn -0.9040 0.0000 0.4276
vn 0.0817 0.0000 -0.9967
vn 0.9040 0.0000 -0.4276
vn 0.3369 0.0000 -0.9415
vn -0.5691 0.0000 0.8223
vn -0.9967 0.0000 -0.0817
vn 0.5691 0.0000 -0.8223
vn 0.1790 0.0000 0.9838
vn 0.9967 0.0000 0.0817
vn -0.1790 0.0000 -0.9838
vn -0.2111 0.0000 0.9775
vn -0.7410 0.0000 -0.6716
vn -0.8404 0.0000 0.5419
vn -0.4569 0.0000 0.8895
vn -0.8895 0.0000 -0.4569
vn 0.3059 0.0000 0.9521
vn 0.7625 0.0000 -0.6470
vn 0.5419 0.0000 0.8404
vn 0.9988 0.0000 -0.0491
vn -0.3059 0.0000 -0.9521
vn -0.5419 0.0000 -0.8404
vn -0.9988 0.0000 0.0491
vn 0.7410 0.0000 0.6716
vn 0.8895 0.0000 0.4569
vn -0.9521 0.0000 0.3059
vn 0.2111 0.0000 -0.9775
vn 0.9521 0.0000 -0.3059
vn 0.4569 0.0000 -0.8895
vn -0.6716 0.0000 0.7410
vn -0.9775 0.0000 -0.2111
vn 0.6716 0.0000 -0.7410
vn 0.0491 0.0000 0.9988
vn 0.9775 0.0000 0.2111
vn -0.0491 0.0000 -0.9988
vn 0.9935 0.0000 -0.1137
vn 0.1137 0.0000 -0.9935
vn -0.9750 0.0000 -0.2224
vn 0.0036 0.0000 1.0000
vn -0.9972 0.0000 0.0751
vn 0.1946 0.0000 0.9809
vn 0.9004 0.0000 -0.4351
vn -0.3235 0.0000 -0.9462
vn -0.5245 0.0000 -0.8514
vn -0.9330 0.0000 0.3599
vn 0.4572 0.0000 0.8894
vn 0.7907 0.0000 -0.6122
vn -0.6698 0.0000 -0.7425
vn -0.7883 0.0000 0.6153
vn 0.6930 0.0000 0.7209
vn 0.6698 0.0000 -0.7425
vn -0.5821 0.0000 0.8131
vn 0.8705 0.0000 0.4922
vn 0.5245 0.0000 -0.8514
vn -0.7907 0.0000 -0.6122
vn -0.9004 0.0000 -0.4351
vn -0.3522 0.0000 0.9359
vn 0.9715 0.0000 0.2370
vn 0.3235 0.0000 -0.9462
vn -0.9935 0.0000 -0.1137
vn -0.2224 0.0000 0.9750
vn 1.0000 0.0000 -0.0036
vn -0.1137 0.0000 -0.9935
vn 0.0751 0.0000 0.9972
vn 0.9809 0.0000 -0.1947
vn -0.4351 0.0000 -0.9004
vn -0.9462 0.0000 0.3235
vn 0.3599 0.0000 0.9330
vn 0.8894 0.0000 -0.4572
vn -0.6122 0.0000 -0.7907
vn -0.8514 0.0000 0.5245
vn 0.6153 0.0000 0.7883
vn 0.7209 0.0000 -0.6930
vn -0.7425 0.0000 -0.6698
vn -0.7425 0.0000 0.6698
vn 0.8131 0.0000 0.5821
vn 0.4922 0.0000 -0.8705
vn -0.8514 0.0000 -0.5245
vn -0.6122 0.0000 0.7907
vn -0.4351 0.0000 0.9004
vn 0.9359 0.0000 0.3522
vn 0.2370 0.0000 -0.9715
vn -0.9462 0.0000 -0.3235
vn -0.1137 0.0000 0.9935
vn 0.9750 0.0000 0.2224
vn -0.0036 0.0000 -1.0000
vn -0.9935 0.0000 0.1137
vn 0.9972 0.0000 -0.0751
vn -0.1946 0.0000 -0.9809
vn -0.9004 0.0000 0.4351
vn 0.3235 0.0000 0.9462
vn 0.9330 0.0000 -0.3599
vn -0.4572 0.0000 -0.8894
vn -0.7907 0.0000 0.6122
vn 0.5245 0.0000 0.8514
vn 0.7883 0.0000 -0.6153
vn -0.6930 0.0000 -0.7209
vn -0.6698 0.0000 0.7425
vn 0.6698 0.0000 0.7425
vn 0.5821 0.0000 -0.8131
vn -0.8705 0.0000 -0.4922
vn -0.5245 0.0000 0.8514
vn 0.7907 0.0000 0.6122
vn 0.9004 0.0000 0.4351
vn 0.3522 0.0000 -0.9359
vn -0.9715 0.0000 -0.2370
vn -0.3235 0.0000 0.9462
vn 0.2224 0.0000 -0.9750
vn -1.0000 0.0000 0.0036
vn 0.1137 0.0000 0.9935
vn 0.9935 0.0000 0.1137
vn -0.0751 0.0000 -0.9972
vn -0.9809 0.0000 0.1946
vn 0.4351 0.0000 0.9004
vn 0.9462 0.0000 -0.3235
vn -0.3599 0.0000 -0.9330
vn -0.8894 0.0000 0.4572
vn 0.6122 0.0000 0.7907
vn 0.8514 0.0000 -0.5245
vn 0.7425 0.0000 -0.6698
vn -0.6153 0.0000 -0.7883
vn -0.7209 0.0000 0.6930
vn 0.7425 0.0000 0.6698
vn 0.6122 0.0000 -0.7907
vn -0.8131 0.0000 -0.5821
vn -0.4922 0.0000 0.8705
vn 0.8514 0.0000 0.5245
vn 0.4351 0.0000 -0.9004
vn -0.9359 0.0000 -0.3522
vn -0.2370 0.0000 0.9715
vn 0.9462 0.0000 0.3235
vn 0.2048 0.0000 0.9788
vn 0.7071 0.0000 -0.7071
vn -0.9788 0.0000 -0.2048
vn -0.9124 0.0000 0.4094
vn 0.4817 0.0000 0.8763
vn 0.7016 0.0000 -0.7126
vn -0.6536 0.0000 -0.7568
vn -0.6697 0.0000 -0.7426
vn -0.8227 0.0000 0.5684
vn 0.6256 0.0000 0.7801
vn 0.6930 0.0000 -0.7209
vn -0.6825 0.0000 -0.7309
vn -0.7309 0.0000 0.6824
vn 0.7309 0.0000 0.6824
vn 0.6825 0.0000 -0.7309
vn -0.6256 0.0000 0.7801
vn 0.8227 0.0000 0.5684
vn 0.6697 0.0000 -0.7426
vn -0.4817 0.0000 0.8763
vn 0.9124 0.0000 0.4094
vn 0.6536 0.0000 -0.7568
vn -0.7016 0.0000 -0.7126
vn -0.2048 0.0000 0.9788
vn 0.9788 0.0000 -0.2048
vn -0.7071 0.0000 -0.7071
vn -0.4094 0.0000 0.9124
vn 0.7568 0.0000 0.6536
vn 0.7126 0.0000 -0.7016
vn -0.8763 0.0000 -0.4817
vn 0.7419 0.0000 0.6705
vn -0.6705 0.0000 -0.7419
vn -0.7071 0.0000 0.7071
vn -0.6833 0.0000 -0.7302
vn -0.7133 0.0000 0.7008
vn 0.7306 0.0000 0.6828
vn 0.7004 0.0000 -0.7138
vn -0.6926 0.0000 -0.7213
vn -0.7213 0.0000 0.6927
vn 0.7213 0.0000 0.6927
vn 0.6926 0.0000 -0.7213
vn -0.7004 0.0000 -0.7138
vn -0.7306 0.0000 0.6828
vn 0.7133 0.0000 0.7008
vn 0.6833 0.0000 -0.7302
vn -0.7419 0.0000 0.6705
vn 0.7071 0.0000 0.7071
vn 0.6705 0.0000 -0.7419
vn 0.4094 0.0000 0.9124
vn 0.8763 0.0000 -0.4817
vn -0.7126 0.0000 -0.7016
vn -0.7568 0.0000 0.6536
vn -0.5684 0.0000 0.8227
vn 0.7426 0.0000 0.6697
vn -0.7801 0.0000 -0.6256
vn -0.6828 0.0000 -0.7306
vn -0.7008 0.0000 0.7133
vn 0.7302 0.0000 0.6833
vn 0.7138 0.0000 -0.7004
vn 0.7212 0.0000 0.6927
vn -0.6927 0.0000 -0.7212
vn -0.7003 0.0000 -0.7138
vn -0.7138 0.0000 0.7003
vn 0.7138 0.0000 0.7003
vn 0.7003 0.0000 -0.7138
vn -0.7212 0.0000 0.6927
vn 0.6927 0.0000 -0.7212
vn -0.7138 0.0000 -0.7004
vn -0.7302 0.0000 0.6833
vn 0.7008 0.0000 0.7133
vn 0.6828 0.0000 -0.7306
vn -0.7209 0.0000 -0.6930
vn -0.7426 0.0000 0.6697
vn 0.5684 0.0000 0.8227
vn 0.7801 0.0000 -0.6256
vn 0.7309 0.0000 -0.6824
vn -0.6825 0.0000 0.7309
vn 0.7213 0.0000 0.6926
vn 0.7213 0.0000 -0.6926
vn -0.6926 0.0000 0.7213
vn -0.7003 0.0000 0.7138
vn 0.7138 0.0000 -0.7003
vn -0.7138 0.0000 -0.7003
vn 0.7003 0.0000 0.7138
vn -0.7213 0.0000 -0.6926
vn -0.7213 0.0000 0.6926
vn 0.6926 0.0000 0.7213
vn 0.6825 0.0000 0.7309
vn -0.7309 0.0000 -0.6824
vn 0.7209 0.0000 0.6930
vn 0.7426 0.0000 -0.6697
vn -0.5684 0.0000 -0.8227
vn -0.7801 0.0000 0.6256
vn 0.7138 0.0000 0.7004
vn 0.7302 0.0000 -0.6833
vn -0.7008 0.0000 -0.7133
vn -0.6828 0.0000 0.7306
vn -0.6927 0.0000 0.7212
vn 0.7212 0.0000 -0.6927
vn -0.7212 0.0000 -0.6927
vn 0.6927 0.0000 0.7212
vn -0.7302 0.0000 -0.6833
vn -0.7138 0.0000 0.7004
vn 0.6828 0.0000 0.7306
vn 0.7008 0.0000 -0.7133
vn 0.7801 0.0000 0.6256
vn 0.5684 0.0000 -0.8227
vn -0.7426 0.0000 -0.6697
vn 0.7126 0.0000 0.7016
vn 0.7568 0.0000 -0.6536
vn -0.4094 0.0000 -0.9124
vn -0.8763 0.0000 0.4817
vn 0.7419 0.0000 -0.6705
vn -0.6705 0.0000 0.7419
vn 0.7004 0.0000 0.7138
vn 0.7306 0.0000 -0.6828
vn -0.7133 0.0000 -0.7008
vn -0.6833 0.0000 0.7302
vn -0.7213 0.0000 -0.6927
vn 0.7213 0.0000 -0.6927
vn 0.6833 0.0000 0.7302
vn 0.7133 0.0000 -0.7008
vn -0.7306 0.0000 -0.6828
vn -0.7004 0.0000 0.7138
vn -0.7419 0.0000 -0.6705
vn 0.6705 0.0000 0.7419
vn -0.7568 0.0000 -0.6536
vn -0.7126 0.0000 0.7016
vn 0.8763 0.0000 0.4817
vn 0.4094 0.0000 -0.9124
vn -0.9788 0.0000 0.2048
vn 0.2048 0.0000 -0.9788
vn -0.9124 0.0000 -0.4094
vn -0.6536 0.0000 0.7568
vn 0.7016 0.0000 0.7126
vn 0.4817 0.0000 -0.8763
vn 0.6256 0.0000 -0.7801
vn -0.8227 0.0000 -0.5684
vn -0.6697 0.0000 0.7426
vn -0.6256 0.0000 -0.7801
vn -0.6930 0.0000 0.7209
vn 0.6697 0.0000 0.7426
vn 0.8227 0.0000 -0.5684
vn 0.6536 0.0000 0.7568
vn 0.9124 0.0000 -0.4094
vn -0.4817 0.0000 -0.8763
vn -0.7016 0.0000 0.7126
vn -0.2048 0.0000 -0.9788
vn 0.9788 0.0000 0.2048
vn -0.6421 0.0000 -0.7667
vn -0.7667 0.0000 0.6421
vn 0.5447 0.0000 0.8386
vn 0.8386 0.0000 -0.5447
vn 0.7273 0.0000 0.6863
vn 0.7261 0.0000 -0.6876
vn -0.6876 0.0000 -0.7261
vn -0.6863 0.0000 0.7274
vn -0.6818 0.0000 -0.7315
vn -0.7315 0.0000 0.6818
vn 0.7282 0.0000 0.6854
vn 0.6854 0.0000 -0.7282
vn -0.9038 0.0000 -0.4280
vn -0.4837 0.0000 0.8752
vn 0.8752 0.0000 0.4837
vn 0.4280 0.0000 -0.9038
vn 0.7555 0.0000 -0.6551
vn -0.7018 0.0000 -0.7124
vn -0.7124 0.0000 0.7018
vn 0.6551 0.0000 0.7555
vn -0.7282 0.0000 -0.6854
vn -0.6854 0.0000 0.7282
vn 0.6818 0.0000 0.7315
vn 0.7315 0.0000 -0.6818
vn 0.2361 0.0000 -0.9717
vn -0.9717 0.0000 -0.2361
vn -0.2266 0.0000 0.9740
vn 0.9740 0.0000 0.2266
vn -0.7176 0.0000 -0.6964
vn -0.6964 0.0000 0.7176
vn 0.6956 0.0000 0.7184
vn 0.7184 0.0000 -0.6956
vn -0.7104 0.0000 -0.7038
vn -0.7038 0.0000 0.7104
vn 0.7038 0.0000 0.7104
vn 0.7104 0.0000 -0.7038
vn 0.3247 0.0000 -0.9458
vn -0.9458 0.0000 -0.3247
vn -0.6798 0.0000 0.7334
vn 0.7334 0.0000 0.6798
vn -0.3247 0.0000 -0.9458
vn -0.9458 0.0000 0.3247
vn 0.6798 0.0000 0.7334
vn 0.7334 0.0000 -0.6798
vn 0.7174 0.0000 0.6966
vn 0.7174 0.0000 -0.6966
vn -0.6966 0.0000 -0.7174
vn -0.6966 0.0000 0.7174
vn 0.6879 0.0000 0.7258
vn 0.6879 0.0000 -0.7258
vn -0.7258 0.0000 -0.6879
vn -0.7258 0.0000 0.6879
vn -0.6956 0.0000 -0.7184
vn -0.7184 0.0000 0.6956
vn 0.7176 0.0000 0.6964
vn 0.6964 0.0000 -0.7176
vn 0.7555 0.0000 0.6551
vn 0.7018 0.0000 -0.7124
vn -0.7124 0.0000 -0.7018
vn -0.6551 0.0000 0.7555
vn 0.6863 0.0000 0.7274
vn 0.6876 0.0000 -0.7261
vn -0.7261 0.0000 -0.6876
vn -0.7273 0.0000 0.6863
vn -0.4837 0.0000 -0.8752
vn -0.8752 0.0000 0.4837
vn 0.2925 0.0000 0.9563
vn 0.9563 0.0000 -0.2925
vn 0.6949 0.0000 -0.7191
vn -0.7191 0.0000 -0.6949
vn 0.6551 0.0000 -0.7555
vn -0.7018 0.0000 0.7124
vn -0.4280 0.0000 0.9038
vn 0.4837 0.0000 -0.8752
vn 0.9458 0.0000 -0.3247
vn -0.6798 0.0000 -0.7334
vn -0.7334 0.0000 0.6798
vn 0.3247 0.0000 0.9458
vn -0.7038 0.0000 -0.7104
vn -0.7104 0.0000 0.7038
vn 0.7104 0.0000 0.7038
vn 0.7038 0.0000 -0.7104
vn 0.7110 0.0000 0.7032
vn 0.7118 0.0000 -0.7024
vn -0.7024 0.0000 -0.7118
vn -0.7032 0.0000 0.7110
vn -0.6551 0.0000 -0.7555
vn 0.7018 0.0000 0.7124
vn -0.6879 0.0000 0.7258
vn 0.7258 0.0000 -0.6879
vn 0.8752 0.0000 -0.4837
vn -0.9563 0.0000 0.2925
vn -0.7555 0.0000 -0.6551
vn 0.7124 0.0000 0.7018
vn -0.2361 0.0000 0.9717
vn 0.2266 0.0000 -0.9740
vn 0.7191 0.0000 -0.6949
vn -0.6949 0.0000 -0.7191
vn -0.8752 0.0000 -0.4837
vn 0.9038 0.0000 0.4280
vn 0.7108 0.0000 0.7034
vn 0.7105 0.0000 -0.7037
vn -0.7037 0.0000 -0.7105
vn -0.7034 0.0000 0.7108
vn -0.7184 0.0000 -0.6956
vn -0.6956 0.0000 0.7184
vn 0.6964 0.0000 0.7176
vn 0.7176 0.0000 -0.6964
vn 0.6854 0.0000 0.7282
vn 0.6818 0.0000 -0.7315
vn -0.7315 0.0000 -0.6818
vn -0.7282 0.0000 0.6854
vn 0.6956 0.0000 -0.7184
vn -0.7176 0.0000 0.6964
vn -0.7273 0.0000 -0.6863
vn -0.6863 0.0000 0.7273
vn 0.6876 0.0000 0.7261
vn 0.0559 0.0000 0.9984
vn 0.9717 0.0000 -0.2361
vn -0.2361 0.0000 -0.9717
vn -0.9984 0.0000 0.0559
vn -0.7118 0.0000 -0.7024
vn -0.7024 0.0000 0.7118
vn 0.7032 0.0000 0.7110
vn 0.7110 0.0000 -0.7032
vn -0.8487 0.0000 -0.5289
vn -0.5289 0.0000 0.8487
vn 0.7228 0.0000 0.6910
vn 0.6910 0.0000 -0.7228
vn -0.7118 0.0000 0.7024
vn 0.7032 0.0000 -0.7110
vn 0.5289 0.0000 0.8487
vn 0.7228 0.0000 -0.6910
vn -0.6910 0.0000 -0.7228
vn -0.8487 0.0000 0.5289
vn 0.7034 0.0000 0.7108
vn 0.7037 0.0000 -0.7105
vn -0.7105 0.0000 -0.7037
vn -0.7108 0.0000 0.7034
vn 0.7118 0.0000 0.7024
vn -0.7032 0.0000 -0.7110
vn -0.7565 0.0000 -0.6539
vn -0.6421 0.0000 0.7667
vn 0.7667 0.0000 0.6421
vn 0.6539 0.0000 -0.7565
vn 0.6949 0.0000 0.7191
vn -0.8386 0.0000 0.5447
vn 0.6421 0.0000 0.7667
vn 0.7667 0.0000 -0.6421
vn -0.5447 0.0000 -0.8386
vn -0.7191 0.0000 0.6949
vn 0.7565 0.0000 0.6539
vn 0.6421 0.0000 -0.7667
vn -0.7667 0.0000 -0.6421
vn -0.6539 0.0000 0.7565
vn -0.6818 0.0000 0.7315
vn 0.7282 0.0000 -0.6854
vn 0.7037 0.0000 0.7105
vn 0.7034 0.0000 -0.7108
vn -0.7108 0.0000 -0.7034
vn -0.7105 0.0000 0.7037
vn -0.3247 0.0000 0.9458
vn 0.6798 0.0000 -0.7334
vn 0.7191 0.0000 0.6949
vn -0.7034 0.0000 -0.7108
vn 0.7105 0.0000 0.7037
vn 0.7124 0.0000 -0.7018
vn -0.7555 0.0000 0.6551
vn 0.7024 0.0000 0.7118
vn -0.7110 0.0000 -0.7032
vn -0.5289 0.0000 -0.8487
vn 0.6910 0.0000 0.7228
vn -0.0559 0.0000 -0.9984
vn -0.9717 0.0000 0.2361
vn 0.2361 0.0000 0.9717
vn 0.9984 0.0000 -0.0559
vn -0.6854 0.0000 -0.7282
vn 0.7315 0.0000 0.6818
vn 0.4837 0.0000 0.8752
vn -0.2925 0.0000 -0.9563
vn 0.7024 0.0000 -0.7118
vn -0.7110 0.0000 0.7032
vn -0.9740 0.0000 -0.2266
vn 0.9717 0.0000 0.2361
vn 0.8487 0.0000 -0.5289
vn -0.7228 0.0000 0.6910
vn 0.7108 0.0000 -0.7034
vn -0.7037 0.0000 0.7105
vn 0.7184 0.0000 0.6956
vn -0.6964 0.0000 -0.7176
vn -0.6863 0.0000 -0.7273
vn 0.7261 0.0000 0.6876
vn -0.6876 0.0000 0.7261
vn 0.6863 0.0000 0.7273
vn 0.7273 0.0000 -0.6863
vn -0.7174 0.0000 -0.6966
vn 0.6966 0.0000 0.7174
vn 0.6863 0.0000 -0.7274
vn -0.7261 0.0000 0.6876
vn 0.6966 0.0000 -0.7174
vn -0.7174 0.0000 0.6966
vn 0.5289 0.0000 -0.8487
vn -0.7228 0.0000 -0.6910
vn -0.6910 0.0000 0.7228
vn 0.8487 0.0000 0.5289
vn -0.6879 0.0000 -0.7258
vn 0.7258 0.0000 0.6879
vn 0.6421 0.0000 0.7666
vn -0.6949 0.0000 0.7191
vn -0.6421 0.0000 -0.7666
vn -0.6863 0.0000 -0.7274
vn 0.6863 0.0000 -0.7273
vn -0.7334 0.0000 -0.6798
vn 0.9458 0.0000 0.3247
# 1077 vertex normals

vt 0.6015 0.6847 0.0000
vt 0.6052 0.7370 0.0000
vt 0.5891 0.7334 0.0000
vt 0.8261 0.9268 0.0000
vt 0.8019 0.8801 0.0000
vt 0.8187 0.8785 0.0000
vt 0.5658 0.8316 0.0000
vt 0.5503 0.7787 0.0000
vt 0.5690 0.7809 0.0000
vt 0.7061 0.8806 0.0000
vt 0.6875 0.8322 0.0000
vt 0.7041 0.8324 0.0000
vt 0.7259 0.9783 0.0000
vt 0.6965 0.9322 0.0000
vt 0.7133 0.9290 0.0000
vt 0.9269 0.2271 0.0000
vt 0.9691 0.2708 0.0000
vt 0.9246 0.2740 0.0000
vt 0.5491 0.8843 0.0000
vt 0.5679 0.8826 0.0000
vt 0.5801 0.8815 0.0000
vt 0.5947 0.8318 0.0000
vt 0.5967 0.8799 0.0000
vt 0.9714 0.0702 0.0000
vt 0.9311 0.1199 0.0000
vt 0.9329 0.0730 0.0000
vt 0.5751 0.9337 0.0000
vt 0.5562 0.9372 0.0000
vt 0.8759 0.5838 0.0000
vt 0.8624 0.5958 0.0000
vt 0.8593 0.5719 0.0000
vt 0.9570 0.5351 0.0000
vt 0.9204 0.5876 0.0000
vt 0.9188 0.5407 0.0000
vt 0.8859 0.7752 0.0000
vt 0.9126 0.7274 0.0000
vt 0.9045 0.7773 0.0000
vt 0.9013 0.8278 0.0000
vt 0.8825 0.8275 0.0000
vt 0.9164 0.7786 0.0000
vt 0.9300 0.8281 0.0000
vt 0.9134 0.8279 0.0000
vt 0.7070 0.7848 0.0000
vt 0.6988 0.7343 0.0000
vt 0.7148 0.7379 0.0000
vt 0.7113 0.6858 0.0000
vt 0.9322 0.8761 0.0000
vt 0.9155 0.8776 0.0000
vt 0.6906 0.7829 0.0000
vt 0.7997 0.8301 0.0000
vt 0.8164 0.8304 0.0000
vt 0.6843 0.9345 0.0000
vt 0.6582 0.8847 0.0000
vt 0.6772 0.8831 0.0000
vt 0.8739 0.2185 0.0000
vt 0.8887 0.2210 0.0000
vt 0.8663 0.2382 0.0000
vt 0.8193 0.7827 0.0000
vt 0.8115 0.7322 0.0000
vt 0.8275 0.7359 0.0000
vt 0.8030 0.7807 0.0000
vt 0.8756 0.4194 0.0000
vt 0.8621 0.4315 0.0000
vt 0.8589 0.4076 0.0000
vt 0.5715 0.6765 0.0000
vt 0.5772 0.7309 0.0000
vt 0.5589 0.7271 0.0000
vt 0.6601 0.7793 0.0000
vt 0.6753 0.8320 0.0000
vt 0.6564 0.8317 0.0000
vt 0.2050 0.4441 0.0000
vt 0.1651 0.4309 0.0000
vt 0.2056 0.4390 0.0000
vt 0.4165 0.3313 0.0000
vt 0.3890 0.3631 0.0000
vt 0.4119 0.3288 0.0000
vt 0.0238 0.6239 0.0000
vt 0.0123 0.6615 0.0000
vt 0.0159 0.6224 0.0000
vt 0.4327 0.2922 0.0000
vt 0.4277 0.2907 0.0000
vt 0.0205 0.6615 0.0000
vt 0.0168 0.7007 0.0000
vt 0.4410 0.2506 0.0000
vt 0.4358 0.2500 0.0000
vt 0.0246 0.6989 0.0000
vt 0.0287 0.7380 0.0000
vt 0.4410 0.2081 0.0000
vt 0.4358 0.2086 0.0000
vt 0.0361 0.7348 0.0000
vt 0.0477 0.7722 0.0000
vt 0.2141 0.8512 0.0000
vt 0.2530 0.8550 0.0000
vt 0.2143 0.8592 0.0000
vt 0.4327 0.1666 0.0000
vt 0.4277 0.1681 0.0000
vt 0.0543 0.7676 0.0000
vt 0.0729 0.8021 0.0000
vt 0.2513 0.8472 0.0000
vt 0.2902 0.8433 0.0000
vt 0.4164 0.1275 0.0000
vt 0.4119 0.1300 0.0000
vt 0.0784 0.7963 0.0000
vt 0.1034 0.8266 0.0000
vt 0.2869 0.8360 0.0000
vt 0.3243 0.8246 0.0000
vt 0.3929 0.0924 0.0000
vt 0.3889 0.0957 0.0000
vt 0.1077 0.8198 0.0000
vt 0.1380 0.8447 0.0000
vt 0.3197 0.8181 0.0000
vt 0.3541 0.7996 0.0000
vt 0.3630 0.0625 0.0000
vt 0.3597 0.0666 0.0000
vt 0.1409 0.8372 0.0000
vt 0.1754 0.8557 0.0000
vt 0.3483 0.7941 0.0000
vt 0.3785 0.7692 0.0000
vt 0.3278 0.0391 0.0000
vt 0.3254 0.0437 0.0000
vt 0.1768 0.8478 0.0000
vt 0.3717 0.7649 0.0000
vt 0.3963 0.7345 0.0000
vt 0.2887 0.0229 0.0000
vt 0.2873 0.0279 0.0000
vt 0.3889 0.7316 0.0000
vt 0.4070 0.6972 0.0000
vt 0.2472 0.0147 0.0000
vt 0.2468 0.0199 0.0000
vt 0.3992 0.6958 0.0000
vt 0.4103 0.6587 0.0000
vt 0.2049 0.0148 0.0000
vt 0.2055 0.0199 0.0000
vt 0.4024 0.6588 0.0000
vt 0.4062 0.6203 0.0000
vt 0.1634 0.0231 0.0000
vt 0.1650 0.0280 0.0000
vt 0.8813 0.3356 0.0000
vt 0.9184 0.3764 0.0000
vt 0.8798 0.3735 0.0000
vt 0.3672 0.9452 0.0000
vt 0.4128 0.9500 0.0000
vt 0.3677 0.9476 0.0000
vt 0.5353 0.8729 0.0000
vt 0.5386 0.8882 0.0000
vt 0.5326 0.8753 0.0000
vt 0.4128 0.9476 0.0000
vt 0.4580 0.9476 0.0000
vt 0.2989 0.9396 0.0000
vt 0.3223 0.9541 0.0000
vt 0.2961 0.9461 0.0000
vt 0.5018 0.9449 0.0000
vt 0.5299 0.9461 0.0000
vt 0.5036 0.9541 0.0000
vt 0.3240 0.9449 0.0000
vt 0.3672 0.9609 0.0000
vt 0.9172 0.4965 0.0000
vt 0.8817 0.4999 0.0000
vt 0.8802 0.5378 0.0000
vt 0.5039 0.9380 0.0000
vt 0.5307 0.9355 0.0000
vt 0.5029 0.9406 0.0000
vt 0.3682 0.9519 0.0000
vt 0.4128 0.9632 0.0000
vt 0.0285 0.9468 0.0000
vt 0.0519 0.9614 0.0000
vt 0.0257 0.9533 0.0000
vt 0.4128 0.9543 0.0000
vt 0.4585 0.9609 0.0000
vt 0.0537 0.9521 0.0000
vt 0.0968 0.9681 0.0000
vt 0.4585 0.9452 0.0000
vt 0.9291 0.1829 0.0000
vt 0.9655 0.2248 0.0000
vt 0.8934 0.1834 0.0000
vt 0.0978 0.9592 0.0000
vt 0.1424 0.9705 0.0000
vt 0.4576 0.9519 0.0000
vt 0.1425 0.9615 0.0000
vt 0.1881 0.9682 0.0000
vt 0.0473 0.9675 0.0000
vt 0.0190 0.9557 0.0000
vt 0.0492 0.9655 0.0000
vt 0.2315 0.9521 0.0000
vt 0.2595 0.9534 0.0000
vt 0.2332 0.9614 0.0000
vt 0.0945 0.9749 0.0000
vt 0.0955 0.9726 0.0000
vt 0.9345 0.0288 0.0000
vt 0.8988 0.0297 0.0000
vt 0.8946 0.0673 0.0000
vt 0.1872 0.9591 0.0000
vt 0.1424 0.9774 0.0000
vt 0.1424 0.9751 0.0000
vt 0.0293 0.8816 0.0000
vt 0.0527 0.8962 0.0000
vt 0.0265 0.8881 0.0000
vt 0.1904 0.9749 0.0000
vt 0.1894 0.9727 0.0000
vt 0.0544 0.8869 0.0000
vt 0.0976 0.9029 0.0000
vt 0.1882 0.9524 0.0000
vt 0.2325 0.9479 0.0000
vt 0.1877 0.9548 0.0000
vt 0.9168 0.3321 0.0000
vt 0.9567 0.3708 0.0000
vt 0.0634 0.0960 0.0000
vt 0.1035 0.0801 0.0000
vt 0.0767 0.1069 0.0000
vt 0.4113 0.2856 0.0000
vt 0.4187 0.2484 0.0000
vt 0.0405 0.1304 0.0000
vt 0.0557 0.1384 0.0000
vt 0.4187 0.2104 0.0000
vt 0.0248 0.1685 0.0000
vt 0.0412 0.1734 0.0000
vt 0.4113 0.1732 0.0000
vt 0.0167 0.2088 0.0000
vt 0.0338 0.2105 0.0000
vt 0.3967 0.1382 0.0000
vt 0.0168 0.2500 0.0000
vt 0.0338 0.2484 0.0000
vt 0.3757 0.1067 0.0000
vt 0.0248 0.2904 0.0000
vt 0.0412 0.2855 0.0000
vt 0.3489 0.0799 0.0000
vt 0.0406 0.3286 0.0000
vt 0.0557 0.3205 0.0000
vt 0.3174 0.0589 0.0000
vt 0.2468 0.4390 0.0000
vt 0.2073 0.4219 0.0000
vt 0.2452 0.4219 0.0000
vt 0.0635 0.3629 0.0000
vt 0.0768 0.3520 0.0000
vt 0.2823 0.0444 0.0000
vt 0.2873 0.4310 0.0000
vt 0.2824 0.4145 0.0000
vt 0.0927 0.3921 0.0000
vt 0.1036 0.3789 0.0000
vt 0.2452 0.0370 0.0000
vt 0.3255 0.4152 0.0000
vt 0.3174 0.4000 0.0000
vt 0.1270 0.4151 0.0000
vt 0.1351 0.3999 0.0000
vt 0.2072 0.0371 0.0000
vt 0.3598 0.3923 0.0000
vt 0.3489 0.3790 0.0000
vt 0.1701 0.4145 0.0000
vt 0.1701 0.0445 0.0000
vt 0.3757 0.3522 0.0000
vt 0.1269 0.0439 0.0000
vt 0.1350 0.0590 0.0000
vt 0.3968 0.3207 0.0000
vt 0.0926 0.0668 0.0000
vt 0.0345 0.5880 0.0000
vt 0.0271 0.5849 0.0000
vt 0.3929 0.3665 0.0000
vt 0.1635 0.4358 0.0000
vt 0.0519 0.5549 0.0000
vt 0.0453 0.5504 0.0000
vt 0.3630 0.3963 0.0000
vt 0.1244 0.4196 0.0000
vt 0.0754 0.5259 0.0000
vt 0.0698 0.5202 0.0000
vt 0.3278 0.4198 0.0000
vt 0.0893 0.3961 0.0000
vt 0.1042 0.5020 0.0000
vt 0.0998 0.4953 0.0000
vt 0.2888 0.4359 0.0000
vt 0.0594 0.3662 0.0000
vt 0.1371 0.4841 0.0000
vt 0.1341 0.4767 0.0000
vt 0.2473 0.4442 0.0000
vt 0.0359 0.3310 0.0000
vt 0.1728 0.4730 0.0000
vt 0.1713 0.4652 0.0000
vt 0.0198 0.2919 0.0000
vt 0.2101 0.4691 0.0000
vt 0.2101 0.4611 0.0000
vt 0.0116 0.2505 0.0000
vt 0.2474 0.4726 0.0000
vt 0.2490 0.4647 0.0000
vt 0.0115 0.2083 0.0000
vt 0.2834 0.4833 0.0000
vt 0.2865 0.4759 0.0000
vt 0.0198 0.1670 0.0000
vt 0.3165 0.5007 0.0000
vt 0.3210 0.4941 0.0000
vt 0.0359 0.1280 0.0000
vt 0.3457 0.5244 0.0000
vt 0.3513 0.5187 0.0000
vt 0.0593 0.0928 0.0000
vt 0.3696 0.5532 0.0000
vt 0.3763 0.5488 0.0000
vt 0.0892 0.0628 0.0000
vt 0.3874 0.5861 0.0000
vt 0.3948 0.5831 0.0000
vt 0.1244 0.0393 0.0000
vt 0.3984 0.6218 0.0000
vt 0.9207 0.4413 0.0000
vt 0.9789 0.5917 0.0000
vt 0.9211 0.6057 0.0000
vt 0.9825 0.2830 0.0000
vt 0.9237 0.2921 0.0000
vt 0.8806 0.2665 0.0000
vt 0.8661 0.2773 0.0000
vt 0.9891 0.1282 0.0000
vt 0.9305 0.1380 0.0000
vt 0.8870 0.1129 0.0000
vt 0.8727 0.1239 0.0000
vt 0.9201 0.4233 0.0000
vt 0.9785 0.4274 0.0000
vt 0.9642 0.4163 0.0000
vt 0.9799 0.4033 0.0000
vt 0.7997 0.7296 0.0000
vt 0.7946 0.6754 0.0000
vt 0.8126 0.6805 0.0000
vt 0.9227 0.9276 0.0000
vt 0.9521 0.9736 0.0000
vt 0.9346 0.9782 0.0000
vt 0.9645 0.5806 0.0000
vt 0.9803 0.5677 0.0000
vt 0.8213 0.9807 0.0000
vt 0.8387 0.9762 0.0000
vt 0.9068 0.6728 0.0000
vt 0.9251 0.6778 0.0000
vt 0.8652 0.5365 0.0000
vt 0.8594 0.5568 0.0000
vt 0.7971 0.9325 0.0000
vt 0.7707 0.8829 0.0000
vt 0.7897 0.8812 0.0000
vt 0.8645 0.3230 0.0000
vt 0.9160 0.3082 0.0000
vt 0.9529 0.4974 0.0000
vt 0.9164 0.4726 0.0000
vt 0.9688 0.4836 0.0000
vt 0.8648 0.4873 0.0000
vt 0.9645 0.1869 0.0000
vt 0.9302 0.1591 0.0000
vt 0.9816 0.1745 0.0000
vt 0.8776 0.1694 0.0000
vt 0.9700 0.0323 0.0000
vt 0.9353 0.0049 0.0000
vt 0.9869 0.0197 0.0000
vt 0.8829 0.0158 0.0000
vt 0.9525 0.3331 0.0000
vt 0.9684 0.3193 0.0000
vt 0.8648 0.3722 0.0000
vt 0.9719 0.5328 0.0000
vt 0.9805 0.2237 0.0000
vt 0.9864 0.0689 0.0000
vt 0.8797 0.0650 0.0000
vt 0.9715 0.3685 0.0000
vt 0.9861 0.2441 0.0000
vt 0.9407 0.7334 0.0000
vt 0.9369 0.6811 0.0000
vt 0.9536 0.6857 0.0000
vt 0.7902 0.9886 0.0000
vt 0.8090 0.9838 0.0000
vt 0.9327 0.7804 0.0000
vt 0.8915 0.9334 0.0000
vt 0.9223 0.9814 0.0000
vt 0.9034 0.9861 0.0000
vt 0.8243 0.6839 0.0000
vt 0.8408 0.6887 0.0000
vt 0.6960 0.9861 0.0000
vt 0.6653 0.9379 0.0000
vt 0.9394 0.9244 0.0000
vt 0.9859 0.2592 0.0000
vt 0.8590 0.3925 0.0000
vt 0.7686 0.8297 0.0000
vt 0.7876 0.8300 0.0000
vt 0.9756 0.1161 0.0000
vt 0.9923 0.1043 0.0000
vt 0.7910 0.7793 0.0000
vt 0.7815 0.7256 0.0000
vt 0.6894 0.8821 0.0000
vt 0.9788 0.3883 0.0000
vt 0.8650 0.2533 0.0000
vt 0.9033 0.8787 0.0000
vt 0.8843 0.8804 0.0000
vt 0.6815 0.6776 0.0000
vt 0.6870 0.7318 0.0000
vt 0.6687 0.7279 0.0000
vt 0.9105 0.9299 0.0000
vt 0.6787 0.7815 0.0000
vt 0.9792 0.5526 0.0000
vt 0.5873 0.9314 0.0000
vt 0.6167 0.9772 0.0000
vt 0.5992 0.9819 0.0000
vt 0.9922 0.0892 0.0000
vt 0.6040 0.9281 0.0000
vt 0.5869 0.9850 0.0000
vt 0.5681 0.9897 0.0000
vt 0.8724 0.0848 0.0000
vt 0.8713 0.0999 0.0000
vt 0.7724 0.7770 0.0000
vt 0.5810 0.7822 0.0000
vt 0.5974 0.7841 0.0000
vt 0.8031 0.6346 0.0000
vt 0.8090 0.5883 0.0000
vt 0.8072 0.6297 0.0000
vt 0.8075 0.4840 0.0000
vt 0.8106 0.4316 0.0000
vt 0.8118 0.4840 0.0000
vt 0.8191 0.5889 0.0000
vt 0.8113 0.6307 0.0000
vt 0.8153 0.5887 0.0000
vt 0.8206 0.4313 0.0000
vt 0.8177 0.4840 0.0000
vt 0.8166 0.4314 0.0000
vt 0.7649 0.4858 0.0000
vt 0.7686 0.4332 0.0000
vt 0.7693 0.4858 0.0000
vt 0.8138 0.3324 0.0000
vt 0.8146 0.3784 0.0000
vt 0.8105 0.3362 0.0000
vt 0.7786 0.4329 0.0000
vt 0.7752 0.4858 0.0000
vt 0.7746 0.4330 0.0000
vt 0.8039 0.3790 0.0000
vt 0.8063 0.3372 0.0000
vt 0.8083 0.3788 0.0000
vt 0.8046 0.5881 0.0000
vt 0.8113 0.5360 0.0000
vt 0.8004 0.1095 0.0000
vt 0.7971 0.1622 0.0000
vt 0.7964 0.1096 0.0000
vt 0.8211 0.5363 0.0000
vt 0.8171 0.5361 0.0000
vt 0.7869 0.1622 0.0000
vt 0.7905 0.1098 0.0000
vt 0.7912 0.1622 0.0000
vt 0.7643 0.4333 0.0000
vt 0.7666 0.3802 0.0000
vt 0.7986 0.0564 0.0000
vt 0.7948 0.0567 0.0000
vt 0.7768 0.3796 0.0000
vt 0.7730 0.3798 0.0000
vt 0.7862 0.1099 0.0000
vt 0.7885 0.0570 0.0000
vt 0.8069 0.5359 0.0000
vt 0.7943 0.0107 0.0000
vt 0.7910 0.0144 0.0000
vt 0.8216 0.4840 0.0000
vt 0.7841 0.0572 0.0000
vt 0.7868 0.0154 0.0000
vt 0.7623 0.3804 0.0000
vt 0.7649 0.3384 0.0000
vt 0.8217 0.3150 0.0000
vt 0.8275 0.2685 0.0000
vt 0.8258 0.3101 0.0000
vt 0.7725 0.3337 0.0000
vt 0.7691 0.3375 0.0000
vt 0.8377 0.2691 0.0000
vt 0.8300 0.3111 0.0000
vt 0.8338 0.2689 0.0000
vt 0.5986 0.6864 0.0000
vt 0.5897 0.6815 0.0000
vt 0.5888 0.9820 0.0000
vt 0.9340 0.6828 0.0000
vt 0.8109 0.9808 0.0000
vt 0.7084 0.6875 0.0000
vt 0.6995 0.6825 0.0000
vt 0.9241 0.9783 0.0000
vt 0.8214 0.6855 0.0000
vt 0.6979 0.9830 0.0000
vt 0.7083 0.9830 0.0000
vt 0.6851 0.8322 0.0000
vt 0.6810 0.7818 0.0000
vt 0.5868 0.7330 0.0000
vt 0.5914 0.6844 0.0000
vt 0.6867 0.9340 0.0000
vt 0.7054 0.9811 0.0000
vt 0.7933 0.7796 0.0000
vt 0.8044 0.5358 0.0000
vt 0.8050 0.4841 0.0000
vt 0.6796 0.8829 0.0000
vt 0.6941 0.9326 0.0000
vt 0.8021 0.7301 0.0000
vt 0.8022 0.5880 0.0000
vt 0.6777 0.8321 0.0000
vt 0.6870 0.8823 0.0000
vt 0.8143 0.6835 0.0000
vt 0.8092 0.7317 0.0000
vt 0.9316 0.9764 0.0000
vt 0.9129 0.9295 0.0000
vt 0.9057 0.8785 0.0000
vt 0.9203 0.9281 0.0000
vt 0.6893 0.7323 0.0000
vt 0.6883 0.7826 0.0000
vt 0.9131 0.8779 0.0000
vt 0.9037 0.8278 0.0000
vt 0.6965 0.7338 0.0000
vt 0.7012 0.6855 0.0000
vt 0.9110 0.8279 0.0000
vt 0.9068 0.7775 0.0000
vt 0.9141 0.7784 0.0000
vt 0.9244 0.7299 0.0000
vt 0.9149 0.7279 0.0000
vt 0.9268 0.6808 0.0000
vt 0.9221 0.7294 0.0000
vt 0.5963 0.9801 0.0000
vt 0.5776 0.9333 0.0000
vt 0.5850 0.9319 0.0000
vt 0.5703 0.8824 0.0000
vt 0.5778 0.8817 0.0000
vt 0.5779 0.8317 0.0000
vt 0.5682 0.8316 0.0000
vt 0.8183 0.9789 0.0000
vt 0.8093 0.9302 0.0000
vt 0.7995 0.9320 0.0000
vt 0.7900 0.8300 0.0000
vt 0.8064 0.4317 0.0000
vt 0.8038 0.4318 0.0000
vt 0.5786 0.7820 0.0000
vt 0.5796 0.7314 0.0000
vt 0.7921 0.8810 0.0000
vt 0.8069 0.9306 0.0000
vt 0.5713 0.7812 0.0000
vt 0.5756 0.8317 0.0000
vt 0.7686 0.5385 0.0000
vt 0.7745 0.5386 0.0000
vt 0.7868 0.3091 0.0000
vt 0.7948 0.2678 0.0000
vt 0.7910 0.3100 0.0000
vt 0.8275 0.0581 0.0000
vt 0.8300 0.0155 0.0000
vt 0.8338 0.0577 0.0000
vt 0.8295 0.1108 0.0000
vt 0.7665 0.5910 0.0000
vt 0.8302 0.1633 0.0000
vt 0.8354 0.1107 0.0000
vt 0.8361 0.1633 0.0000
vt 0.7649 0.6321 0.0000
vt 0.7728 0.5913 0.0000
vt 0.7690 0.6330 0.0000
vt 0.8296 0.2157 0.0000
vt 0.8355 0.2159 0.0000
vt 0.7884 0.2674 0.0000
vt 0.7965 0.2148 0.0000
vt 0.7906 0.2146 0.0000
vt 0.7841 0.2673 0.0000
vt 0.8232 0.0582 0.0000
vt 0.8258 0.0165 0.0000
vt 0.8004 0.2149 0.0000
vt 0.8333 0.0118 0.0000
vt 0.8184 0.3782 0.0000
vt 0.8377 0.0575 0.0000
vt 0.7943 0.3138 0.0000
vt 0.8252 0.1109 0.0000
vt 0.7827 0.0105 0.0000
vt 0.8011 0.1622 0.0000
vt 0.7785 0.5387 0.0000
vt 0.8333 0.3148 0.0000
vt 0.7862 0.2145 0.0000
vt 0.7622 0.5908 0.0000
vt 0.8022 0.3323 0.0000
vt 0.8259 0.1633 0.0000
vt 0.7723 0.6367 0.0000
vt 0.8394 0.1106 0.0000
vt 0.8217 0.0116 0.0000
vt 0.7608 0.6369 0.0000
vt 0.8146 0.6344 0.0000
vt 0.7766 0.5916 0.0000
vt 0.7608 0.3335 0.0000
vt 0.8252 0.2156 0.0000
vt 0.7642 0.5383 0.0000
vt 0.8401 0.1633 0.0000
vt 0.7792 0.4858 0.0000
vt 0.8232 0.2683 0.0000
vt 0.7827 0.3140 0.0000
vt 0.8395 0.2160 0.0000
vt 0.7986 0.2680 0.0000
vt 0.7268 0.9261 0.0000
vt 0.7197 0.8793 0.0000
vt 0.7175 0.8325 0.0000
vt 0.7202 0.7863 0.0000
vt 0.7277 0.7408 0.0000
vt 0.7371 0.7091 0.0000
vt 0.7278 0.6905 0.0000
vt 0.6174 0.9253 0.0000
vt 0.6102 0.8786 0.0000
vt 0.6081 0.8319 0.0000
vt 0.6107 0.7856 0.0000
vt 0.6181 0.7399 0.0000
vt 0.6275 0.7080 0.0000
vt 0.6182 0.6894 0.0000
vt 0.9529 0.9215 0.0000
vt 0.9456 0.8748 0.0000
vt 0.9434 0.8281 0.0000
vt 0.9459 0.7819 0.0000
vt 0.9536 0.7363 0.0000
vt 0.9630 0.7044 0.0000
vt 0.8395 0.9239 0.0000
vt 0.8322 0.8771 0.0000
vt 0.8298 0.8304 0.0000
vt 0.8326 0.7843 0.0000
vt 0.8403 0.7389 0.0000
vt 0.8499 0.7073 0.0000
vt 0.7506 0.9536 0.0000
vt 0.7557 0.9198 0.0000
vt 0.7680 0.9624 0.0000
vt 0.7417 0.9229 0.0000
vt 0.7488 0.8763 0.0000
vt 0.7346 0.8778 0.0000
vt 0.7465 0.8326 0.0000
vt 0.7324 0.8326 0.0000
vt 0.7487 0.7894 0.0000
vt 0.7348 0.7879 0.0000
vt 0.7555 0.7473 0.0000
vt 0.7420 0.7441 0.0000
vt 0.7680 0.7066 0.0000
vt 0.6411 0.9526 0.0000
vt 0.6462 0.9190 0.0000
vt 0.6586 0.9613 0.0000
vt 0.6322 0.9221 0.0000
vt 0.6392 0.8757 0.0000
vt 0.6251 0.8771 0.0000
vt 0.6371 0.8320 0.0000
vt 0.6230 0.8320 0.0000
vt 0.6393 0.7887 0.0000
vt 0.6254 0.7872 0.0000
vt 0.6460 0.7464 0.0000
vt 0.6325 0.7432 0.0000
vt 0.6586 0.7055 0.0000
vt 0.9766 0.9489 0.0000
vt 0.9817 0.9152 0.0000
vt 0.9941 0.9576 0.0000
vt 0.9677 0.9183 0.0000
vt 0.9747 0.8718 0.0000
vt 0.9606 0.8733 0.0000
vt 0.9723 0.8282 0.0000
vt 0.9582 0.8282 0.0000
vt 0.9745 0.7851 0.0000
vt 0.9606 0.7835 0.0000
vt 0.9815 0.7429 0.0000
vt 0.9679 0.7397 0.0000
vt 0.9941 0.7019 0.0000
vt 0.8633 0.9514 0.0000
vt 0.8684 0.9175 0.0000
vt 0.8808 0.9601 0.0000
vt 0.8543 0.9207 0.0000
vt 0.8612 0.8741 0.0000
vt 0.8471 0.8756 0.0000
vt 0.8587 0.8305 0.0000
vt 0.8447 0.8305 0.0000
vt 0.8610 0.7875 0.0000
vt 0.8472 0.7859 0.0000
vt 0.8680 0.7455 0.0000
vt 0.8546 0.7423 0.0000
vt 0.8808 0.7050 0.0000
vt 0.7359 0.9592 0.0000
vt 0.7511 0.7147 0.0000
vt 0.6266 0.9582 0.0000
vt 0.6415 0.7137 0.0000
vt 0.9621 0.9545 0.0000
vt 0.9770 0.7101 0.0000
vt 0.8487 0.9570 0.0000
vt 0.8638 0.7130 0.0000
vt 0.5422 0.8894 0.0000
vt 0.5082 0.8982 0.0000
vt 0.5101 0.9001 0.0000
vt 0.4617 0.9052 0.0000
vt 0.4627 0.9075 0.0000
vt 0.4147 0.9076 0.0000
vt 0.4147 0.9100 0.0000
vt 0.3678 0.9052 0.0000
vt 0.3668 0.9074 0.0000
vt 0.3215 0.8981 0.0000
vt 0.3196 0.9001 0.0000
vt 0.2912 0.8882 0.0000
vt 0.2707 0.8916 0.0000
vt 0.2367 0.9004 0.0000
vt 0.2671 0.8905 0.0000
vt 0.2386 0.9024 0.0000
vt 0.1902 0.9075 0.0000
vt 0.1912 0.9097 0.0000
vt 0.1432 0.9098 0.0000
vt 0.1432 0.9122 0.0000
vt 0.0963 0.9074 0.0000
vt 0.0524 0.8801 0.0000
vt 0.0981 0.8897 0.0000
vt 0.0534 0.8827 0.0000
vt 0.0230 0.8751 0.0000
vt 0.0257 0.8776 0.0000
vt 0.2336 0.9453 0.0000
vt 0.2603 0.9428 0.0000
vt 0.2378 0.9676 0.0000
vt 0.2359 0.9656 0.0000
vt 0.1425 0.9549 0.0000
vt 0.1425 0.9572 0.0000
vt 0.0968 0.9525 0.0000
vt 0.0973 0.9549 0.0000
vt 0.0516 0.9453 0.0000
vt 0.0526 0.9479 0.0000
vt 0.0222 0.9403 0.0000
vt 0.0249 0.9428 0.0000
vt 0.5403 0.9496 0.0000
vt 0.5063 0.9583 0.0000
vt 0.5367 0.9484 0.0000
vt 0.5082 0.9603 0.0000
vt 0.4598 0.9654 0.0000
vt 0.4608 0.9677 0.0000
vt 0.4128 0.9678 0.0000
vt 0.4128 0.9702 0.0000
vt 0.3659 0.9653 0.0000
vt 0.3649 0.9676 0.0000
vt 0.3196 0.9583 0.0000
vt 0.3177 0.9603 0.0000
vt 0.2893 0.9484 0.0000
vt 0.2876 0.8893 0.0000
vt 0.2972 0.8753 0.0000
vt 0.3220 0.9380 0.0000
vt 0.3230 0.9406 0.0000
vt 0.2638 0.8751 0.0000
vt 0.2611 0.8776 0.0000
vt 0.2926 0.9331 0.0000
vt 0.2953 0.9355 0.0000
vt 0.0161 0.8916 0.0000
vt 0.0197 0.8905 0.0000
vt 0.4604 0.8850 0.0000
vt 0.5048 0.8804 0.0000
vt 0.4599 0.8874 0.0000
vt 0.2630 0.9403 0.0000
vt 0.2663 0.9557 0.0000
vt 0.4147 0.8941 0.0000
vt 0.4604 0.9007 0.0000
vt 0.4147 0.9030 0.0000
vt 0.0153 0.9568 0.0000
vt 0.3701 0.8917 0.0000
vt 0.3691 0.9007 0.0000
vt 0.5058 0.8778 0.0000
vt 0.5334 0.9331 0.0000
vt 0.3259 0.8847 0.0000
vt 0.3242 0.8939 0.0000
vt 0.5037 0.8847 0.0000
vt 0.5318 0.8859 0.0000
vt 0.5055 0.8939 0.0000
vt 0.2857 0.9495 0.0000
vt 0.3008 0.8794 0.0000
vt 0.2980 0.8859 0.0000
vt 0.4147 0.8874 0.0000
vt 0.4147 0.8898 0.0000
vt 0.1880 0.8939 0.0000
vt 0.2340 0.8962 0.0000
vt 0.1889 0.9030 0.0000
vt 0.3691 0.8850 0.0000
vt 0.3696 0.8874 0.0000
vt 0.1889 0.8872 0.0000
vt 0.2333 0.8827 0.0000
vt 0.1884 0.8896 0.0000
vt 0.3239 0.8779 0.0000
vt 0.3249 0.8804 0.0000
vt 0.1432 0.8963 0.0000
vt 0.1432 0.9053 0.0000
vt 0.2945 0.8729 0.0000
vt 0.0986 0.8940 0.0000
vt 0.2343 0.8801 0.0000
vt 0.0953 0.9097 0.0000
vt 0.0500 0.9003 0.0000
vt 0.2322 0.8869 0.0000
vt 0.2603 0.8882 0.0000
vt 0.0481 0.9023 0.0000
vt 0.1432 0.8897 0.0000
vt 0.1432 0.8920 0.0000
vt 0.2699 0.9568 0.0000
vt 0.0976 0.8873 0.0000
vt 0.1821 0.8198 0.0000
vt 0.1515 0.8107 0.0000
vt 0.1233 0.7959 0.0000
vt 0.0984 0.7758 0.0000
vt 0.0778 0.7513 0.0000
vt 0.0624 0.7233 0.0000
vt 0.0527 0.6928 0.0000
vt 0.0491 0.6610 0.0000
vt 0.0519 0.6292 0.0000
vt 0.0609 0.5987 0.0000
vt 0.0757 0.5705 0.0000
vt 0.0958 0.5458 0.0000
vt 0.1202 0.5255 0.0000
vt 0.1482 0.5104 0.0000
vt 0.1787 0.5010 0.0000
vt 0.2103 0.4977 0.0000
vt 0.2421 0.5006 0.0000
vt 0.2727 0.5097 0.0000
vt 0.3009 0.5246 0.0000
vt 0.3256 0.5447 0.0000
vt 0.3460 0.5693 0.0000
vt 0.3612 0.5973 0.0000
vt 0.3706 0.6276 0.0000
vt 0.3741 0.6591 0.0000
vt 0.3713 0.6907 0.0000
vt 0.3624 0.7212 0.0000
vt 0.3478 0.7494 0.0000
vt 0.3279 0.7743 0.0000
vt 0.3036 0.7947 0.0000
vt 0.2757 0.8099 0.0000
vt 0.2454 0.8193 0.0000
vt 0.2138 0.8227 0.0000
vt 0.0649 0.6003 0.0000
vt 0.0561 0.6300 0.0000
vt 0.0534 0.6610 0.0000
vt 0.0569 0.6919 0.0000
vt 0.0663 0.7216 0.0000
vt 0.2137 0.8184 0.0000
vt 0.0813 0.7489 0.0000
vt 0.2445 0.8152 0.0000
vt 0.1014 0.7727 0.0000
vt 0.2741 0.8060 0.0000
vt 0.1256 0.7923 0.0000
vt 0.3012 0.7912 0.0000
vt 0.1531 0.8068 0.0000
vt 0.3249 0.7713 0.0000
vt 0.3442 0.7471 0.0000
vt 0.3585 0.7196 0.0000
vt 0.3671 0.6899 0.0000
vt 0.3698 0.6592 0.0000
vt 0.0793 0.5728 0.0000
vt 0.0988 0.5488 0.0000
vt 0.1226 0.5290 0.0000
vt 0.1499 0.5143 0.0000
vt 0.1795 0.5051 0.0000
vt 0.2104 0.5019 0.0000
vt 0.2413 0.5048 0.0000
vt 0.2710 0.5137 0.0000
vt 0.2985 0.5282 0.0000
vt 0.3226 0.5478 0.0000
vt 0.3425 0.5717 0.0000
vt 0.3573 0.5989 0.0000
vt 0.3665 0.6285 0.0000
vt 0.5415 0.6584 0.0000
vt 0.5118 0.6485 0.0000
vt 0.5768 0.5027 0.0000
vt 0.4846 0.6330 0.0000
vt 0.4610 0.6125 0.0000
vt 0.4418 0.5878 0.0000
vt 0.4277 0.5598 0.0000
vt 0.4195 0.5296 0.0000
vt 0.4172 0.4984 0.0000
vt 0.4211 0.4673 0.0000
vt 0.4310 0.4376 0.0000
vt 0.4465 0.4104 0.0000
vt 0.4670 0.3868 0.0000
vt 0.4917 0.3676 0.0000
vt 0.5197 0.3536 0.0000
vt 0.5499 0.3453 0.0000
vt 0.5811 0.3431 0.0000
vt 0.6121 0.3469 0.0000
vt 0.6418 0.3568 0.0000
vt 0.6690 0.3723 0.0000
vt 0.6927 0.3928 0.0000
vt 0.7119 0.4175 0.0000
vt 0.7259 0.4455 0.0000
vt 0.7342 0.4757 0.0000
vt 0.7364 0.5069 0.0000
vt 0.7325 0.5380 0.0000
vt 0.7227 0.5677 0.0000
vt 0.7072 0.5949 0.0000
vt 0.6867 0.6185 0.0000
vt 0.6620 0.6377 0.0000
vt 0.6340 0.6517 0.0000
vt 0.6038 0.6600 0.0000
vt 0.5726 0.6623 0.0000
vt 0.5350 0.8871 0.0000
vt 0.5065 0.8961 0.0000
vt 0.4609 0.9030 0.0000
vt 0.4147 0.9053 0.0000
vt 0.3686 0.9029 0.0000
vt 0.3232 0.8961 0.0000
vt 0.2948 0.8871 0.0000
vt 0.2635 0.8894 0.0000
vt 0.2350 0.8984 0.0000
vt 0.1894 0.9052 0.0000
vt 0.1432 0.9076 0.0000
vt 0.0971 0.9052 0.0000
vt 0.0517 0.8983 0.0000
vt 0.0233 0.8893 0.0000
vt 0.2627 0.9546 0.0000
vt 0.2342 0.9636 0.0000
vt 0.1886 0.9704 0.0000
vt 0.1424 0.9728 0.0000
vt 0.0964 0.9704 0.0000
vt 0.0509 0.9635 0.0000
vt 0.0225 0.9545 0.0000
vt 0.5331 0.9473 0.0000
vt 0.5046 0.9563 0.0000
vt 0.4590 0.9632 0.0000
vt 0.4128 0.9655 0.0000
vt 0.3667 0.9631 0.0000
vt 0.3213 0.9563 0.0000
vt 0.2929 0.9473 0.0000
vt 0.5305 0.8774 0.0000
vt 0.5039 0.8826 0.0000
vt 0.5289 0.8794 0.0000
vt 0.4595 0.8895 0.0000
vt 0.4595 0.8917 0.0000
vt 0.4147 0.8919 0.0000
vt 0.3700 0.8896 0.0000
vt 0.3258 0.8826 0.0000
vt 0.2993 0.8774 0.0000
vt 0.2590 0.8797 0.0000
vt 0.2324 0.8849 0.0000
vt 0.2574 0.8817 0.0000
vt 0.1880 0.8918 0.0000
vt 0.1432 0.8942 0.0000
vt 0.0985 0.8918 0.0000
vt 0.0543 0.8849 0.0000
vt 0.0278 0.8797 0.0000
vt 0.2582 0.9449 0.0000
vt 0.2316 0.9501 0.0000
vt 0.2567 0.9469 0.0000
vt 0.1872 0.9570 0.0000
vt 0.1425 0.9594 0.0000
vt 0.0977 0.9570 0.0000
vt 0.0535 0.9501 0.0000
vt 0.0270 0.9449 0.0000
vt 0.5286 0.9376 0.0000
vt 0.5020 0.9428 0.0000
vt 0.5270 0.9396 0.0000
vt 0.4576 0.9497 0.0000
vt 0.4128 0.9521 0.0000
vt 0.3681 0.9498 0.0000
vt 0.3239 0.9428 0.0000
vt 0.2974 0.9376 0.0000
vt 0.1829 0.8156 0.0000
vt 0.6474 0.0338 0.0000
vt 0.6477 0.0574 0.0000
vt 0.6442 0.0521 0.0000
vt 0.4908 0.0754 0.0000
vt 0.4698 0.0870 0.0000
vt 0.4816 0.0695 0.0000
vt 0.6070 0.3080 0.0000
vt 0.6032 0.2834 0.0000
vt 0.6074 0.2882 0.0000
vt 0.6939 0.2841 0.0000
vt 0.6821 0.2719 0.0000
vt 0.6883 0.2742 0.0000
vt 0.6713 0.3188 0.0000
vt 0.6813 0.3014 0.0000
vt 0.6903 0.3095 0.0000
vt 0.6445 0.3132 0.0000
vt 0.6512 0.3255 0.0000
vt 0.5705 0.3121 0.0000
vt 0.5880 0.3294 0.0000
vt 0.5672 0.3251 0.0000
vt 0.5472 0.3182 0.0000
vt 0.6593 0.2997 0.0000
vt 0.6504 0.2801 0.0000
vt 0.6556 0.2835 0.0000
vt 0.6123 0.0208 0.0000
vt 0.5894 0.0079 0.0000
vt 0.6105 0.0066 0.0000
vt 0.5045 0.2698 0.0000
vt 0.5124 0.2567 0.0000
vt 0.5108 0.2638 0.0000
vt 0.5165 0.2878 0.0000
vt 0.5282 0.3088 0.0000
vt 0.5106 0.2969 0.0000
vt 0.4880 0.2582 0.0000
vt 0.4947 0.2829 0.0000
vt 0.4808 0.2669 0.0000
vt 0.4712 0.2217 0.0000
vt 0.4691 0.2492 0.0000
vt 0.4598 0.2301 0.0000
vt 0.4721 0.1833 0.0000
vt 0.4953 0.1777 0.0000
vt 0.4912 0.1823 0.0000
vt 0.4620 0.1663 0.0000
vt 0.4490 0.1892 0.0000
vt 0.4477 0.1680 0.0000
vt 0.4810 0.1140 0.0000
vt 0.5022 0.1152 0.0000
vt 0.4970 0.1183 0.0000
vt 0.7543 0.1341 0.0000
vt 0.7599 0.1073 0.0000
vt 0.7667 0.1274 0.0000
vt 0.7533 0.2080 0.0000
vt 0.7705 0.1905 0.0000
vt 0.7663 0.2113 0.0000
vt 0.7577 0.1711 0.0000
vt 0.7720 0.1694 0.0000
vt 0.5022 0.0579 0.0000
vt 0.4957 0.0536 0.0000
vt 0.4981 0.0800 0.0000
vt 0.5130 0.0843 0.0000
vt 0.5077 0.0860 0.0000
vt 0.5569 0.0300 0.0000
vt 0.5294 0.0279 0.0000
vt 0.5484 0.0186 0.0000
vt 0.5752 0.0242 0.0000
vt 0.5685 0.0119 0.0000
vt 0.6308 0.0230 0.0000
vt 0.6317 0.0080 0.0000
vt 0.6856 0.0381 0.0000
vt 0.6725 0.0192 0.0000
vt 0.6915 0.0286 0.0000
vt 0.6244 0.3065 0.0000
vt 0.6189 0.2833 0.0000
vt 0.6234 0.2874 0.0000
vt 0.4749 0.1311 0.0000
vt 0.4985 0.1308 0.0000
vt 0.4933 0.1343 0.0000
vt 0.4728 0.1485 0.0000
vt 0.4965 0.1464 0.0000
vt 0.4918 0.1503 0.0000
vt 0.7207 0.0610 0.0000
vt 0.7091 0.0405 0.0000
vt 0.7250 0.0545 0.0000
vt 0.7317 0.0792 0.0000
vt 0.7389 0.0705 0.0000
vt 0.7252 0.0847 0.0000
vt 0.7131 0.0965 0.0000
vt 0.7154 0.0903 0.0000
vt 0.7561 0.1526 0.0000
vt 0.7707 0.1482 0.0000
vt 0.7469 0.2262 0.0000
vt 0.7594 0.2314 0.0000
vt 0.7080 0.2978 0.0000
vt 0.6799 0.2367 0.0000
vt 0.6775 0.2236 0.0000
vt 0.6812 0.2276 0.0000
vt 0.6419 0.2592 0.0000
vt 0.6394 0.2448 0.0000
vt 0.6432 0.2490 0.0000
vt 0.6080 0.2603 0.0000
vt 0.6040 0.2452 0.0000
vt 0.6082 0.2498 0.0000
vt 0.5742 0.2579 0.0000
vt 0.5686 0.2427 0.0000
vt 0.5733 0.2476 0.0000
vt 0.5404 0.2516 0.0000
vt 0.5334 0.2370 0.0000
vt 0.5385 0.2423 0.0000
vt 0.5193 0.2294 0.0000
vt 0.5132 0.2161 0.0000
vt 0.5181 0.2212 0.0000
vt 0.6825 0.2190 0.0000
vt 0.6801 0.2058 0.0000
vt 0.6838 0.2099 0.0000
vt 0.6469 0.2028 0.0000
vt 0.6432 0.1883 0.0000
vt 0.6473 0.1926 0.0000
vt 0.6088 0.2219 0.0000
vt 0.6047 0.2069 0.0000
vt 0.6090 0.2114 0.0000
vt 0.5720 0.2201 0.0000
vt 0.5671 0.2052 0.0000
vt 0.5716 0.2099 0.0000
vt 0.5352 0.2160 0.0000
vt 0.5295 0.2020 0.0000
vt 0.5343 0.2069 0.0000
vt 0.7240 0.1824 0.0000
vt 0.7207 0.1710 0.0000
vt 0.7246 0.1754 0.0000
vt 0.6865 0.1660 0.0000
vt 0.6819 0.1523 0.0000
vt 0.6863 0.1569 0.0000
vt 0.6477 0.1840 0.0000
vt 0.6439 0.1694 0.0000
vt 0.6481 0.1738 0.0000
vt 0.6291 0.1648 0.0000
vt 0.6249 0.1500 0.0000
vt 0.6292 0.1544 0.0000
vt 0.5715 0.1824 0.0000
vt 0.5672 0.1678 0.0000
vt 0.5715 0.1722 0.0000
vt 0.5334 0.1805 0.0000
vt 0.5288 0.1670 0.0000
vt 0.5332 0.1715 0.0000
vt 0.5142 0.1624 0.0000
vt 0.5108 0.1502 0.0000
vt 0.5148 0.1544 0.0000
vt 0.6854 0.1305 0.0000
vt 0.6797 0.1166 0.0000
vt 0.6845 0.1214 0.0000
vt 0.6483 0.1463 0.0000
vt 0.6440 0.1316 0.0000
vt 0.6483 0.1361 0.0000
vt 0.6107 0.1260 0.0000
vt 0.6067 0.1112 0.0000
vt 0.6110 0.1155 0.0000
vt 0.5724 0.1448 0.0000
vt 0.5687 0.1304 0.0000
vt 0.5728 0.1346 0.0000
vt 0.5345 0.1451 0.0000
vt 0.5310 0.1321 0.0000
vt 0.5350 0.1361 0.0000
vt 0.5172 0.1291 0.0000
vt 0.5153 0.1174 0.0000
vt 0.5187 0.1210 0.0000
vt 0.6986 0.0996 0.0000
vt 0.6909 0.0856 0.0000
vt 0.6962 0.0911 0.0000
vt 0.6464 0.0898 0.0000
vt 0.6409 0.0749 0.0000
vt 0.6455 0.0796 0.0000
vt 0.6111 0.1068 0.0000
vt 0.6071 0.0920 0.0000
vt 0.6113 0.0963 0.0000
vt 0.5765 0.0884 0.0000
vt 0.5741 0.0745 0.0000
vt 0.5779 0.0782 0.0000
vt 0.5385 0.1098 0.0000
vt 0.5362 0.0973 0.0000
vt 0.5398 0.1007 0.0000
vt 0.7101 0.0884 0.0000
vt 0.7018 0.0750 0.0000
vt 0.7073 0.0807 0.0000
vt 0.6775 0.0773 0.0000
vt 0.6705 0.0627 0.0000
vt 0.6756 0.0680 0.0000
vt 0.6119 0.0684 0.0000
vt 0.6079 0.0538 0.0000
vt 0.6121 0.0579 0.0000
vt 0.5954 0.0690 0.0000
vt 0.5922 0.0545 0.0000
vt 0.5962 0.0586 0.0000
vt 0.5790 0.0696 0.0000
vt 0.5766 0.0559 0.0000
vt 0.5803 0.0594 0.0000
vt 0.5295 0.0794 0.0000
vt 0.5295 0.0685 0.0000
vt 0.5322 0.0711 0.0000
vt 0.5625 0.0721 0.0000
vt 0.5609 0.0589 0.0000
vt 0.5643 0.0624 0.0000
vt 0.5567 0.1085 0.0000
vt 0.5539 0.0950 0.0000
vt 0.5577 0.0988 0.0000
vt 0.5203 0.1125 0.0000
vt 0.5184 0.1010 0.0000
vt 0.5219 0.1044 0.0000
vt 0.5460 0.0746 0.0000
vt 0.5453 0.0627 0.0000
vt 0.5483 0.0654 0.0000
vt 0.5940 0.0880 0.0000
vt 0.5908 0.0735 0.0000
vt 0.5948 0.0776 0.0000
vt 0.5415 0.0922 0.0000
vt 0.5408 0.0800 0.0000
vt 0.5439 0.0830 0.0000
vt 0.6284 0.0697 0.0000
vt 0.6236 0.0546 0.0000
vt 0.6280 0.0593 0.0000
vt 0.6293 0.1077 0.0000
vt 0.6248 0.0928 0.0000
vt 0.6292 0.0974 0.0000
vt 0.5590 0.0903 0.0000
vt 0.5574 0.0770 0.0000
vt 0.5609 0.0806 0.0000
vt 0.6612 0.0741 0.0000
vt 0.6549 0.0591 0.0000
vt 0.6597 0.0643 0.0000
vt 0.6639 0.0924 0.0000
vt 0.6575 0.0776 0.0000
vt 0.6624 0.0827 0.0000
vt 0.6115 0.0876 0.0000
vt 0.6075 0.0729 0.0000
vt 0.6117 0.0771 0.0000
vt 0.6448 0.0709 0.0000
vt 0.6392 0.0560 0.0000
vt 0.6439 0.0607 0.0000
vt 0.6474 0.1086 0.0000
vt 0.6425 0.0938 0.0000
vt 0.6470 0.0984 0.0000
vt 0.6290 0.0887 0.0000
vt 0.6242 0.0737 0.0000
vt 0.6286 0.0783 0.0000
vt 0.6938 0.0828 0.0000
vt 0.6863 0.0685 0.0000
vt 0.6914 0.0743 0.0000
vt 0.6836 0.1128 0.0000
vt 0.6779 0.0987 0.0000
vt 0.6826 0.1036 0.0000
vt 0.6813 0.0951 0.0000
vt 0.6742 0.0807 0.0000
vt 0.6793 0.0858 0.0000
vt 0.5240 0.0960 0.0000
vt 0.5240 0.0847 0.0000
vt 0.5268 0.0877 0.0000
vt 0.5155 0.1457 0.0000
vt 0.5121 0.1338 0.0000
vt 0.5161 0.1377 0.0000
vt 0.7196 0.1197 0.0000
vt 0.7132 0.1072 0.0000
vt 0.7182 0.1125 0.0000
vt 0.5930 0.1070 0.0000
vt 0.5894 0.0924 0.0000
vt 0.5935 0.0966 0.0000
vt 0.5914 0.1450 0.0000
vt 0.5875 0.1303 0.0000
vt 0.5917 0.1346 0.0000
vt 0.5534 0.1449 0.0000
vt 0.5498 0.1312 0.0000
vt 0.5539 0.1353 0.0000
vt 0.5748 0.1072 0.0000
vt 0.5717 0.0931 0.0000
vt 0.5756 0.0970 0.0000
vt 0.6294 0.1267 0.0000
vt 0.6250 0.1118 0.0000
vt 0.6293 0.1164 0.0000
vt 0.5733 0.1260 0.0000
vt 0.5702 0.1118 0.0000
vt 0.5741 0.1158 0.0000
vt 0.6655 0.1107 0.0000
vt 0.6602 0.0961 0.0000
vt 0.6648 0.1010 0.0000
vt 0.6672 0.1473 0.0000
vt 0.6628 0.1330 0.0000
vt 0.6671 0.1377 0.0000
vt 0.5920 0.1260 0.0000
vt 0.5884 0.1113 0.0000
vt 0.5925 0.1156 0.0000
vt 0.7016 0.1162 0.0000
vt 0.6956 0.1027 0.0000
vt 0.7004 0.1081 0.0000
vt 0.7041 0.1330 0.0000
vt 0.6980 0.1197 0.0000
vt 0.7029 0.1248 0.0000
vt 0.6481 0.1275 0.0000
vt 0.6432 0.1127 0.0000
vt 0.6477 0.1173 0.0000
vt 0.7159 0.1042 0.0000
vt 0.7075 0.0911 0.0000
vt 0.6862 0.1482 0.0000
vt 0.6816 0.1345 0.0000
vt 0.6860 0.1392 0.0000
vt 0.6668 0.1290 0.0000
vt 0.6615 0.1145 0.0000
vt 0.6661 0.1193 0.0000
vt 0.5359 0.1275 0.0000
vt 0.5336 0.1147 0.0000
vt 0.5372 0.1184 0.0000
vt 0.5143 0.1791 0.0000
vt 0.5096 0.1666 0.0000
vt 0.5141 0.1711 0.0000
vt 0.7240 0.1511 0.0000
vt 0.7192 0.1391 0.0000
vt 0.7237 0.1440 0.0000
vt 0.5546 0.1267 0.0000
vt 0.5519 0.1131 0.0000
vt 0.5557 0.1171 0.0000
vt 0.5525 0.1632 0.0000
vt 0.5489 0.1493 0.0000
vt 0.5530 0.1536 0.0000
vt 0.5524 0.1815 0.0000
vt 0.5480 0.1674 0.0000
vt 0.5523 0.1718 0.0000
vt 0.6293 0.1458 0.0000
vt 0.6251 0.1309 0.0000
vt 0.6294 0.1354 0.0000
vt 0.5908 0.1640 0.0000
vt 0.5869 0.1493 0.0000
vt 0.5911 0.1536 0.0000
vt 0.5905 0.1830 0.0000
vt 0.5863 0.1682 0.0000
vt 0.5906 0.1726 0.0000
vt 0.6103 0.1452 0.0000
vt 0.6063 0.1303 0.0000
vt 0.6106 0.1347 0.0000
vt 0.6096 0.1836 0.0000
vt 0.6055 0.1686 0.0000
vt 0.6098 0.1730 0.0000
vt 0.6099 0.1644 0.0000
vt 0.6059 0.1495 0.0000
vt 0.6102 0.1538 0.0000
vt 0.7051 0.1496 0.0000
vt 0.7004 0.1367 0.0000
vt 0.7048 0.1416 0.0000
vt 0.7057 0.1663 0.0000
vt 0.7009 0.1536 0.0000
vt 0.7054 0.1583 0.0000
vt 0.6667 0.1838 0.0000
vt 0.6631 0.1698 0.0000
vt 0.6672 0.1742 0.0000
vt 0.7227 0.1354 0.0000
vt 0.7162 0.1231 0.0000
vt 0.7213 0.1282 0.0000
vt 0.6858 0.1837 0.0000
vt 0.6823 0.1702 0.0000
vt 0.6863 0.1746 0.0000
vt 0.6674 0.1656 0.0000
vt 0.6629 0.1514 0.0000
vt 0.6673 0.1559 0.0000
vt 0.5334 0.1628 0.0000
vt 0.5299 0.1496 0.0000
vt 0.5339 0.1538 0.0000
vt 0.5149 0.1958 0.0000
vt 0.5102 0.1831 0.0000
vt 0.5146 0.1878 0.0000
vt 0.5169 0.2126 0.0000
vt 0.5107 0.1996 0.0000
vt 0.5157 0.2044 0.0000
vt 0.5717 0.1636 0.0000
vt 0.5679 0.1491 0.0000
vt 0.5721 0.1534 0.0000
vt 0.5526 0.1998 0.0000
vt 0.5481 0.1856 0.0000
vt 0.5525 0.1901 0.0000
vt 0.5536 0.2181 0.0000
vt 0.5483 0.2037 0.0000
vt 0.5529 0.2084 0.0000
vt 0.6286 0.1838 0.0000
vt 0.6247 0.1690 0.0000
vt 0.6289 0.1734 0.0000
vt 0.6272 0.2218 0.0000
vt 0.6236 0.2071 0.0000
vt 0.6277 0.2114 0.0000
vt 0.5904 0.2210 0.0000
vt 0.5859 0.2062 0.0000
vt 0.5903 0.2107 0.0000
vt 0.6482 0.1652 0.0000
vt 0.6439 0.1505 0.0000
vt 0.6483 0.1550 0.0000
vt 0.6658 0.2021 0.0000
vt 0.6622 0.1882 0.0000
vt 0.6663 0.1925 0.0000
vt 0.6092 0.2028 0.0000
vt 0.6051 0.1878 0.0000
vt 0.6094 0.1922 0.0000
vt 0.7049 0.1830 0.0000
vt 0.7015 0.1706 0.0000
vt 0.7055 0.1750 0.0000
vt 0.7010 0.2164 0.0000
vt 0.6990 0.2044 0.0000
vt 0.7025 0.2083 0.0000
vt 0.6280 0.2028 0.0000
vt 0.6242 0.1881 0.0000
vt 0.6283 0.1924 0.0000
vt 0.7248 0.1667 0.0000
vt 0.7199 0.1551 0.0000
vt 0.7244 0.1597 0.0000
vt 0.7036 0.1997 0.0000
vt 0.7002 0.1875 0.0000
vt 0.7042 0.1917 0.0000
vt 0.6847 0.2013 0.0000
vt 0.6812 0.1880 0.0000
vt 0.6853 0.1923 0.0000
vt 0.5337 0.1982 0.0000
vt 0.5291 0.1845 0.0000
vt 0.5336 0.1892 0.0000
vt 0.5235 0.2463 0.0000
vt 0.5157 0.2326 0.0000
vt 0.5211 0.2378 0.0000
vt 0.7195 0.2137 0.0000
vt 0.7179 0.2027 0.0000
vt 0.7212 0.2066 0.0000
vt 0.5714 0.2013 0.0000
vt 0.5671 0.1865 0.0000
vt 0.5715 0.1911 0.0000
vt 0.5549 0.2364 0.0000
vt 0.5496 0.2219 0.0000
vt 0.5542 0.2267 0.0000
vt 0.5573 0.2547 0.0000
vt 0.5510 0.2401 0.0000
vt 0.5559 0.2450 0.0000
vt 0.5903 0.2020 0.0000
vt 0.5861 0.1872 0.0000
vt 0.5904 0.1916 0.0000
vt 0.5906 0.2400 0.0000
vt 0.5861 0.2251 0.0000
vt 0.5905 0.2297 0.0000
vt 0.5911 0.2591 0.0000
vt 0.5863 0.2441 0.0000
vt 0.5907 0.2487 0.0000
vt 0.6640 0.2203 0.0000
vt 0.6613 0.2066 0.0000
vt 0.6651 0.2107 0.0000
vt 0.6589 0.2568 0.0000
vt 0.6572 0.2433 0.0000
vt 0.6607 0.2471 0.0000
vt 0.6249 0.2598 0.0000
vt 0.6217 0.2452 0.0000
vt 0.6257 0.2494 0.0000
vt 0.6456 0.2216 0.0000
vt 0.6424 0.2071 0.0000
vt 0.6464 0.2114 0.0000
vt 0.6978 0.2330 0.0000
vt 0.6959 0.2213 0.0000
vt 0.6994 0.2249 0.0000
vt 0.6441 0.2404 0.0000
vt 0.6409 0.2260 0.0000
vt 0.6449 0.2303 0.0000
vt 0.7226 0.1980 0.0000
vt 0.7193 0.1869 0.0000
vt 0.7232 0.1910 0.0000
vt 0.6759 0.2544 0.0000
vt 0.6749 0.2414 0.0000
vt 0.6782 0.2452 0.0000
vt 0.6620 0.2386 0.0000
vt 0.6592 0.2249 0.0000
vt 0.6631 0.2289 0.0000
vt 0.5371 0.2338 0.0000
vt 0.5314 0.2195 0.0000
vt 0.5361 0.2246 0.0000
vt 0.5283 0.2631 0.0000
vt 0.5206 0.2491 0.0000
vt 0.5259 0.2546 0.0000
vt 0.7100 0.2451 0.0000
vt 0.7106 0.2344 0.0000
vt 0.7132 0.2375 0.0000
vt 0.5727 0.2390 0.0000
vt 0.5679 0.2240 0.0000
vt 0.5723 0.2288 0.0000
vt 0.5600 0.2731 0.0000
vt 0.5537 0.2582 0.0000
vt 0.5585 0.2633 0.0000
vt 0.5441 0.2694 0.0000
vt 0.5372 0.2545 0.0000
vt 0.5422 0.2601 0.0000
vt 0.6084 0.2411 0.0000
vt 0.6044 0.2260 0.0000
vt 0.6086 0.2306 0.0000
vt 0.5917 0.2781 0.0000
vt 0.5869 0.2631 0.0000
vt 0.5914 0.2677 0.0000
vt 0.5758 0.2767 0.0000
vt 0.5703 0.2614 0.0000
vt 0.5749 0.2665 0.0000
vt 0.6262 0.2408 0.0000
vt 0.6226 0.2261 0.0000
vt 0.6267 0.2304 0.0000
vt 0.6235 0.2788 0.0000
vt 0.6203 0.2642 0.0000
vt 0.6243 0.2684 0.0000
vt 0.6076 0.2795 0.0000
vt 0.6036 0.2643 0.0000
vt 0.6078 0.2690 0.0000
vt 0.6929 0.2497 0.0000
vt 0.6928 0.2382 0.0000
vt 0.6957 0.2414 0.0000
vt 0.6554 0.2750 0.0000
vt 0.6538 0.2617 0.0000
vt 0.6572 0.2653 0.0000
vt 0.6394 0.2780 0.0000
vt 0.6370 0.2637 0.0000
vt 0.6407 0.2678 0.0000
vt 0.7158 0.2293 0.0000
vt 0.7142 0.2186 0.0000
vt 0.7175 0.2222 0.0000
vt 0.6875 0.2663 0.0000
vt 0.6874 0.2550 0.0000
vt 0.6902 0.2580 0.0000
vt 0.6714 0.2720 0.0000
vt 0.6705 0.2592 0.0000
vt 0.6737 0.2628 0.0000
vt 0.4870 0.0968 0.0000
vt 0.5065 0.0999 0.0000
vt 0.5009 0.1023 0.0000
vt 0.7109 0.2740 0.0000
vt 0.6979 0.2661 0.0000
vt 0.7049 0.2678 0.0000
vt 0.7036 0.2606 0.0000
vt 0.7042 0.2503 0.0000
vt 0.7067 0.2531 0.0000
vt 0.7404 0.2445 0.0000
vt 0.7499 0.2504 0.0000
vt 0.7491 0.1716 0.0000
vt 0.7293 0.1712 0.0000
vt 0.7462 0.1367 0.0000
vt 0.7278 0.1391 0.0000
vt 0.7425 0.0973 0.0000
vt 0.7506 0.0882 0.0000
vt 0.6304 0.3295 0.0000
vt 0.4735 0.2007 0.0000
vt 0.4960 0.1934 0.0000
vt 0.4920 0.1983 0.0000
vt 0.4772 0.2401 0.0000
vt 0.4654 0.2033 0.0000
vt 0.4531 0.2100 0.0000
vt 0.4706 0.1658 0.0000
vt 0.4951 0.1620 0.0000
vt 0.4904 0.1663 0.0000
vt 0.6074 0.3166 0.0000
vt 0.6092 0.3308 0.0000
vt 0.7387 0.2234 0.0000
vt 0.7227 0.2191 0.0000
vt 0.7217 0.2574 0.0000
vt 0.7121 0.2514 0.0000
vt 0.6492 0.0253 0.0000
vt 0.6525 0.0123 0.0000
vt 0.7152 0.0676 0.0000
vt 0.7089 0.0736 0.0000
vt 0.6817 0.0458 0.0000
vt 0.6787 0.0654 0.0000
vt 0.6763 0.0597 0.0000
vt 0.6127 0.0294 0.0000
vt 0.6165 0.0540 0.0000
vt 0.6123 0.0492 0.0000
vt 0.5431 0.0430 0.0000
vt 0.5536 0.0603 0.0000
vt 0.5480 0.0571 0.0000
vt 0.7032 0.0496 0.0000
vt 0.4789 0.2181 0.0000
vt 0.4985 0.2092 0.0000
vt 0.4951 0.2144 0.0000
vt 0.4945 0.2527 0.0000
vt 0.5066 0.2409 0.0000
vt 0.5044 0.2471 0.0000
vt 0.7477 0.1541 0.0000
vt 0.7286 0.1551 0.0000
vt 0.7448 0.2063 0.0000
vt 0.7265 0.2031 0.0000
vt 0.7356 0.1019 0.0000
vt 0.7215 0.1068 0.0000
vt 0.7409 0.1193 0.0000
vt 0.7247 0.1230 0.0000
vt 0.5779 0.0323 0.0000
vt 0.5852 0.0549 0.0000
vt 0.5803 0.0508 0.0000
vt 0.5384 0.0360 0.0000
vt 0.5117 0.0397 0.0000
vt 0.4793 0.0929 0.0000
vt 0.4603 0.1060 0.0000
vt 0.4728 0.1112 0.0000
vt 0.4534 0.1261 0.0000
vt 0.4641 0.1478 0.0000
vt 0.4492 0.1469 0.0000
vt 0.4636 0.1848 0.0000
vt 0.4842 0.2355 0.0000
vt 0.5015 0.2249 0.0000
vt 0.4982 0.2306 0.0000
vt 0.5953 0.0309 0.0000
vt 0.6009 0.0541 0.0000
vt 0.5963 0.0500 0.0000
vt 0.5551 0.2976 0.0000
vt 0.5564 0.2764 0.0000
vt 0.5595 0.2815 0.0000
vt 0.5380 0.2916 0.0000
vt 0.5410 0.2720 0.0000
vt 0.5434 0.2777 0.0000
vt 0.6985 0.0569 0.0000
vt 0.6942 0.0718 0.0000
vt 0.6925 0.0665 0.0000
vt 0.6646 0.0398 0.0000
vt 0.6633 0.0610 0.0000
vt 0.6602 0.0559 0.0000
vt 0.5212 0.2805 0.0000
vt 0.5255 0.2656 0.0000
vt 0.5272 0.2709 0.0000
vt 0.5604 0.0377 0.0000
vt 0.5694 0.0573 0.0000
vt 0.5641 0.0539 0.0000
vt 0.4990 0.2764 0.0000
vt 0.5341 0.2993 0.0000
vt 0.5723 0.3036 0.0000
vt 0.5720 0.2800 0.0000
vt 0.5755 0.2853 0.0000
vt 0.6418 0.3051 0.0000
vt 0.6346 0.2825 0.0000
vt 0.6394 0.2866 0.0000
vt 0.6766 0.2944 0.0000
vt 0.6661 0.2771 0.0000
vt 0.6718 0.2803 0.0000
vt 0.7175 0.2795 0.0000
vt 0.7381 0.2679 0.0000
vt 0.7240 0.2838 0.0000
vt 0.5896 0.3058 0.0000
vt 0.5875 0.2820 0.0000
vt 0.5914 0.2867 0.0000
vt 0.5088 0.0634 0.0000
vt 0.5219 0.0713 0.0000
vt 0.5148 0.0697 0.0000
vt 0.5259 0.0533 0.0000
vt 0.5376 0.0655 0.0000
vt 0.5314 0.0632 0.0000
vt 0.7327 0.2406 0.0000
vt 0.7189 0.2351 0.0000
vt 0.7469 0.1889 0.0000
vt 0.7279 0.1871 0.0000
vt 0.4665 0.1294 0.0000
vt 0.6301 0.0316 0.0000
vt 0.6322 0.0554 0.0000
vt 0.6283 0.0507 0.0000
vt 0.6993 0.2906 0.0000
vt 0.6617 0.0342 0.0000
vt 0.6522 0.0309 0.0000
vt 0.4853 0.0916 0.0000
vt 0.4920 0.0814 0.0000
vt 0.5935 0.3106 0.0000
vt 0.6026 0.3118 0.0000
vt 0.6818 0.2963 0.0000
vt 0.6923 0.2900 0.0000
vt 0.6644 0.3027 0.0000
vt 0.6628 0.3074 0.0000
vt 0.6561 0.3052 0.0000
vt 0.6465 0.3081 0.0000
vt 0.5849 0.3096 0.0000
vt 0.5759 0.3084 0.0000
vt 0.5581 0.3032 0.0000
vt 0.5523 0.3058 0.0000
vt 0.5994 0.0262 0.0000
vt 0.6085 0.0255 0.0000
vt 0.4930 0.2586 0.0000
vt 0.4992 0.2691 0.0000
vt 0.5328 0.2932 0.0000
vt 0.5225 0.2865 0.0000
vt 0.4788 0.2328 0.0000
vt 0.4759 0.2232 0.0000
vt 0.4666 0.1701 0.0000
vt 0.4674 0.1792 0.0000
vt 0.4815 0.0993 0.0000
vt 0.4782 0.1087 0.0000
vt 0.7464 0.1225 0.0000
vt 0.7493 0.1320 0.0000
vt 0.7507 0.1936 0.0000
vt 0.7496 0.2027 0.0000
vt 0.7518 0.1850 0.0000
vt 0.7556 0.1896 0.0000
vt 0.4967 0.0741 0.0000
vt 0.5034 0.0639 0.0000
vt 0.5458 0.0376 0.0000
vt 0.5553 0.0347 0.0000
vt 0.5636 0.0322 0.0000
vt 0.5732 0.0293 0.0000
vt 0.6171 0.0256 0.0000
vt 0.6262 0.0268 0.0000
vt 0.6698 0.0371 0.0000
vt 0.6792 0.0404 0.0000
vt 0.6112 0.3119 0.0000
vt 0.6203 0.3112 0.0000
vt 0.4754 0.1169 0.0000
vt 0.4721 0.1263 0.0000
vt 0.4701 0.1347 0.0000
vt 0.4690 0.1438 0.0000
vt 0.7044 0.0556 0.0000
vt 0.7147 0.0623 0.0000
vt 0.7205 0.0683 0.0000
vt 0.7268 0.0788 0.0000
vt 0.7374 0.0968 0.0000
vt 0.7312 0.0863 0.0000
vt 0.7509 0.1405 0.0000
vt 0.7516 0.1496 0.0000
vt 0.7523 0.1582 0.0000
vt 0.7531 0.1673 0.0000
vt 0.7476 0.2111 0.0000
vt 0.7443 0.2205 0.0000
vt 0.6658 0.2424 0.0000
vt 0.6289 0.2639 0.0000
vt 0.5955 0.2637 0.0000
vt 0.5622 0.2598 0.0000
vt 0.5288 0.2518 0.0000
vt 0.5065 0.2302 0.0000
vt 0.6679 0.2243 0.0000
vt 0.6322 0.2071 0.0000
vt 0.5947 0.2256 0.0000
vt 0.5582 0.2229 0.0000
vt 0.5217 0.2177 0.0000
vt 0.7089 0.1872 0.0000
vt 0.6718 0.1700 0.0000
vt 0.6328 0.1881 0.0000
vt 0.6142 0.1688 0.0000
vt 0.5568 0.1860 0.0000
vt 0.5188 0.1838 0.0000
vt 0.4991 0.1664 0.0000
vt 0.6714 0.1337 0.0000
vt 0.6336 0.1502 0.0000
vt 0.5961 0.1303 0.0000
vt 0.5575 0.1492 0.0000
vt 0.5195 0.1499 0.0000
vt 0.5018 0.1347 0.0000
vt 0.6863 0.1004 0.0000
vt 0.6335 0.0933 0.0000
vt 0.5971 0.1113 0.0000
vt 0.5625 0.0941 0.0000
vt 0.5238 0.1161 0.0000
vt 0.6991 0.0883 0.0000
vt 0.6661 0.0792 0.0000
vt 0.5994 0.0732 0.0000
vt 0.5827 0.0737 0.0000
vt 0.5660 0.0757 0.0000
vt 0.5155 0.0871 0.0000
vt 0.5492 0.0782 0.0000
vt 0.5422 0.1138 0.0000
vt 0.5055 0.1188 0.0000
vt 0.5323 0.0824 0.0000
vt 0.5803 0.0926 0.0000
vt 0.5269 0.0992 0.0000
vt 0.6161 0.0731 0.0000
vt 0.6154 0.1114 0.0000
vt 0.5448 0.0960 0.0000
vt 0.6494 0.0760 0.0000
vt 0.6511 0.0947 0.0000
vt 0.5980 0.0922 0.0000
vt 0.6328 0.0743 0.0000
vt 0.6336 0.1123 0.0000
vt 0.6158 0.0922 0.0000
vt 0.6825 0.0829 0.0000
vt 0.6701 0.1155 0.0000
vt 0.6688 0.0973 0.0000
vt 0.5091 0.1030 0.0000
vt 0.5005 0.1506 0.0000
vt 0.7065 0.1213 0.0000
vt 0.5788 0.1114 0.0000
vt 0.5766 0.1491 0.0000
vt 0.5385 0.1494 0.0000
vt 0.5605 0.1125 0.0000
vt 0.6150 0.1305 0.0000
vt 0.5584 0.1308 0.0000
vt 0.6519 0.1135 0.0000
vt 0.6526 0.1509 0.0000
vt 0.5773 0.1303 0.0000
vt 0.6883 0.1179 0.0000
vt 0.6902 0.1354 0.0000
vt 0.6338 0.1312 0.0000
vt 0.7040 0.1048 0.0000
vt 0.6716 0.1518 0.0000
vt 0.6526 0.1322 0.0000
vt 0.5207 0.1330 0.0000
vt 0.4998 0.1823 0.0000
vt 0.7096 0.1543 0.0000
vt 0.5396 0.1316 0.0000
vt 0.5374 0.1672 0.0000
vt 0.5378 0.1851 0.0000
vt 0.6146 0.1496 0.0000
vt 0.5758 0.1680 0.0000
vt 0.5758 0.1869 0.0000
vt 0.5956 0.1494 0.0000
vt 0.5948 0.1875 0.0000
vt 0.5950 0.1684 0.0000
vt 0.6906 0.1529 0.0000
vt 0.6909 0.1704 0.0000
vt 0.6518 0.1883 0.0000
vt 0.7090 0.1378 0.0000
vt 0.6708 0.1881 0.0000
vt 0.6526 0.1696 0.0000
vt 0.5182 0.1668 0.0000
vt 0.5005 0.1983 0.0000
vt 0.5035 0.2143 0.0000
vt 0.5566 0.1676 0.0000
vt 0.5381 0.2029 0.0000
vt 0.5400 0.2208 0.0000
vt 0.6138 0.1879 0.0000
vt 0.6130 0.2262 0.0000
vt 0.5765 0.2247 0.0000
vt 0.6334 0.1692 0.0000
vt 0.6511 0.2070 0.0000
vt 0.5946 0.2065 0.0000
vt 0.6899 0.1878 0.0000
vt 0.6861 0.2227 0.0000
vt 0.6134 0.2071 0.0000
vt 0.7101 0.1708 0.0000
vt 0.6888 0.2053 0.0000
vt 0.6699 0.2062 0.0000
vt 0.5193 0.2007 0.0000
vt 0.5122 0.2463 0.0000
vt 0.7045 0.2200 0.0000
vt 0.5569 0.2044 0.0000
vt 0.5419 0.2387 0.0000
vt 0.5455 0.2567 0.0000
vt 0.5758 0.2058 0.0000
vt 0.5772 0.2436 0.0000
vt 0.5789 0.2625 0.0000
vt 0.6496 0.2256 0.0000
vt 0.6456 0.2629 0.0000
vt 0.6122 0.2645 0.0000
vt 0.6313 0.2261 0.0000
vt 0.6835 0.2401 0.0000
vt 0.6303 0.2450 0.0000
vt 0.7076 0.2036 0.0000
vt 0.6623 0.2604 0.0000
vt 0.6480 0.2443 0.0000
vt 0.5241 0.2347 0.0000
vt 0.5179 0.2624 0.0000
vt 0.6958 0.2527 0.0000
vt 0.5595 0.2413 0.0000
vt 0.5492 0.2747 0.0000
vt 0.5335 0.2689 0.0000
vt 0.5949 0.2446 0.0000
vt 0.5805 0.2814 0.0000
vt 0.5648 0.2783 0.0000
vt 0.6126 0.2454 0.0000
vt 0.6118 0.2836 0.0000
vt 0.5962 0.2828 0.0000
vt 0.6790 0.2574 0.0000
vt 0.6431 0.2815 0.0000
vt 0.6275 0.2829 0.0000
vt 0.7013 0.2364 0.0000
vt 0.6744 0.2748 0.0000
vt 0.6589 0.2785 0.0000
vt 0.6997 0.2856 0.0000
vt 0.7102 0.2794 0.0000
vt 0.6902 0.2689 0.0000
vt 0.7415 0.2287 0.0000
vt 0.7382 0.2381 0.0000
vt 0.7529 0.1759 0.0000
vt 0.7438 0.1142 0.0000
vt 0.7486 0.1157 0.0000
vt 0.6290 0.3105 0.0000
vt 0.6259 0.3150 0.0000
vt 0.4681 0.1878 0.0000
vt 0.4688 0.1969 0.0000
vt 0.4885 0.2511 0.0000
vt 0.4823 0.2406 0.0000
vt 0.4734 0.2149 0.0000
vt 0.4705 0.2054 0.0000
vt 0.4679 0.1524 0.0000
vt 0.4668 0.1615 0.0000
vt 0.5890 0.3144 0.0000
vt 0.7163 0.2735 0.0000
vt 0.7230 0.2633 0.0000
vt 0.6348 0.0278 0.0000
vt 0.6439 0.0290 0.0000
vt 0.6972 0.0509 0.0000
vt 0.6870 0.0442 0.0000
vt 0.6674 0.0317 0.0000
vt 0.5907 0.0269 0.0000
vt 0.5938 0.0224 0.0000
vt 0.7409 0.1046 0.0000
vt 0.5816 0.0277 0.0000
vt 0.5274 0.0474 0.0000
vt 0.5379 0.0411 0.0000
vt 0.5405 0.2970 0.0000
vt 0.5499 0.3003 0.0000
vt 0.5050 0.2751 0.0000
vt 0.5153 0.2818 0.0000
vt 0.5675 0.3065 0.0000
vt 0.6381 0.3097 0.0000
vt 0.6739 0.2998 0.0000
vt 0.5200 0.0518 0.0000
vt 0.5095 0.0581 0.0000
vt 0.7277 0.2560 0.0000
vt 0.7344 0.2458 0.0000
vt 0.5204 0.0468 0.0000
vt 0.7290 0.2620 0.0000
vt 0.5038 0.2333 0.0000
vt 0.4971 0.2020 0.0000
vt 0.4949 0.1707 0.0000
vt 0.4971 0.1394 0.0000
vt 0.5039 0.1081 0.0000
vt 0.5161 0.0768 0.0000
vt 0.4957 0.1864 0.0000
vt 0.4957 0.1550 0.0000
vt 0.5096 0.2490 0.0000
vt 0.5001 0.2177 0.0000
vt 0.5002 0.1237 0.0000
vt 0.5097 0.0923 0.0000
vt 0.5468 0.8314 0.0000
vt 0.8942 0.7236 0.0000
vt 0.7781 0.9361 0.0000
vt 0.6770 0.9908 0.0000
vt 0.7996 0.8803 0.0000
# 1843 texture coords

o tech_pedestal
g tech_pedestal
usemtl 07___Default
s off
f 1/1/1 2/2/1 3/3/1 
f 4/4/2 5/5/2 6/6/2 
f 7/7/3 8/8/3 9/9/3 
f 10/10/4 11/11/4 12/12/4 
f 13/13/5 14/14/5 15/15/5 
f 16/16/6 17/17/6 18/18/6 
f 19/19/7 7/7/7 20/20/7 
f 21/21/7 22/22/7 23/23/7 
f 24/24/8 25/25/8 26/26/8 
f 19/19/9 27/27/9 28/28/9 
f 29/29/10 30/30/10 31/31/10 
f 32/32/11 33/33/11 34/34/11 
f 35/35/12 36/36/12 37/37/12 
f 35/35/13 38/38/13 39/39/13 
f 40/40/13 41/41/13 42/42/13 
f 43/43/14 44/44/14 45/45/14 
f 46/46/15 45/45/15 44/44/15 
f 42/42/16 47/47/16 48/48/16 
f 49/49/17 12/12/17 11/11/17 
f 6/6/18 50/50/18 51/51/18 
f 52/52/19 53/53/19 54/54/19 
f 55/55/20 56/56/20 57/57/20 
f 58/58/21 59/59/21 60/60/21 
f 51/51/22 61/61/22 58/58/22 
f 62/62/23 63/63/23 64/64/23 
f 65/65/1 66/66/1 67/67/1 
f 68/68/17 69/69/17 70/70/17 
f 71/71/24 72/72/24 73/73/24 
f 74/74/25 75/75/25 76/76/25 
f 77/77/26 78/78/26 79/79/26 
f 80/80/27 76/76/27 81/81/27 
f 82/82/28 83/83/28 78/78/28 
f 84/84/29 81/81/29 85/85/29 
f 86/86/30 87/87/30 83/83/30 
f 88/88/31 85/85/31 89/89/31 
f 90/90/32 91/91/32 87/87/32 
f 92/92/33 93/93/33 94/94/33 
f 95/95/34 89/89/34 96/96/34 
f 97/97/35 98/98/35 91/91/35 
f 99/99/36 100/100/36 93/93/36 
f 101/101/37 96/96/37 102/102/37 
f 103/103/38 104/104/38 98/98/38 
f 105/105/39 106/106/39 100/100/39 
f 107/107/40 102/102/40 108/108/40 
f 109/109/41 110/110/41 104/104/41 
f 111/111/42 112/112/42 106/106/42 
f 113/113/43 108/108/43 114/114/43 
f 115/115/44 116/116/44 110/110/44 
f 117/117/45 118/118/45 112/112/45 
f 119/119/46 114/114/46 120/120/46 
f 121/121/47 94/94/47 116/116/47 
f 122/122/48 123/123/48 118/118/48 
f 124/124/49 120/120/49 125/125/49 
f 126/126/50 127/127/50 123/123/50 
f 128/128/51 125/125/51 129/129/51 
f 130/130/52 131/131/52 127/127/52 
f 132/132/53 129/129/53 133/133/53 
f 134/134/54 135/135/54 131/131/54 
f 136/136/55 133/133/55 137/137/55 
f 138/138/56 139/139/56 140/140/56 
f 141/141/57 142/142/57 143/143/57 
f 144/144/58 145/145/58 146/146/58 
f 147/147/59 148/148/59 142/142/59 
f 149/149/60 150/150/60 151/151/60 
f 152/152/61 153/153/61 154/154/61 
f 155/155/62 156/156/62 150/150/62 
f 157/157/63 32/32/63 34/34/63 
f 158/158/64 34/34/64 159/159/64 
f 160/160/65 161/161/65 162/162/65 
f 163/163/66 164/164/66 156/156/66 
f 165/165/67 166/166/67 167/167/67 
f 168/168/68 169/169/68 164/164/68 
f 170/170/69 171/171/69 166/166/69 
f 172/172/70 162/162/70 148/148/70 
f 173/173/71 174/174/71 16/16/71 
f 175/175/72 16/16/72 56/56/72 
f 176/176/73 177/177/73 171/171/73 
f 178/178/74 154/154/74 169/169/74 
f 179/179/75 180/180/75 177/177/75 
f 181/181/76 182/182/76 183/183/76 
f 184/184/77 185/185/77 186/186/77 
f 187/187/78 183/183/78 188/188/78 
f 189/189/79 24/24/79 26/26/79 
f 190/190/80 26/26/80 191/191/80 
f 192/192/81 186/186/81 180/180/81 
f 193/193/82 188/188/82 194/194/82 
f 195/195/83 196/196/83 197/197/83 
f 198/198/84 194/194/84 199/199/84 
f 200/200/85 201/201/85 196/196/85 
f 202/202/86 203/203/86 204/204/86 
f 205/205/87 206/206/87 139/139/87 
f 207/207/88 208/208/88 209/209/88 
f 85/85/89 127/210/89 131/211/89 
f 210/212/90 209/209/90 211/213/90 
f 89/89/91 131/211/91 135/214/91 
f 212/215/92 211/213/92 79/216/92 
f 96/96/93 135/214/93 213/217/93 
f 214/218/94 79/216/94 78/219/94 
f 102/102/95 213/217/95 215/220/95 
f 216/221/96 78/219/96 83/222/96 
f 108/108/97 215/220/97 217/223/97 
f 218/224/98 83/222/98 87/225/98 
f 114/114/99 217/223/99 219/226/99 
f 220/227/100 87/225/100 91/228/100 
f 120/120/101 219/226/101 221/229/101 
f 222/230/102 94/231/102 93/232/102 
f 223/233/103 91/228/103 98/234/103 
f 125/125/104 221/229/104 224/235/104 
f 225/236/105 93/232/105 100/237/105 
f 226/238/106 98/234/106 104/239/106 
f 129/129/107 224/235/107 227/240/107 
f 228/241/108 100/237/108 106/242/108 
f 229/243/109 104/239/109 110/244/109 
f 133/133/110 227/240/110 230/245/110 
f 231/246/111 106/242/111 112/247/111 
f 72/72/112 110/244/112 116/248/112 
f 137/137/113 230/245/113 232/249/113 
f 75/75/114 112/247/114 118/250/114 
f 73/73/115 116/248/115 94/231/115 
f 233/251/116 232/249/116 234/252/116 
f 76/76/117 118/250/117 123/253/117 
f 235/254/118 234/252/118 208/208/118 
f 81/81/119 123/253/119 127/210/119 
f 236/255/120 79/79/120 211/256/120 
f 237/257/121 231/246/121 75/75/121 
f 238/258/122 229/243/122 72/72/122 
f 239/259/123 211/256/123 209/260/123 
f 240/261/124 228/241/124 231/246/124 
f 241/262/125 226/238/125 229/243/125 
f 242/263/126 209/260/126 208/264/126 
f 243/265/127 225/236/127 228/241/127 
f 244/266/128 223/233/128 226/238/128 
f 245/267/129 208/264/129 234/268/129 
f 246/269/130 222/230/130 225/236/130 
f 247/270/131 220/227/131 223/233/131 
f 248/271/132 234/268/132 232/272/132 
f 249/273/133 73/73/133 222/230/133 
f 250/274/134 218/224/134 220/227/134 
f 251/275/135 232/272/135 230/276/135 
f 252/277/136 216/221/136 218/224/136 
f 253/278/137 230/276/137 227/279/137 
f 254/280/138 214/218/138 216/221/138 
f 255/281/139 227/279/139 224/282/139 
f 256/283/140 212/215/140 214/218/140 
f 257/284/141 224/282/141 221/285/141 
f 258/286/142 210/212/142 212/215/142 
f 259/287/143 221/285/143 219/288/143 
f 260/289/144 207/207/144 210/212/144 
f 261/290/145 219/288/145 217/291/145 
f 262/292/146 235/254/146 207/207/146 
f 263/293/147 217/291/147 215/294/147 
f 264/295/148 233/251/148 235/254/148 
f 265/296/149 215/294/149 213/297/149 
f 266/298/150 137/137/150 233/251/150 
f 267/299/151 213/297/151 135/135/151 
f 62/62/152 268/300/152 63/63/152 
f 33/33/153 269/301/153 270/302/153 
f 29/29/154 270/302/154 30/30/154 
f 18/18/155 65/303/155 271/304/155 
f 272/305/156 271/304/156 273/306/156 
f 25/25/157 274/307/157 275/308/157 
f 276/309/158 275/308/158 277/310/158 
f 278/311/159 279/312/159 268/300/159 
f 279/312/160 280/313/160 281/314/160 
f 282/315/161 279/316/161 281/317/161 
f 283/318/162 55/319/162 57/320/162 
f 269/301/163 284/321/163 285/322/163 
f 286/323/164 4/4/164 287/324/164 
f 36/36/165 274/325/165 288/326/165 
f 289/327/166 159/159/166 290/328/166 
f 291/329/2 292/330/2 293/331/2 
f 205/205/167 238/332/167 71/333/167 
f 294/334/168 256/335/168 254/336/168 
f 157/157/169 258/337/169 256/335/169 
f 295/338/170 128/339/170 132/340/170 
f 173/173/171 124/341/171 128/339/171 
f 296/342/172 84/343/172 88/344/172 
f 189/189/173 80/345/173 84/343/173 
f 297/346/174 71/333/174 249/347/174 
f 138/138/175 13/348/175 238/332/175 
f 32/32/176 254/336/176 298/349/176 
f 158/158/177 289/327/177 258/337/177 
f 174/174/178 132/340/178 299/350/178 
f 175/175/179 55/55/179 124/341/179 
f 24/24/180 88/344/180 300/351/180 
f 190/190/181 287/352/181 80/345/181 
f 206/206/182 249/347/182 301/353/182 
f 174/174/183 299/350/183 1/354/183 
f 67/67/184 9/9/184 8/8/184 
f 302/355/165 303/356/165 300/357/165 
f 277/358/164 291/329/164 304/359/164 
f 40/40/12 302/355/12 305/360/12 
f 306/361/162 307/362/162 273/363/162 
f 60/60/161 308/364/161 301/365/161 
f 64/366/5 309/367/5 52/52/5 
f 310/368/185 48/48/185 47/47/185 
f 65/303/186 17/17/186 311/369/186 
f 13/348/187 140/140/187 312/370/187 
f 293/331/18 313/371/18 314/372/18 
f 274/307/188 315/373/188 288/374/188 
f 54/54/4 70/70/4 69/69/4 
f 316/375/21 317/376/21 282/315/21 
f 272/305/189 16/16/189 18/18/189 
f 15/15/19 318/377/19 10/10/19 
f 206/206/190 301/353/190 308/378/190 
f 272/305/191 273/306/191 307/379/191 
f 139/139/192 62/62/192 140/140/192 
f 39/39/16 319/380/16 320/381/16 
f 269/382/15 321/383/15 322/384/15 
f 323/385/185 320/381/185 319/380/185 
f 324/386/14 322/384/14 321/383/14 
f 32/32/193 298/349/193 46/387/193 
f 325/388/194 289/389/194 290/390/194 
f 29/29/195 34/34/195 33/33/195 
f 24/24/196 300/351/196 303/391/196 
f 21/21/9 326/392/9 325/388/9 
f 26/26/197 276/309/197 191/191/197 
f 28/28/194 31/393/194 30/394/194 
f 287/352/198 191/191/198 286/395/198 
f 276/309/199 277/310/199 304/396/199 
f 314/372/22 327/397/22 316/375/22 
f 22/22/3 328/398/3 329/399/3 
f 3/3/184 329/399/184 328/398/184 
f 330/400/200 331/401/200 332/402/200 
f 333/403/201 334/404/201 335/405/201 
f 336/406/202 337/407/202 338/408/202 
f 339/409/203 340/410/203 341/411/203 
f 342/412/204 343/413/204 344/414/204 
f 345/415/205 346/416/205 347/417/205 
f 348/418/206 349/419/206 350/420/206 
f 351/421/207 352/422/207 353/423/207 
f 354/424/208 355/425/208 331/401/208 
f 139/139/209 280/313/209 278/311/209 
f 356/426/210 357/427/210 358/428/210 
f 359/429/211 338/408/211 360/430/211 
f 361/431/212 362/432/212 363/433/212 
f 364/434/213 365/435/213 343/413/213 
f 366/436/214 358/428/214 367/437/214 
f 368/438/215 350/420/215 369/439/215 
f 370/440/216 371/441/216 362/432/216 
f 372/442/217 335/405/217 355/425/217 
f 373/443/218 367/437/218 374/444/218 
f 375/445/219 360/430/219 340/410/219 
f 376/446/220 377/447/220 371/441/220 
f 378/448/221 379/449/221 365/435/221 
f 380/450/222 381/451/222 382/452/222 
f 383/453/223 369/439/223 384/454/223 
f 385/455/224 386/456/224 387/457/224 
f 388/458/1 311/459/1 1/1/1 
f 373/460/194 290/390/194 31/393/194 
f 380/461/165 288/326/165 303/356/165 
f 345/462/164 286/323/164 304/359/164 
f 389/463/15 285/464/15 46/46/15 
f 390/465/162 57/320/162 307/362/162 
f 330/466/161 281/317/161 308/364/161 
f 383/467/5 312/468/5 64/366/5 
f 342/469/225 49/49/225 11/11/225 
f 391/470/225 69/69/225 324/386/225 
f 392/471/226 1/1/226 3/3/226 
f 393/472/227 66/66/227 311/459/227 
f 368/473/228 64/366/228 52/52/228 
f 394/474/229 14/14/229 312/468/229 
f 359/475/230 314/372/230 316/375/230 
f 333/403/230 61/476/230 50/477/230 
f 348/478/231 52/52/231 54/54/231 
f 378/479/231 318/377/231 14/14/231 
f 336/480/232 316/375/232 282/315/232 
f 372/442/232 59/481/232 61/476/232 
f 395/482/233 54/54/233 69/69/233 
f 364/483/233 11/11/233 318/377/233 
f 396/484/234 282/315/234 281/317/234 
f 354/485/235 308/364/235 59/59/235 
f 397/486/236 283/318/236 57/320/236 
f 398/487/237 307/362/237 323/385/237 
f 399/488/238 323/385/238 319/380/238 
f 400/489/238 48/48/238 283/318/238 
f 401/490/239 324/386/239 321/383/239 
f 402/491/239 44/44/239 49/49/239 
f 403/492/240 42/42/240 48/48/240 
f 404/493/241 319/380/241 38/38/241 
f 405/494/242 46/46/242 44/44/242 
f 406/495/243 321/383/243 285/464/243 
f 407/496/244 40/40/244 42/42/244 
f 408/497/245 38/38/245 37/37/245 
f 409/498/246 410/499/246 40/40/246 
f 385/500/246 37/37/246 36/36/246 
f 411/501/247 36/36/247 288/326/247 
f 412/502/248 303/356/248 410/499/248 
f 413/503/249 325/388/249 290/390/249 
f 366/504/250 31/393/250 27/27/250 
f 376/505/251 21/21/251 325/388/251 
f 356/506/251 27/27/251 20/20/251 
f 370/507/252 414/508/252 21/21/252 
f 415/509/252 20/20/252 7/7/252 
f 416/510/253 417/511/253 286/323/253 
f 418/512/254 304/359/254 291/329/254 
f 375/513/255 293/331/255 314/372/255 
f 419/514/255 50/477/255 5/515/255 
f 420/516/256 3/3/256 328/398/256 
f 421/517/256 9/9/256 66/66/256 
f 339/518/257 291/329/257 293/331/257 
f 351/519/257 5/5/257 417/511/257 
f 422/520/258 7/7/258 9/9/258 
f 361/521/259 328/398/259 414/508/259 
f 423/522/260 349/419/260 424/523/260 
f 425/524/261 426/525/261 427/526/261 
f 384/454/262 365/435/262 379/449/262 
f 340/410/263 355/425/263 335/405/263 
f 369/439/264 343/413/264 365/435/264 
f 360/430/265 331/401/265 355/425/265 
f 350/420/266 344/414/266 343/413/266 
f 338/408/267 332/402/267 331/401/267 
f 428/527/268 429/528/268 430/529/268 
f 430/529/269 431/530/269 428/527/269 
f 424/523/270 432/531/270 423/522/270 
f 433/532/271 434/533/271 435/534/271 
f 436/535/272 437/536/272 438/537/272 
f 439/538/273 435/534/273 440/539/273 
f 381/451/274 440/539/274 387/457/274 
f 387/457/275 382/452/275 381/451/275 
f 371/441/276 374/444/276 367/437/276 
f 362/432/277 367/437/277 358/428/277 
f 363/433/278 358/428/278 357/427/278 
f 353/423/279 347/417/279 346/416/279 
f 341/411/280 335/405/280 334/404/280 
f 441/540/281 442/541/281 426/525/281 
f 346/416/282 334/404/282 353/423/282 
f 357/427/283 443/542/283 363/433/283 
f 392/543/284 443/542/284 441/540/284 
f 400/544/285 444/545/285 428/527/285 
f 422/546/286 426/525/286 442/541/286 
f 390/547/287 430/529/287 429/528/287 
f 418/548/288 341/411/288 346/416/288 
f 398/549/289 434/533/289 430/529/289 
f 393/550/290 425/524/290 427/526/290 
f 419/514/291 353/423/291 334/404/291 
f 403/551/292 428/527/292 431/530/292 
f 413/552/293 374/444/293 377/447/293 
f 415/553/294 442/541/294 357/427/294 
f 391/554/295 437/536/295 424/523/295 
f 411/555/296 382/452/296 386/456/296 
f 420/556/297 363/433/297 443/542/297 
f 405/557/298 423/522/298 432/531/298 
f 416/558/299 347/417/299 352/422/299 
f 407/559/300 431/530/300 433/532/300 
f 406/560/301 436/535/301 438/537/301 
f 399/561/302 435/534/302 434/533/302 
f 397/562/303 429/528/303 444/545/303 
f 389/563/304 432/531/304 436/535/304 
f 396/564/305 332/402/305 337/407/305 
f 401/565/306 438/537/306 437/536/306 
f 394/566/307 384/454/307 379/449/307 
f 409/567/308 433/532/308 439/538/308 
f 402/568/309 344/414/309 423/522/309 
f 404/569/310 440/539/310 435/534/310 
f 395/570/311 424/523/311 349/419/311 
f 412/571/312 439/538/312 381/451/312 
f 388/572/313 441/540/313 425/524/313 
f 408/573/314 387/457/314 440/539/314 
f 421/574/315 427/526/315 426/525/315 
f 445/575/316 13/13/316 15/15/316 
f 446/576/317 15/15/317 10/10/317 
f 447/577/318 10/10/318 12/12/318 
f 448/578/319 12/12/319 43/43/319 
f 449/579/320 43/43/320 45/45/320 
f 450/580/321 45/45/321 298/581/321 
f 451/582/322 289/389/322 326/392/322 
f 452/583/323 326/392/323 23/23/323 
f 453/584/324 23/23/324 22/22/324 
f 454/585/325 22/22/325 329/399/325 
f 455/586/326 329/399/326 2/2/326 
f 456/587/327 2/2/327 299/588/327 
f 457/589/328 55/319/328 310/368/328 
f 198/590/329 310/368/329 47/47/329 
f 193/591/330 47/47/330 41/41/330 
f 187/592/331 41/41/331 305/360/331 
f 181/593/332 305/360/332 302/355/332 
f 458/594/333 302/355/333 300/357/333 
f 459/595/334 287/324/334 4/4/334 
f 460/596/335 4/4/335 6/6/335 
f 461/597/336 6/6/336 51/51/336 
f 462/598/337 51/51/337 58/58/337 
f 463/599/338 58/58/338 60/60/338 
f 464/600/339 60/60/339 301/365/339 
f 144/601/340 241/602/340 238/603/340 
f 465/604/317 244/605/317 241/602/317 
f 466/606/318 247/607/318 244/605/318 
f 467/608/319 250/609/319 247/607/319 
f 468/610/320 252/611/320 250/609/320 
f 469/612/341 254/613/341 252/611/341 
f 470/614/342 260/615/342 258/616/342 
f 471/617/323 262/618/323 260/615/323 
f 472/619/324 264/620/324 262/618/324 
f 473/621/325 266/622/325 264/620/325 
f 474/623/326 136/624/326 266/622/326 
f 475/625/343 132/626/343 136/624/343 
f 476/627/344 119/628/344 124/629/344 
f 477/630/329 113/631/329 119/628/329 
f 202/632/330 107/633/330 113/631/330 
f 478/634/331 101/635/331 107/633/331 
f 479/636/332 95/637/332 101/635/332 
f 480/638/345 88/639/345 95/637/345 
f 481/640/346 74/641/346 80/642/346 
f 160/643/335 237/644/335 74/641/335 
f 172/645/336 240/646/336 237/644/336 
f 147/647/337 243/648/337 240/646/337 
f 141/649/338 246/650/338 243/648/338 
f 482/651/347 249/652/347 246/650/347 
f 483/653/348 238/603/348 13/13/348 
f 484/654/349 298/581/349 254/613/349 
f 485/655/350 258/616/350 289/389/350 
f 486/656/351 299/588/351 132/626/351 
f 487/657/352 124/629/352 55/319/352 
f 488/658/353 300/357/353 88/639/353 
f 489/659/354 80/642/354 287/324/354 
f 490/660/355 301/365/355 249/652/355 
f 483/661/356 491/662/356 145/145/356 
f 445/663/357 492/664/357 491/662/357 
f 446/665/358 493/666/358 492/664/358 
f 447/667/359 494/668/359 493/666/359 
f 448/669/360 495/670/360 494/668/360 
f 449/671/361 496/672/361 495/670/361 
f 485/673/362 497/674/362 498/675/362 
f 451/676/363 499/677/363 497/674/363 
f 452/678/364 500/679/364 499/677/364 
f 453/680/365 501/681/365 500/679/365 
f 475/682/366 502/683/366 503/684/366 
f 486/685/367 503/684/367 504/686/367 
f 477/687/368 505/688/368 203/203/368 
f 457/689/369 199/199/369 506/690/369 
f 478/691/370 204/204/370 507/692/370 
f 479/693/371 507/692/371 508/694/371 
f 480/695/372 508/694/372 509/696/372 
f 488/697/373 509/696/373 510/698/373 
f 489/699/374 511/700/374 512/701/374 
f 459/702/375 513/703/375 511/700/375 
f 460/704/376 514/705/376 513/703/376 
f 461/706/377 515/707/377 514/705/377 
f 462/708/378 516/709/378 515/707/378 
f 463/710/379 517/711/379 516/709/379 
f 450/712/380 518/713/380 496/672/380 
f 482/714/381 143/143/381 519/715/381 
f 470/716/382 498/675/382 520/717/382 
f 490/718/383 519/715/383 521/719/383 
f 456/720/384 504/686/384 522/721/384 
f 466/722/385 523/723/385 524/724/385 
f 476/725/386 525/726/386 505/688/386 
f 526/727/387 527/728/387 528/729/387 
f 458/730/388 510/698/388 182/182/388 
f 529/731/389 528/729/389 530/732/389 
f 465/733/390 146/146/390 523/723/390 
f 481/734/391 512/701/391 161/161/391 
f 531/735/392 530/732/392 532/736/392 
f 533/737/393 534/738/393 535/739/393 
f 464/740/394 521/719/394 517/711/394 
f 536/741/395 532/736/395 537/742/395 
f 467/743/396 524/724/396 538/744/396 
f 539/745/397 540/746/397 541/747/397 
f 468/748/398 538/744/398 542/749/398 
f 472/750/399 543/751/399 544/752/399 
f 469/753/400 542/749/400 545/754/400 
f 546/755/401 541/747/401 547/756/401 
f 484/757/402 545/754/402 518/713/402 
f 548/758/403 547/756/403 201/201/403 
f 471/759/404 520/717/404 543/751/404 
f 454/760/405 549/761/405 501/681/405 
f 550/762/406 551/763/406 540/746/406 
f 455/764/407 522/721/407 549/761/407 
f 473/765/408 544/752/408 552/766/408 
f 487/767/409 506/690/409 525/726/409 
f 474/768/410 552/766/410 502/683/410 
f 553/769/411 92/92/411 121/121/411 
f 554/770/411 121/121/411 115/115/411 
f 555/771/411 115/115/411 109/109/411 
f 556/772/411 109/109/411 103/103/411 
f 557/773/411 103/103/411 97/97/411 
f 558/774/411 97/97/411 90/90/411 
f 559/775/411 90/90/411 86/86/411 
f 560/776/411 86/86/411 82/82/411 
f 561/777/411 82/82/411 77/77/411 
f 562/778/411 77/77/411 236/255/411 
f 563/779/411 236/255/411 239/259/411 
f 564/780/412 239/259/412 242/263/412 
f 565/781/411 242/263/411 245/267/411 
f 566/782/412 245/267/412 248/271/412 
f 567/783/411 248/271/411 251/275/411 
f 568/784/411 251/275/411 253/278/411 
f 569/785/412 253/278/412 255/281/412 
f 570/786/411 255/281/411 257/284/411 
f 571/787/412 257/284/412 259/287/412 
f 572/788/411 259/287/411 261/290/411 
f 573/789/411 261/290/411 263/293/411 
f 574/790/411 263/293/411 265/296/411 
f 575/791/411 265/296/411 267/299/411 
f 576/792/411 267/299/411 134/134/411 
f 577/793/411 134/134/411 130/130/411 
f 578/794/411 130/130/411 126/126/411 
f 579/795/412 126/126/412 122/122/412 
f 580/796/411 122/122/411 117/117/411 
f 581/797/411 117/117/411 111/111/411 
f 582/798/411 111/111/411 105/105/411 
f 583/799/411 105/105/411 99/99/411 
f 584/800/412 99/99/412 92/92/412 
f 561/777/413 585/801/413 586/802/413 
f 586/802/414 560/776/414 561/777/414 
f 587/803/415 559/775/415 560/776/415 
f 588/804/416 558/774/416 559/775/416 
f 589/805/417 557/773/417 558/774/417 
f 590/806/418 583/799/418 584/800/418 
f 591/807/419 556/772/419 557/773/419 
f 592/808/420 582/798/420 583/799/420 
f 593/809/421 555/771/421 556/772/421 
f 594/810/422 581/797/422 582/798/422 
f 595/811/423 554/770/423 555/771/423 
f 596/812/424 580/796/424 581/797/424 
f 597/813/425 553/769/425 554/770/425 
f 598/814/426 579/795/426 580/796/426 
f 599/815/427 578/794/427 579/795/427 
f 600/816/428 577/793/428 578/794/428 
f 601/817/429 576/792/429 577/793/429 
f 602/818/430 575/791/430 576/792/430 
f 562/778/431 603/819/431 585/801/431 
f 563/779/432 604/820/432 603/819/432 
f 564/780/433 605/821/433 604/820/433 
f 565/781/434 606/822/434 605/821/434 
f 566/782/435 607/823/435 606/822/435 
f 567/783/436 608/824/436 607/823/436 
f 568/784/437 609/825/437 608/824/437 
f 569/785/438 610/826/438 609/825/438 
f 570/786/439 611/827/439 610/826/439 
f 571/787/440 612/828/440 611/827/440 
f 572/788/441 613/829/441 612/828/441 
f 573/789/442 614/830/442 613/829/442 
f 615/831/443 574/790/443 575/791/443 
f 64/64/444 140/140/444 62/62/444 
f 308/378/445 280/313/445 206/206/445 
f 307/379/446 56/56/446 272/305/446 
f 46/387/447 284/321/447 32/32/447 
f 304/396/448 191/191/448 276/309/448 
f 303/391/449 315/373/449 24/24/449 
f 31/31/450 159/159/450 29/29/450 
f 1/354/451 17/17/451 174/174/451 
f 616/832/452 597/833/452 617/834/452 
f 597/833/452 595/835/452 617/834/452 
f 595/835/453 593/836/453 617/834/453 
f 593/836/452 591/837/452 617/834/452 
f 591/837/452 589/838/452 617/834/452 
f 589/838/452 588/839/452 617/834/452 
f 588/839/452 587/840/452 617/834/452 
f 587/840/411 586/841/411 617/834/411 
f 586/841/411 585/842/411 617/834/411 
f 585/842/411 603/843/411 617/834/411 
f 603/843/411 604/844/411 617/834/411 
f 604/844/411 605/845/411 617/834/411 
f 605/845/411 606/846/411 617/834/411 
f 606/846/411 607/847/411 617/834/411 
f 607/847/411 608/848/411 617/834/411 
f 608/848/411 609/849/411 617/834/411 
f 609/849/412 610/850/412 617/834/412 
f 610/850/411 611/851/411 617/834/411 
f 611/851/411 612/852/411 617/834/411 
f 612/852/411 613/853/411 617/834/411 
f 613/853/411 614/854/411 617/834/411 
f 614/854/412 615/855/412 617/834/412 
f 615/855/412 602/856/412 617/834/412 
f 602/856/453 601/857/453 617/834/453 
f 601/857/453 600/858/453 617/834/453 
f 600/858/453 599/859/453 617/834/453 
f 599/859/452 598/860/452 617/834/452 
f 598/860/453 596/861/453 617/834/453 
f 596/861/452 594/862/452 617/834/452 
f 594/862/452 592/863/452 617/834/452 
f 592/863/452 590/864/452 617/834/452 
f 590/864/452 616/832/452 617/834/452 
f 535/739/454 618/865/454 619/866/454 
f 619/866/455 145/145/455 491/662/455 
f 527/728/456 619/866/456 620/867/456 
f 620/867/457 491/662/457 492/664/457 
f 528/729/458 620/867/458 621/868/458 
f 621/868/459 492/664/459 493/666/459 
f 530/732/460 621/868/460 622/869/460 
f 622/869/461 493/666/461 494/668/461 
f 532/736/462 622/869/462 623/870/462 
f 623/870/463 494/668/463 495/670/463 
f 537/742/464 623/870/464 624/871/464 
f 624/871/465 495/670/465 496/672/465 
f 540/746/466 625/872/466 626/873/466 
f 626/873/467 498/675/467 497/674/467 
f 541/747/468 626/873/468 627/874/468 
f 627/874/469 497/674/469 499/677/469 
f 547/756/470 627/874/470 628/875/470 
f 628/875/471 499/677/471 500/679/471 
f 201/201/472 628/875/472 629/876/472 
f 629/876/473 500/679/473 501/681/473 
f 196/196/474 629/876/474 630/877/474 
f 630/877/475 501/681/475 549/761/475 
f 197/197/476 630/877/476 631/878/476 
f 631/878/477 549/761/477 522/721/477 
f 186/186/478 632/879/478 633/880/478 
f 633/880/479 525/726/479 506/690/479 
f 180/180/480 633/880/480 634/881/480 
f 634/881/481 506/690/481 199/199/481 
f 177/177/482 634/881/482 635/882/482 
f 635/882/483 199/199/483 194/194/483 
f 171/171/484 635/882/484 636/883/484 
f 636/883/485 194/194/485 188/188/485 
f 166/166/486 636/883/486 637/884/486 
f 637/884/487 188/188/487 183/183/487 
f 167/167/488 637/884/488 638/885/488 
f 638/885/489 183/183/489 182/182/489 
f 154/154/490 639/886/490 640/887/490 
f 640/887/491 512/701/491 511/700/491 
f 169/169/492 640/887/492 641/888/492 
f 641/888/493 511/700/493 513/703/493 
f 164/164/494 641/888/494 642/889/494 
f 642/889/495 513/703/495 514/705/495 
f 156/156/496 642/889/496 643/890/496 
f 643/890/497 514/705/497 515/707/497 
f 150/150/498 643/890/498 644/891/498 
f 644/891/499 515/707/499 516/709/499 
f 151/151/500 644/891/500 645/892/500 
f 645/892/501 516/709/501 517/711/501 
f 523/723/502 646/893/502 647/894/502 
f 647/894/503 648/895/503 533/737/503 
f 524/724/504 647/894/504 649/896/504 
f 649/896/505 533/737/505 650/897/505 
f 538/744/506 649/896/506 651/898/506 
f 651/898/507 650/897/507 526/727/507 
f 542/749/508 651/898/508 652/899/508 
f 652/899/509 526/727/509 529/731/509 
f 545/754/510 652/899/510 653/900/510 
f 653/900/511 529/731/511 531/735/511 
f 518/713/512 653/900/512 654/901/512 
f 654/901/513 531/735/513 536/741/513 
f 543/751/514 655/902/514 656/903/514 
f 656/903/515 657/904/515 550/762/515 
f 544/752/516 656/903/516 658/905/516 
f 658/905/517 550/762/517 539/745/517 
f 552/766/518 658/905/518 659/906/518 
f 659/906/519 539/745/519 546/755/519 
f 502/683/520 659/906/520 660/907/520 
f 660/907/521 546/755/521 548/758/521 
f 503/684/522 660/907/522 661/908/522 
f 661/908/523 548/758/523 200/200/523 
f 504/686/524 661/908/524 662/909/524 
f 662/909/525 200/200/525 195/195/525 
f 203/203/526 663/910/526 664/911/526 
f 664/911/527 665/912/527 184/184/527 
f 204/204/528 664/911/528 666/913/528 
f 666/913/529 184/184/529 192/192/529 
f 507/692/530 666/913/530 667/914/530 
f 667/914/531 192/192/531 179/179/531 
f 508/694/532 667/914/532 668/915/532 
f 668/915/533 179/179/533 176/176/533 
f 509/696/534 668/915/534 669/916/534 
f 669/916/535 176/176/535 170/170/535 
f 510/698/536 669/916/536 670/917/536 
f 670/917/537 170/170/537 165/165/537 
f 162/162/538 671/918/538 672/919/538 
f 672/919/539 673/920/539 152/152/539 
f 148/148/540 672/919/540 674/921/540 
f 674/921/541 152/152/541 178/178/541 
f 142/142/542 674/921/542 675/922/542 
f 675/922/543 178/178/543 168/168/543 
f 143/143/544 675/922/544 676/923/544 
f 676/923/545 168/168/545 163/163/545 
f 519/715/546 676/923/546 677/924/546 
f 677/924/547 163/163/547 155/155/547 
f 521/719/548 677/924/548 678/925/548 
f 678/925/549 155/155/549 149/149/549 
f 534/738/550 646/893/550 618/865/550 
f 618/865/551 146/146/551 145/145/551 
f 496/672/552 654/901/552 624/871/552 
f 624/871/553 536/741/553 537/742/553 
f 551/763/554 655/902/554 625/872/554 
f 625/872/555 520/717/555 498/675/555 
f 522/721/556 662/909/556 631/878/556 
f 631/878/557 195/195/557 197/197/557 
f 185/185/558 663/910/558 632/879/558 
f 632/879/559 505/688/559 525/726/559 
f 182/182/560 670/917/560 638/885/560 
f 638/885/561 165/165/561 167/167/561 
f 153/153/562 671/918/562 639/886/562 
f 639/886/563 161/161/563 512/701/563 
f 517/711/564 678/925/564 645/892/564 
f 645/892/565 149/149/565 151/151/565 
f 650/897/566 535/739/566 527/728/566 
f 616/926/567 584/800/567 553/769/567 
f 679/927/412 680/928/412 681/929/412 
f 682/930/411 683/931/411 684/932/411 
f 685/933/452 686/934/452 687/935/452 
f 688/936/453 689/937/453 690/938/453 
f 691/939/453 692/940/453 693/941/453 
f 694/942/453 691/939/453 695/943/453 
f 696/944/452 697/945/452 698/946/452 
f 699/947/452 696/944/452 698/946/452 
f 700/948/453 701/949/453 702/950/453 
f 703/951/411 704/952/411 705/953/411 
f 706/954/453 707/955/453 708/956/453 
f 709/957/452 710/958/452 711/959/452 
f 712/960/452 713/961/452 714/962/452 
f 715/963/452 716/964/452 717/965/452 
f 718/966/452 719/967/452 720/968/452 
f 721/969/452 722/970/452 723/971/452 
f 724/972/411 725/973/411 726/974/411 
f 727/975/412 728/976/412 729/977/412 
f 730/978/453 731/979/453 732/980/453 
f 731/979/453 733/981/453 734/982/453 
f 735/983/411 684/932/411 736/984/411 
f 737/985/412 738/986/412 739/987/412 
f 740/988/411 741/989/411 742/990/411 
f 743/991/411 742/990/411 744/992/411 
f 745/993/412 705/953/412 746/994/412 
f 747/995/412 748/996/412 749/997/412 
f 750/998/453 751/999/453 752/1000/453 
f 753/1001/411 754/1002/411 755/1003/411 
f 756/1004/411 757/1005/411 758/1006/411 
f 759/1007/412 760/1008/412 761/1009/412 
f 762/1010/412 761/1009/412 763/1011/412 
f 764/1012/412 765/1013/412 766/1014/412 
f 767/1015/412 729/977/412 768/1016/412 
f 733/981/412 768/1016/412 734/982/412 
f 769/1017/453 732/980/453 770/1018/453 
f 692/940/453 771/1019/453 693/941/453 
f 772/1020/411 773/1021/411 774/1022/411 
f 775/1023/412 776/1024/412 777/1025/412 
f 778/1026/411 779/1027/411 780/1028/411 
f 781/1029/411 782/1030/411 783/1031/411 
f 784/1032/411 785/1033/411 786/1034/411 
f 787/1035/411 788/1036/411 789/1037/411 
f 790/1038/412 791/1039/412 792/1040/412 
f 793/1041/411 794/1042/411 795/1043/411 
f 796/1044/412 797/1045/412 798/1046/412 
f 799/1047/412 800/1048/412 801/1049/412 
f 802/1050/412 803/1051/412 804/1052/412 
f 805/1053/411 806/1054/411 807/1055/411 
f 808/1056/412 809/1057/412 810/1058/412 
f 811/1059/412 812/1060/412 813/1061/412 
f 814/1062/412 815/1063/412 816/1064/412 
f 817/1065/412 818/1066/412 819/1067/412 
f 820/1068/411 821/1069/411 822/1070/411 
f 823/1071/412 824/1072/412 825/1073/412 
f 826/1074/411 827/1075/411 828/1076/411 
f 829/1077/411 830/1078/411 831/1079/411 
f 832/1080/411 833/1081/411 834/1082/411 
f 835/1083/411 836/1084/411 837/1085/411 
f 838/1086/411 839/1087/411 840/1088/411 
f 841/1089/411 842/1090/411 843/1091/411 
f 844/1092/411 845/1093/411 846/1094/411 
f 847/1095/411 848/1096/411 849/1097/411 
f 850/1098/411 851/1099/411 852/1100/411 
f 853/1101/411 854/1102/411 855/1103/411 
f 856/1104/411 857/1105/411 858/1106/411 
f 859/1107/412 860/1108/412 861/1109/412 
f 862/1110/412 863/1111/412 864/1112/412 
f 865/1113/411 866/1114/411 867/1115/411 
f 868/1116/412 869/1117/412 870/1118/412 
f 871/1119/411 872/1120/411 873/1121/411 
f 874/1122/411 875/1123/411 876/1124/411 
f 877/1125/411 878/1126/411 879/1127/411 
f 880/1128/411 881/1129/411 882/1130/411 
f 883/1131/411 884/1132/411 885/1133/411 
f 886/1134/411 887/1135/411 888/1136/411 
f 889/1137/412 890/1138/412 891/1139/412 
f 892/1140/412 893/1141/412 894/1142/412 
f 895/1143/411 896/1144/411 897/1145/411 
f 898/1146/412 899/1147/412 900/1148/412 
f 901/1149/412 902/1150/412 903/1151/412 
f 904/1152/411 905/1153/411 906/1154/411 
f 907/1155/411 908/1156/411 909/1157/411 
f 910/1158/412 911/1159/412 912/1160/412 
f 913/1161/412 914/1162/412 915/1163/412 
f 916/1164/411 917/1165/411 918/1166/411 
f 919/1167/411 920/1168/411 921/1169/411 
f 922/1170/412 923/1171/412 924/1172/412 
f 925/1173/412 926/1174/412 927/1175/412 
f 928/1176/411 929/1177/411 930/1178/411 
f 931/1179/411 932/1180/411 933/1181/411 
f 934/1182/412 935/1183/412 936/1184/412 
f 937/1185/412 938/1186/412 939/1187/412 
f 940/1188/411 941/1189/411 942/1190/411 
f 943/1191/412 944/1192/412 945/1193/412 
f 946/1194/411 947/1195/411 948/1196/411 
f 949/1197/411 950/1198/411 951/1199/411 
f 952/1200/411 953/1201/411 954/1202/411 
f 955/1203/411 956/1204/411 957/1205/411 
f 958/1206/411 959/1207/411 960/1208/411 
f 961/1209/412 962/1210/412 963/1211/412 
f 964/1212/412 965/1213/412 966/1214/412 
f 967/1215/411 968/1216/411 969/1217/411 
f 970/1218/411 971/1219/411 972/1220/411 
f 973/1221/411 974/1222/411 975/1223/411 
f 976/1224/412 977/1225/412 765/1013/412 
f 978/1226/411 979/1227/411 980/1228/411 
f 981/1229/412 982/1230/412 983/1231/412 
f 984/1232/412 985/1233/412 986/1234/412 
f 987/1235/412 988/1236/412 989/1237/412 
f 990/1238/411 991/1239/411 992/1240/411 
f 993/1241/411 994/1242/411 995/1243/411 
f 996/1244/411 997/1245/411 998/1246/411 
f 999/1247/412 1000/1248/412 1001/1249/412 
f 1002/1250/412 1003/1251/412 1004/1252/412 
f 1005/1253/412 1006/1254/412 1007/1255/412 
f 1008/1256/411 1009/1257/411 1010/1258/411 
f 1011/1259/411 1012/1260/411 1013/1261/411 
f 1014/1262/411 1015/1263/411 1016/1264/411 
f 1017/1265/411 1018/1266/411 1019/1267/411 
f 1020/1268/411 1021/1269/411 1022/1270/411 
f 1023/1271/411 1024/1272/411 1025/1273/411 
f 1026/1274/412 1027/1275/412 1028/1276/412 
f 1029/1277/411 1030/1278/411 1031/1279/411 
f 1032/1280/411 1033/1281/411 1034/1282/411 
f 1035/1283/411 1036/1284/411 1037/1285/411 
f 1038/1286/411 1039/1287/411 1040/1288/411 
f 1041/1289/412 1042/1290/412 1043/1291/412 
f 1044/1292/412 1045/1293/412 1046/1294/412 
f 1047/1295/412 1048/1296/412 1049/1297/412 
f 1050/1298/412 1051/1299/412 1052/1300/412 
f 1053/1301/411 1054/1302/411 1055/1303/411 
f 1056/1304/411 1057/1305/411 1058/1306/411 
f 1059/1307/411 1060/1308/411 1061/1309/411 
f 1062/1310/412 1063/1311/412 1064/1312/412 
f 1065/1313/411 1066/1314/411 1067/1315/411 
f 1068/1316/412 1069/1317/412 1070/1318/412 
f 1071/1319/412 1072/1320/412 1073/1321/412 
f 1074/1322/412 1075/1323/412 1076/1324/412 
f 1077/1325/411 1078/1326/411 1079/1327/411 
f 1080/1328/411 1081/1329/411 1082/1330/411 
f 1083/1331/411 1084/1332/411 1085/1333/411 
f 1086/1334/411 1087/1335/411 1088/1336/411 
f 1089/1337/411 1090/1338/411 1091/1339/411 
f 1092/1340/412 1093/1341/412 1094/1342/412 
f 1095/1343/452 1096/1344/452 1097/1345/452 
f 1098/1346/411 1099/1347/411 1100/1348/411 
f 1101/1349/411 1102/1350/411 1103/1351/411 
f 1104/1352/411 1105/1353/411 1106/1354/411 
f 1107/1355/412 1108/1356/412 1109/1357/412 
f 1110/1358/411 1111/1359/411 1112/1360/411 
f 1113/1361/412 1114/1362/412 1115/1363/412 
f 1116/1364/412 1117/1365/412 1118/1366/412 
f 1119/1367/412 1120/1368/412 1121/1369/412 
f 1122/1370/411 1123/1371/411 1124/1372/411 
f 1125/1373/411 1126/1374/411 1127/1375/411 
f 1128/1376/411 1129/1377/411 1130/1378/411 
f 1131/1379/412 1132/1380/412 1133/1381/412 
f 1134/1382/412 1135/1383/412 1136/1384/412 
f 1137/1385/411 1138/1386/411 1139/1387/411 
f 1140/1388/411 1141/1389/411 1142/1390/411 
f 1143/1391/411 1144/1392/411 1145/1393/411 
f 1146/1394/411 1147/1395/411 1148/1396/411 
f 1149/1397/452 1150/1398/452 1151/1399/452 
f 1152/1400/453 1153/1401/453 1154/1402/453 
f 1155/1403/411 1156/1404/411 1157/1405/411 
f 1158/1406/411 1159/1407/411 1160/1408/411 
f 1161/1409/452 1162/1410/452 1163/1411/452 
f 1164/1412/411 1165/1413/411 1166/1414/411 
f 1167/1415/412 1168/1416/412 1169/1417/412 
f 1170/1418/412 1171/1419/412 1172/1420/412 
f 1173/1421/412 1174/1422/412 1175/1423/412 
f 1176/1424/412 1177/1425/412 1178/1426/412 
f 1179/1427/412 1180/1428/412 1181/1429/412 
f 1182/1430/412 1183/1431/412 1184/1432/412 
f 1185/1433/412 1186/1434/412 1187/1435/412 
f 1188/1436/412 1189/1437/412 1190/1438/412 
f 1191/1439/412 1192/1440/412 1193/1441/412 
f 1194/1442/453 1195/1443/453 1196/1444/453 
f 1197/1445/411 1198/1446/411 1199/1447/411 
f 1200/1448/411 1201/1449/411 1202/1450/411 
f 1203/1451/411 1204/1452/411 1205/1453/411 
f 1206/1454/453 1207/1455/453 1208/1456/453 
f 1209/1457/453 770/1018/453 1210/1458/453 
f 1211/1459/453 807/1055/453 1212/1460/453 
f 1213/1461/412 992/1240/412 1214/1462/412 
f 728/976/412 1215/1463/412 1216/1464/412 
f 1217/1465/452 694/942/452 695/943/452 
f 1218/1466/452 1219/1467/452 1220/1468/452 
f 1221/1469/452 714/962/452 716/964/452 
f 1222/1470/452 717/965/452 1223/1471/452 
f 1224/1472/411 1225/1473/411 1226/1474/411 
f 697/945/452 1227/1475/452 1228/1476/452 
f 1229/1477/453 1193/1441/453 1230/1478/453 
f 1231/1479/452 1208/1456/452 1232/1480/452 
f 1233/1481/412 746/994/412 1234/1482/412 
f 1235/1483/411 861/1109/411 1236/1484/411 
f 1237/1485/412 1238/1486/412 1239/1487/412 
f 748/996/412 1233/1481/412 1234/1482/412 
f 1240/1488/412 1241/1489/412 1242/1490/412 
f 704/952/411 743/991/411 744/992/411 
f 1243/1491/411 1244/1492/411 1245/1493/411 
f 1246/1494/412 749/997/412 760/1008/412 
f 1247/1495/452 1248/1496/452 1249/1497/452 
f 1250/1498/452 1251/1499/452 1252/1500/452 
f 1253/1501/412 1085/1333/412 1254/1502/412 
f 1255/1503/453 1100/1348/453 1256/1504/453 
f 1257/1505/412 939/1187/412 1258/1506/412 
f 1215/1463/412 763/1011/412 1216/1464/412 
f 1259/1507/412 1031/1279/412 1260/1508/412 
f 1261/1509/411 1262/1510/411 1263/1511/411 
f 1264/1512/411 1265/1513/411 741/989/411 
f 1266/1514/411 1267/1515/411 683/931/411 
f 1268/1516/411 1269/1517/411 1267/1515/411 
f 1270/1518/411 723/971/411 1271/1519/411 
f 1272/1520/452 1223/1471/452 722/970/452 
f 1273/1521/452 1274/1522/452 1275/1523/452 
f 1276/1524/411 1277/1525/411 1278/1526/411 
f 1279/1527/452 1280/1528/452 1281/1529/452 
f 1282/1530/452 1283/1531/452 1284/1532/452 
f 1285/1533/452 1286/1534/452 1287/1535/452 
f 1288/1536/411 1289/1537/411 1290/1538/411 
f 1291/1539/411 1292/1540/411 1293/1541/411 
f 1294/1542/411 1295/1543/411 1296/1544/411 
f 1297/1545/452 711/959/452 713/961/452 
f 1298/1546/452 699/947/452 710/958/452 
f 1299/1547/452 1300/1548/452 1301/1549/452 
f 1227/1475/453 1217/1465/453 1228/1476/453 
f 1302/1550/452 1303/1551/452 1304/1552/452 
f 1305/1553/453 1306/1554/453 1307/1555/453 
f 1308/1556/453 1309/1557/453 1310/1558/453 
f 1311/1559/453 1312/1560/453 1313/1561/453 
f 1314/1562/453 1315/1563/453 1316/1564/453 
f 1317/1565/411 1318/1566/411 1319/1567/411 
f 1320/1568/453 1154/1402/453 1321/1569/453 
f 1322/1570/453 1139/1387/453 1323/1571/453 
f 1324/1572/411 1271/1519/411 1269/1517/411 
f 1325/1573/411 1326/1574/411 1327/1575/411 
f 1265/1513/411 735/983/411 736/984/411 
f 1309/1557/453 1209/1457/453 1210/1458/453 
f 1328/1576/453 1310/1558/453 771/1019/453 
f 1329/927/568 1330/1577/568 1331/1578/568 
f 1332/930/569 1333/1579/569 1334/1580/569 
f 1335/933/570 1336/1581/570 1337/1582/570 
f 1338/936/571 1339/1583/571 1340/1584/571 
f 1341/939/570 1342/1585/570 1343/1586/570 
f 1344/942/570 1345/1587/570 1346/1588/570 
f 1347/944/571 1348/1589/571 1349/1590/571 
f 1350/947/571 1351/1591/571 1352/1592/571 
f 1353/948/570 1346/1588/570 1345/1587/570 
f 1354/951/568 1355/1593/568 1356/1594/568 
f 1357/954/570 1358/1595/570 1359/1596/570 
f 1360/957/571 1361/1597/571 1362/1598/571 
f 1363/960/571 1359/1596/571 1358/1595/571 
f 1364/963/571 1365/1599/571 1366/1600/571 
f 1367/966/571 1368/1601/571 1369/1602/571 
f 1370/969/569 1369/1602/569 1368/1601/569 
f 1371/972/568 1372/1603/568 1373/1604/568 
f 1374/975/568 1375/1605/568 1376/1606/568 
f 1377/978/570 1378/1607/570 1379/1608/570 
f 1380/979/568 1381/1609/568 1382/1610/568 
f 1383/983/569 1384/1611/569 1385/1612/569 
f 1386/985/568 1385/1612/568 1384/1611/568 
f 1387/988/569 1388/1613/569 1389/1614/569 
f 1390/991/569 1391/1615/569 1392/1616/569 
f 1393/993/568 1394/1617/568 1395/1618/568 
f 1396/995/568 1397/1619/568 1398/1620/568 
f 1399/998/571 1400/1621/571 1401/1622/571 
f 1402/1001/569 1403/1623/569 1404/1624/569 
f 1405/1004/569 1406/1625/569 1407/1626/569 
f 1408/1007/568 1409/1627/568 1410/1628/568 
f 1411/1010/568 1412/1629/568 1413/1630/568 
f 1414/1012/570 1415/1631/570 1416/1632/570 
f 1417/1015/568 1418/1633/568 1419/1634/568 
f 1420/981/570 1421/1635/570 1422/1636/570 
f 1423/1017/570 1424/1637/570 1425/1638/570 
f 1426/940/570 1340/1584/570 1339/1583/570 
f 1427/1020/571 1428/1639/571 1429/1389/571 
f 1430/1023/568 1431/1640/568 1432/1437/568 
f 1433/1026/568 1434/1641/568 1435/1428/568 
f 1436/1029/570 1437/1642/570 1438/1419/570 
f 1439/1032/571 1440/1643/571 1441/1410/571 
f 1442/1035/571 1443/1644/571 1444/1344/571 
f 1445/1038/571 1446/1645/571 1447/1021/571 
f 1448/1041/570 1449/1646/570 1450/1377/570 
f 1451/1044/570 1452/1647/570 1453/1413/570 
f 1454/1047/570 1455/1648/570 1456/1404/570 
f 1457/1050/570 1458/1649/570 1459/1395/570 
f 1460/1053/570 1461/1650/570 1462/1386/570 
f 1463/1056/571 1464/1651/571 1465/1281/571 
f 1466/1059/571 1467/1652/571 1468/1042/571 
f 1469/1062/571 1470/1653/571 1471/1305/571 
f 1472/1065/569 1473/1654/569 1474/1350/569 
f 1475/1068/568 1476/1655/568 1477/1341/568 
f 1478/1071/570 1479/1656/570 1480/1236/570 
f 1481/1074/571 1482/1657/571 1483/1227/571 
f 1484/1077/571 1485/1658/571 1486/1314/571 
f 1487/1080/568 1488/1659/568 1489/1260/568 
f 1490/1083/571 1491/1660/571 1492/1296/571 
f 1493/1086/571 1494/1661/571 1495/1287/571 
f 1496/1089/570 1497/1662/570 1498/1183/570 
f 1499/1092/570 1500/1663/570 1501/1216/570 
f 1502/1095/571 1503/1664/571 1504/1165/571 
f 1505/1098/570 1506/1665/570 1507/1081/570 
f 1508/1101/571 1509/1666/571 1510/1198/571 
f 1511/1104/568 1512/1667/568 1513/1233/568 
f 1514/1107/568 1515/1668/568 1516/1225/568 
f 1517/1110/570 1518/1669/570 1519/1177/570 
f 1520/1113/570 1521/1670/570 1522/1159/570 
f 1523/1116/570 1524/1671/570 1525/1138/570 
f 1526/1119/570 1527/1672/570 1528/1102/570 
f 1529/1122/571 1530/1673/571 1531/1180/571 
f 1532/1125/571 1533/1674/571 1534/1150/571 
f 1535/1128/569 1536/1675/569 1537/1242/569 
f 1538/1131/570 1539/1676/570 1540/1090/570 
f 1541/1134/569 1542/1677/569 1543/1141/569 
f 1544/1137/571 1545/1678/571 1546/1189/571 
f 1547/1140/571 1548/1679/571 1549/1105/571 
f 1550/1143/570 1551/1680/570 1552/1168/570 
f 1553/1146/571 1554/1681/571 1555/1201/571 
f 1556/1149/571 1557/1682/571 1558/1129/571 
f 1559/1152/569 1560/1683/569 1561/1156/569 
f 1562/1155/571 1563/1684/571 1564/1207/571 
f 1565/1158/570 1566/1685/570 1567/1099/570 
f 1568/1161/568 1569/1686/568 1570/1096/568 
f 1571/1164/571 1572/1687/571 1573/1222/571 
f 1574/1167/571 1575/1688/571 1576/1147/571 
f 1577/1170/568 1578/1689/568 1579/1093/568 
f 1580/1173/568 1581/1690/568 1582/1075/568 
f 1583/1176/571 1584/1691/571 1585/1174/571 
f 1586/1179/569 1587/1692/569 1588/1132/569 
f 1589/1182/571 1590/1693/571 1591/1072/571 
f 1592/1185/570 1593/1694/570 1594/1278/570 
f 1595/1188/571 1596/1695/571 1597/1213/571 
f 1598/1191/570 1599/1696/570 1600/1254/570 
f 1601/1194/570 1602/1697/570 1603/1245/570 
f 1604/1197/570 1605/1698/570 1606/1204/570 
f 1607/1200/569 1608/1699/569 1609/1251/569 
f 1610/1203/570 1611/1700/570 1612/1084/570 
f 1613/1206/571 1614/1701/571 1615/1230/571 
f 1616/1209/570 1617/1702/570 1618/1284/570 
f 1619/1212/570 1620/1703/570 1621/1192/570 
f 1622/1215/571 1623/1704/571 1624/1219/571 
f 1625/1218/570 1626/1705/570 1627/1269/570 
f 1628/1221/571 1629/1706/571 1630/1078/571 
f 1631/1224/569 1632/1707/569 1633/1186/569 
f 1634/1226/570 1635/1708/570 1636/1057/570 
f 1637/1229/571 1638/1709/571 1639/1210/571 
f 1640/1232/570 1641/1710/570 1642/1087/570 
f 1643/1235/570 1644/1711/570 1645/1290/570 
f 1646/1238/570 1647/1712/570 1648/1332/570 
f 1649/1241/571 1650/1713/571 1651/1195/571 
f 1652/1244/570 1653/1714/570 1654/1248/570 
f 1655/1247/571 1656/1715/571 1657/1299/571 
f 1658/1250/570 1659/1716/570 1660/1063/570 
f 1661/1253/570 1662/1717/570 1663/1257/570 
f 1664/1256/571 1665/1718/571 1666/1359/571 
f 1667/1259/570 1668/1719/570 1669/1266/570 
f 1670/1262/571 1671/1720/571 1672/1320/571 
f 1673/1265/571 1674/1721/571 1675/1263/571 
f 1676/1268/570 1677/1722/570 1678/1272/570 
f 1679/1271/570 1680/1723/570 1681/1323/570 
f 1682/1274/568 1683/1724/568 1684/1317/568 
f 1685/1277/571 1686/1725/571 1687/1239/571 
f 1688/1280/571 1689/1726/571 1690/1338/571 
f 1691/1283/570 1692/1727/570 1693/1275/570 
f 1694/1286/570 1695/1728/570 1696/1069/570 
f 1697/1289/571 1698/1729/571 1699/1293/571 
f 1700/1292/570 1701/1730/570 1702/1036/570 
f 1703/1295/571 1704/1731/571 1705/1066/571 
f 1706/1298/571 1707/1732/571 1708/1302/571 
f 1709/1301/570 1710/1733/570 1711/1353/570 
f 1712/1304/571 1713/1734/571 1714/1329/571 
f 1715/1307/571 1716/1735/571 1717/1422/571 
f 1718/1310/571 1719/1736/571 1720/1362/571 
f 1721/1313/571 1722/1737/571 1723/1060/571 
f 1724/1316/571 1725/1738/571 1726/1368/571 
f 1727/1319/571 1728/1739/571 1729/1045/571 
f 1730/1322/570 1731/1740/570 1732/1335/570 
f 1733/1325/570 1734/1741/570 1735/1380/570 
f 1736/1328/570 1737/1742/570 1738/1308/570 
f 1739/1331/570 1740/1743/570 1741/1054/570 
f 1742/1334/571 1743/1744/571 1744/1326/571 
f 1745/1337/570 1746/1745/570 1747/1039/570 
f 1748/1340/571 1749/1746/571 1750/1051/571 
f 1751/1343/571 1752/1747/571 1753/1398/571 
f 1754/1346/570 1755/1748/570 1756/1440/570 
f 1757/1349/570 1758/1749/570 1759/1048/570 
f 1760/1352/571 1761/1750/571 1762/1356/571 
f 1763/1355/569 1764/1751/569 1765/1407/569 
f 1766/1358/571 1767/1752/571 1768/1311/571 
f 1769/1361/571 1770/1753/571 1771/1365/571 
f 1772/1364/570 1773/1754/570 1774/1416/570 
f 1775/1367/570 1776/1755/570 1777/1392/570 
f 1778/1370/569 1779/1756/569 1780/1434/569 
f 1781/1373/569 1782/1757/569 1783/1425/569 
f 1784/1376/570 1785/1758/570 1786/1383/570 
f 1787/1379/570 1788/1759/570 1789/1431/570 
f 1790/1382/570 1791/1760/570 1792/1024/570 
f 1793/1385/570 1794/1761/570 1795/1347/570 
f 1796/1388/570 1797/1762/570 1798/1446/570 
f 1799/1391/571 1800/1763/571 1801/1371/571 
f 1802/1394/570 1803/1764/570 1804/1033/570 
f 1805/1397/571 1806/1765/571 1807/1540/571 
f 1808/1400/570 1809/1766/570 1810/1455/570 
f 1811/1403/571 1812/1767/571 1813/1030/571 
f 1814/1406/570 1815/1768/570 1816/1528/570 
f 1817/1409/571 1818/1769/571 1819/1531/571 
f 1820/1412/571 1821/1770/571 1822/1027/571 
f 1823/1415/570 1824/1771/570 1825/1560/570 
f 1826/1418/570 1827/1772/570 1828/1548/570 
f 1829/1421/570 1830/1773/570 1831/1374/570 
f 1832/1424/571 1833/1774/571 1834/999/571 
f 1835/1427/570 1836/1775/570 1837/934/570 
f 1838/1430/570 1839/1776/570 1840/1443/570 
f 1841/1433/570 1842/1777/570 1843/949/570 
f 1844/1436/570 1845/1778/570 1846/1551/570 
f 1847/1439/570 1848/1779/570 1849/1401/570 
f 1850/1442/570 1851/1780/570 1852/937/570 
f 1853/1445/571 1854/1781/571 1855/1554/571 
f 1856/1448/570 1334/1580/570 1333/1579/570 
f 1857/1451/570 1858/1782/570 1859/1783/570 
f 1860/1454/570 1861/1784/570 1862/1452/570 
f 1863/1457/570 1864/1785/570 1865/1786/570 
f 1866/1459/568 1381/1609/568 1867/1787/568 
f 1868/1461/568 1419/1634/568 1418/1633/568 
f 1869/976/568 1870/1788/568 1871/1789/568 
f 1872/1465/570 1873/1790/570 1874/1791/570 
f 1875/1466/571 1876/1792/571 1877/1793/571 
f 1878/1469/571 1879/1794/571 1880/1795/571 
f 1881/1470/571 1882/1796/571 1883/1797/571 
f 1884/1472/568 1885/1798/568 1886/1799/568 
f 1887/945/570 1336/1581/570 1888/1800/570 
f 1889/1477/571 1865/1786/571 1864/1785/571 
f 1890/1479/571 1891/1801/571 1892/1802/571 
f 1893/1481/568 1894/1803/568 1895/1804/568 
f 1896/1483/569 1413/1630/569 1412/1629/569 
f 1897/1485/569 1898/1805/569 1899/1806/569 
f 1900/996/568 1330/1577/568 1901/1807/568 
f 1902/1488/568 1395/1618/568 1394/1617/568 
f 1903/952/569 1904/1808/569 1905/1809/569 
f 1906/1491/568 1389/1614/568 1388/1613/568 
f 1907/1494/568 1899/1806/568 1898/1805/568 
f 1908/1495/571 1883/1797/571 1882/1796/571 
f 1909/1498/569 1880/1795/569 1879/1794/569 
f 1910/1501/568 1422/1636/568 1421/1635/568 
f 1911/1503/570 1425/1638/570 1424/1637/570 
f 1912/1505/569 1870/1788/569 1913/1810/569 
f 1914/1463/568 1416/1632/568 1415/1631/568 
f 1915/1507/568 1376/1606/568 1375/1605/568 
f 1916/1509/569 1904/1808/569 1917/1811/569 
f 1918/1512/569 1919/1812/569 1920/1813/569 
f 1921/1514/569 1373/1604/569 1372/1603/569 
f 1922/1516/569 1404/1624/569 1403/1623/569 
f 1923/1518/571 1886/1799/571 1885/1798/571 
f 1924/1520/571 1877/1793/571 1876/1792/571 
f 1925/1521/571 1366/1600/571 1365/1599/571 
f 1926/1524/568 1356/1594/568 1355/1593/568 
f 1927/1527/569 1928/1814/569 1929/1815/569 
f 1930/1530/570 1362/1598/570 1361/1597/570 
f 1931/1533/570 1410/1628/570 1409/1627/570 
f 1932/1536/569 1398/1620/569 1397/1619/569 
f 1933/1539/568 1934/1816/568 1935/1817/568 
f 1936/1542/569 1392/1616/569 1391/1615/569 
f 1937/1545/571 1935/1817/571 1934/1816/571 
f 1938/1546/571 1929/1815/571 1928/1814/571 
f 1939/1547/571 1351/1591/571 1940/1818/571 
f 1941/1475/571 1401/1622/571 1400/1621/571 
f 1942/1550/570 1873/1790/570 1943/1819/570 
f 1944/1553/570 1342/1585/570 1945/1820/570 
f 1946/1556/570 1892/1802/570 1891/1801/570 
f 1947/1559/571 1349/1590/571 1348/1589/571 
f 1948/1562/570 1949/1821/570 1950/1822/570 
f 1951/1565/568 1920/1813/568 1919/1812/568 
f 1952/1568/568 1953/1823/568 1954/1824/568 
f 1955/1570/570 1379/1608/570 1378/1607/570 
f 1956/1572/569 1407/1626/569 1406/1625/569 
f 1957/1573/568 1895/1804/568 1894/1803/568 
f 1958/1513/569 1949/1821/569 1959/1825/569 
f 1960/1557/570 1953/1823/570 1961/1826/570 
f 1962/1576/570 1859/1783/570 1858/1782/570 
f 705/953/572 1903/952/572 1963/953/572 
f 716/964/573 1964/962/573 1965/964/573 
f 736/984/574 1966/932/574 1967/984/574 
f 744/992/575 1968/990/575 1969/992/575 
f 1223/1471/576 1970/965/576 1971/1471/576 
f 749/997/577 1900/996/577 1972/997/577 
f 1309/1557/578 1973/1458/578 1960/1557/578 
f 761/1009/579 1974/1008/579 1975/1009/579 
f 732/980/580 1380/979/580 1976/980/580 
f 710/958/581 1350/947/581 1977/958/581 
f 713/961/582 1978/959/582 1979/961/582 
f 1269/1517/583 1980/1519/583 1981/1517/583 
f 1216/1464/584 1982/1011/584 1983/1464/584 
f 729/977/585 1869/976/585 1984/977/585 
f 683/931/586 1985/1515/586 1986/931/586 
f 1228/1476/587 1872/1465/587 1987/1476/587 
f 1210/1458/588 1988/1018/588 1973/1458/588 
f 695/943/589 1341/939/589 1989/943/589 
f 741/989/590 1958/1513/590 1990/989/590 
f 723/971/591 1991/970/591 1992/971/591 
f 693/941/592 1993/1019/592 1994/941/592 
f 1234/1482/593 1995/994/593 1996/1482/593 
f 734/982/594 1997/1016/594 1998/982/594 
f 698/946/595 1887/945/595 1999/946/595 
f 704/952/596 1969/992/596 1903/952/596 
f 714/962/597 1979/961/597 1964/962/597 
f 684/932/598 1986/931/598 1966/932/598 
f 742/990/599 1990/989/599 1968/990/599 
f 717/965/600 1965/964/600 1970/965/600 
f 748/996/601 1996/1482/601 1900/996/601 
f 1310/1558/602 1960/1557/602 2000/1558/602 
f 760/1008/603 1972/997/603 1974/1008/603 
f 731/979/604 1998/982/604 1380/979/604 
f 699/947/605 1999/946/605 1350/947/605 
f 711/959/606 1977/958/606 1978/959/606 
f 1271/1519/607 1992/971/607 1980/1519/607 
f 763/1011/608 1975/1009/608 1982/1011/608 
f 728/976/609 1983/1464/609 1869/976/609 
f 1267/1515/610 1981/1517/610 1985/1515/610 
f 1217/1465/611 1989/943/611 1872/1465/611 
f 770/1018/612 1976/980/612 1988/1018/612 
f 691/939/613 1994/941/613 1341/939/613 
f 1265/1513/614 1967/984/614 1958/1513/614 
f 722/970/615 1971/1471/615 1991/970/615 
f 771/1019/616 2000/1558/616 1993/1019/616 
f 746/994/617 1963/953/617 1995/994/617 
f 768/1016/618 1984/977/618 1997/1016/618 
f 697/945/619 1987/1476/619 1887/945/619 
f 2001/1783/620 1857/1451/620 1859/1783/620 
f 1203/1451/621 1891/1801/621 1857/1451/621 
f 2002/1801/622 1946/1556/622 1891/1801/622 
f 1308/1556/623 1859/1783/623 1946/1556/623 
f 2003/1583/624 1426/940/624 1339/1583/624 
f 692/940/625 1945/1820/625 1426/940/625 
f 2004/1820/626 1944/1553/626 1945/1820/626 
f 1305/1553/627 1339/1583/627 1944/1553/627 
f 1302/1550/628 1346/1588/628 1942/1550/628 
f 2005/1588/629 1344/942/629 1346/1588/629 
f 694/942/630 1943/1819/630 1344/942/630 
f 2006/1819/631 1942/1550/631 1943/1819/631 
f 685/933/632 1400/1621/632 1335/933/632 
f 2007/1621/633 1941/1475/633 1400/1621/633 
f 1227/1475/634 1337/1582/634 1941/1475/634 
f 2008/1582/635 1335/933/635 1337/1582/635 
f 2009/1590/636 1347/944/636 1349/1590/636 
f 696/944/637 1940/1818/637 1347/944/637 
f 2010/1818/638 1939/1547/638 1940/1818/638 
f 1299/1547/639 1349/1590/639 1939/1547/639 
f 1282/1530/640 1928/1814/640 1930/1530/640 
f 2011/1814/641 1938/1546/641 1928/1814/641 
f 1298/1546/642 1361/1597/642 1938/1546/642 
f 2012/1597/643 1930/1530/643 1361/1597/643 
f 706/954/644 1934/1816/644 1357/954/644 
f 2013/1816/645 1937/1545/645 1934/1816/645 
f 1297/1545/646 1359/1596/646 1937/1545/646 
f 2014/1596/647 1357/954/647 1359/1596/647 
f 2015/1795/648 1878/1469/648 1880/1795/648 
f 1221/1469/649 1365/1599/649 1878/1469/649 
f 2016/1599/650 1925/1521/650 1365/1599/650 
f 1273/1521/651 1880/1795/651 1925/1521/651 
f 2017/1797/652 1881/1470/652 1883/1797/652 
f 1222/1470/653 1877/1793/653 1881/1470/653 
f 2018/1793/654 1875/1466/654 1877/1793/654 
f 1218/1466/655 1883/1797/655 1875/1466/655 
f 2019/1601/656 1370/969/656 1368/1601/656 
f 721/969/657 1886/1799/657 1370/969/657 
f 2020/1799/658 1884/1472/658 1886/1799/658 
f 1224/1472/659 1368/1601/659 1884/1472/659 
f 2021/1625/660 1956/1572/660 1406/1625/660 
f 1324/1572/661 1404/1624/661 1956/1572/661 
f 2022/1624/662 1402/1001/662 1404/1624/662 
f 753/1001/663 1406/1625/663 1402/1001/663 
f 1200/1448/664 1372/1603/664 1856/1448/664 
f 2023/1603/665 1921/1514/665 1372/1603/665 
f 1266/1514/666 1333/1579/666 1921/1514/666 
f 2024/1579/667 1856/1448/667 1333/1579/667 
f 1314/1562/668 1385/1612/668 1948/1562/668 
f 2025/1612/669 1383/983/669 1385/1612/669 
f 735/983/670 1950/1822/670 1383/983/670 
f 2026/1822/671 1948/1562/671 1950/1822/671 
f 2027/1813/672 1918/1512/672 1920/1813/672 
f 1264/1512/673 1388/1613/673 1918/1512/673 
f 2028/1613/674 1906/1491/674 1388/1613/674 
f 1243/1491/675 1920/1813/675 1906/1491/675 
f 2029/1616/676 1390/991/676 1392/1616/676 
f 743/991/677 1917/1811/677 1390/991/677 
f 2030/1811/678 1916/1509/678 1917/1811/678 
f 1261/1509/679 1392/1616/679 1916/1509/679 
f 2031/1594/680 1354/951/680 1356/1594/680 
f 703/951/681 1394/1617/681 1354/951/681 
f 2032/1617/682 1902/1488/682 1394/1617/682 
f 1240/1488/683 1356/1594/683 1902/1488/683 
f 2033/1804/684 1893/1481/684 1895/1804/684 
f 1233/1481/685 1331/1578/685 1893/1481/685 
f 2034/1578/686 1329/927/686 1331/1578/686 
f 679/927/687 1895/1804/687 1329/927/687 
f 1237/1485/688 1398/1620/688 1897/1485/688 
f 2035/1620/689 1396/995/689 1398/1620/689 
f 747/995/690 1899/1806/690 1396/995/690 
f 2036/1806/691 1897/1485/691 1899/1806/691 
f 2037/1628/692 1408/1007/692 1410/1628/692 
f 759/1007/693 1412/1629/693 1408/1007/693 
f 2038/1629/694 1896/1483/694 1412/1629/694 
f 1235/1483/695 1410/1628/695 1896/1483/695 
f 2039/1631/696 1914/1463/696 1415/1631/696 
f 1215/1463/697 1913/1810/697 1914/1463/697 
f 2040/1810/698 1912/1505/698 1913/1810/698 
f 1257/1505/699 1415/1631/699 1912/1505/699 
f 2041/1606/700 1374/975/700 1376/1606/700 
f 727/975/701 1418/1633/701 1374/975/701 
f 2042/1633/702 1868/1461/702 1418/1633/702 
f 1213/1461/703 1376/1606/703 1868/1461/703 
f 1211/1459/704 1422/1636/704 1866/1459/704 
f 2043/1636/705 1420/981/705 1422/1636/705 
f 733/981/706 1867/1787/706 1420/981/706 
f 2044/1787/707 1866/1459/707 1867/1787/707 
f 1255/1503/708 1379/1608/708 1911/1503/708 
f 2045/1608/709 1377/978/709 1379/1608/709 
f 730/978/710 1424/1637/710 1377/978/710 
f 2046/1637/711 1911/1503/711 1424/1637/711 
f 1320/1568/712 1865/1786/712 1952/1568/712 
f 2047/1786/713 1863/1457/713 1865/1786/713 
f 1209/1457/714 1954/1824/714 1863/1457/714 
f 2048/1824/715 1952/1568/715 1954/1824/715 
f 1205/1453/716 1862/1452/716 2049/1453/716 
f 1204/1452/717 1860/1454/717 1862/1452/717 
f 1206/1454/718 2049/1453/718 1860/1454/718 
f 2050/1780/719 2051/1555/719 1851/1780/719 
f 1307/1555/720 1855/1554/720 2051/1555/720 
f 1306/1554/721 1853/1445/721 1855/1554/721 
f 1197/1445/722 1851/1780/722 1853/1445/722 
f 1188/1436/723 1842/1777/723 1844/1436/723 
f 2052/1777/724 2053/1552/724 1842/1777/724 
f 1304/1552/725 1846/1551/725 2053/1552/725 
f 1303/1551/726 1844/1436/726 1846/1551/726 
f 1179/1427/727 1833/1774/727 1835/1427/727 
f 2054/1774/728 2055/935/728 1833/1774/728 
f 687/935/729 1837/934/729 2055/935/729 
f 686/934/730 1835/1427/730 1837/934/730 
f 1170/1418/681 1824/1771/681 1826/1418/681 
f 2056/1771/731 2057/1549/731 1824/1771/731 
f 1301/1549/732 1828/1548/732 2057/1549/732 
f 1300/1548/733 1826/1418/733 1828/1548/733 
f 2058/1768/734 2059/1532/734 1815/1768/734 
f 1284/1532/735 1819/1531/735 2059/1532/735 
f 1283/1531/736 1817/1409/736 1819/1531/736 
f 1161/1409/737 1815/1768/737 1817/1409/737 
f 2060/1765/738 2061/956/738 1806/1765/738 
f 708/956/739 2062/955/739 2061/956/739 
f 707/955/740 1806/1765/740 2062/955/740 
f 1321/1569/741 2063/1402/741 2064/1569/741 
f 1154/1402/742 1849/1401/742 2063/1402/742 
f 1153/1401/743 1847/1439/743 1849/1401/743 
f 1191/1439/744 2064/1569/744 1847/1439/744 
f 1142/1390/745 1429/1389/745 2065/1390/745 
f 1141/1389/717 1427/1020/717 1429/1389/717 
f 772/1020/746 1788/1759/746 1427/1020/746 
f 2066/1759/747 2065/1390/747 1788/1759/747 
f 1134/1382/748 1800/1763/748 1790/1382/748 
f 2067/1763/749 2068/1025/749 1800/1763/749 
f 777/1025/750 1792/1024/750 2068/1025/750 
f 776/1024/751 1790/1382/751 1792/1024/751 
f 1164/1412/752 1830/1773/752 1820/1412/752 
f 2069/1773/753 2070/1028/753 1830/1773/753 
f 780/1028/754 1822/1027/754 2070/1028/754 
f 779/1027/755 1820/1412/755 1822/1027/755 
f 1155/1403/756 1770/1753/756 1811/1403/756 
f 2071/1753/757 2072/1031/757 1770/1753/757 
f 783/1031/758 1813/1030/758 2072/1031/758 
f 782/1030/759 1811/1403/759 1813/1030/759 
f 1146/1394/740 1761/1750/740 1802/1394/740 
f 2073/1750/760 2074/1034/760 1761/1750/760 
f 786/1034/761 1804/1033/761 2074/1034/761 
f 785/1033/762 1802/1394/762 1804/1033/762 
f 2075/1827/763 2076/1523/763 2077/1827/763 
f 1275/1523/764 2078/1522/764 2076/1523/764 
f 1274/1522/765 1443/1644/765 2078/1522/765 
f 2079/1644/766 2077/1827/766 1443/1644/766 
f 1256/1504/767 2080/1348/767 2081/1504/767 
f 1100/1348/768 1795/1347/768 2080/1348/768 
f 1099/1347/657 1793/1385/657 1795/1347/657 
f 1137/1385/769 2081/1504/769 1793/1385/769 
f 1089/1337/770 1743/1744/770 1745/1337/770 
f 2082/1744/771 2083/1040/771 1743/1744/771 
f 792/1040/772 1747/1039/772 2083/1040/772 
f 791/1039/773 1745/1337/773 1747/1039/773 
f 1130/1378/774 1450/1377/774 2084/1378/774 
f 1129/1377/717 1448/1041/717 1450/1377/717 
f 793/1041/775 1725/1738/775 1448/1041/775 
f 2085/1738/747 2084/1378/747 1725/1738/747 
f 1071/1319/776 1737/1742/776 1727/1319/776 
f 2086/1742/777 2087/1046/777 1737/1742/777 
f 798/1046/778 1729/1045/778 2087/1046/778 
f 797/1045/779 1727/1319/779 1729/1045/779 
f 1101/1349/740 1767/1752/740 1757/1349/740 
f 2088/1752/780 2089/1049/780 1767/1752/780 
f 801/1049/761 1759/1048/761 2089/1049/761 
f 800/1048/781 1757/1349/781 1759/1048/781 
f 1092/1340/782 1707/1732/782 1748/1340/782 
f 2090/1732/783 2091/1052/783 1707/1732/783 
f 804/1052/784 1750/1051/784 2091/1052/784 
f 803/1051/785 1748/1340/785 1750/1051/785 
f 1219/1467/786 1698/1729/786 2092/1467/786 
f 2093/1729/787 2094/1828/787 1698/1729/787 
f 2095/1828/788 2096/1468/788 2094/1828/788 
f 1220/1468/789 2092/1467/789 2096/1468/789 
f 807/1055/729 1741/1054/729 2097/1055/729 
f 806/1054/790 1739/1331/790 1741/1054/790 
f 1083/1331/727 2098/1460/727 1739/1331/727 
f 1212/1460/791 2097/1055/791 2098/1460/791 
f 1034/1282/792 1465/1281/792 2099/1282/792 
f 1033/1281/793 1463/1056/793 1465/1281/793 
f 808/1056/752 1680/1723/752 1463/1056/752 
f 2100/1723/794 2099/1282/794 1680/1723/794 
f 1065/1313/776 1692/1727/776 1721/1313/776 
f 2101/1727/795 2102/1061/795 1692/1727/795 
f 813/1061/778 1723/1060/778 2102/1061/778 
f 812/1060/796 1721/1313/796 1723/1060/796 
f 1016/1264/761 1675/1263/761 2103/1264/761 
f 1015/1263/717 1673/1265/717 1675/1263/717 
f 1017/1265/740 1470/1653/740 1673/1265/740 
f 2104/1653/747 2103/1264/747 1470/1653/747 
f 1047/1295/797 1662/1717/797 1703/1295/797 
f 2105/1717/777 2106/1067/777 1662/1717/777 
f 819/1067/798 1705/1066/798 2106/1067/798 
f 818/1066/779 1703/1295/779 1705/1066/779 
f 1038/1286/799 1653/1714/799 1694/1286/799 
f 2107/1714/800 2108/1070/800 1653/1714/800 
f 822/1070/801 1696/1069/801 2108/1070/801 
f 821/1069/755 1694/1286/755 1696/1069/755 
f 2109/1829/802 2110/1474/802 2111/1829/802 
f 1226/1474/730 2112/1473/730 2110/1474/730 
f 1225/1473/803 1479/1656/803 2112/1473/803 
f 2113/1656/728 2111/1829/728 1479/1656/728 
f 992/1240/804 1687/1239/804 2114/1240/804 
f 991/1239/805 1685/1277/805 1687/1239/805 
f 1029/1277/806 2115/1462/806 1685/1277/806 
f 1214/1462/807 2114/1240/807 2115/1462/807 
f 980/1228/808 1483/1227/808 2116/1228/808 
f 979/1227/809 1481/1074/809 1483/1227/809 
f 826/1074/810 1626/1705/810 1481/1074/810 
f 2117/1705/811 2116/1228/811 1626/1705/811 
f 973/1221/740 1638/1709/740 1628/1221/740 
f 2118/1709/812 2119/1079/812 1638/1709/812 
f 831/1079/761 1630/1078/761 2119/1079/761 
f 830/1078/813 1628/1221/813 1630/1078/813 
f 1013/1261/798 1489/1260/798 2120/1261/798 
f 1012/1260/796 1487/1080/796 1489/1260/796 
f 832/1080/797 1608/1699/797 1487/1080/797 
f 2121/1699/795 2120/1261/795 1608/1699/795 
f 955/1203/814 1620/1703/814 1610/1203/814 
f 2122/1703/747 2123/1085/747 1620/1703/747 
f 837/1085/815 1612/1084/815 2123/1085/815 
f 836/1084/717 1610/1203/717 1612/1084/717 
f 984/1232/816 1650/1713/816 1640/1232/816 
f 2124/1713/817 2125/1088/817 1650/1713/817 
f 840/1088/818 1642/1087/818 2125/1088/818 
f 839/1087/819 1640/1232/819 1642/1087/819 
f 2126/1830/820 2127/1003/820 2128/1830/820 
f 755/1003/821 2129/1002/821 2127/1003/821 
f 754/1002/822 1497/1662/822 2129/1002/822 
f 2130/1662/706 2128/1830/706 1497/1662/706 
f 939/1187/823 1633/1186/823 2131/1187/823 
f 938/1186/824 1631/1224/824 1633/1186/824 
f 976/1224/825 2132/1506/825 1631/1224/825 
f 1258/1506/826 2131/1187/826 2132/1506/826 
f 927/1175/761 1585/1174/761 2133/1175/761 
f 926/1174/827 1583/1176/827 1585/1174/827 
f 928/1176/740 1500/1663/740 1583/1176/740 
f 2134/1663/828 2133/1175/828 1500/1663/828 
f 918/1166/829 1504/1165/829 2135/1166/829 
f 917/1165/830 1502/1095/830 1504/1165/830 
f 847/1095/831 1563/1684/831 1502/1095/831 
f 2136/1684/832 2135/1166/832 1563/1684/832 
f 910/1158/833 1575/1688/833 1565/1158/833 
f 2137/1688/794 2138/1100/794 1575/1688/794 
f 852/1100/801 1567/1099/801 2138/1100/801 
f 851/1099/834 1565/1158/834 1567/1099/834 
f 951/1199/835 1510/1198/835 2139/1199/835 
f 950/1198/836 1508/1101/836 1510/1198/836 
f 853/1101/837 1545/1678/837 1508/1101/837 
f 2140/1678/838 2139/1199/838 1545/1678/838 
f 892/1140/839 1557/1682/839 1547/1140/839 
f 2141/1682/747 2142/1106/747 1557/1682/747 
f 858/1106/840 1549/1105/840 2142/1106/840 
f 857/1105/717 1547/1140/717 1549/1105/717 
f 1201/1449/841 1587/1692/841 2143/1449/841 
f 2144/1692/842 2145/1831/842 1587/1692/842 
f 2146/1831/843 2147/1450/843 2145/1831/843 
f 1202/1450/844 2143/1449/844 2147/1450/844 
f 1236/1484/845 2148/1109/845 2149/1484/845 
f 861/1109/761 2150/1108/761 2148/1109/761 
f 860/1108/846 2149/1484/846 2150/1108/846 
f 1239/1487/847 2151/1486/847 2152/1487/847 
f 1238/1486/848 2153/1112/848 2151/1486/848 
f 864/1112/849 2154/1111/849 2153/1112/849 
f 863/1111/850 2152/1487/850 2154/1111/850 
f 915/1163/634 2155/1162/634 2156/1163/634 
f 914/1162/851 2157/929/851 2155/1162/851 
f 681/929/852 2158/928/852 2157/929/852 
f 680/928/853 2156/1163/853 2158/928/853 
f 867/1115/802 2159/1114/802 2160/1115/802 
f 866/1114/790 2161/1490/790 2159/1114/790 
f 1242/1490/803 2162/1489/803 2161/1490/803 
f 1241/1489/791 2160/1115/791 2162/1489/791 
f 1263/1511/854 2163/1510/854 2164/1511/854 
f 1262/1510/855 2165/1121/855 2163/1510/855 
f 873/1121/856 2166/1120/856 2165/1121/856 
f 872/1120/857 2164/1511/857 2166/1120/857 
f 888/1136/858 2167/1135/858 2168/1136/858 
f 887/1135/859 2169/1493/859 2167/1135/859 
f 1245/1493/860 2170/1492/860 2169/1493/860 
f 1244/1492/861 2168/1136/861 2170/1492/861 
f 1316/1564/862 2171/1563/862 2172/1564/862 
f 1315/1563/747 2173/1832/747 2171/1563/747 
f 2174/1832/863 2172/1564/863 2173/1832/863 
f 2175/1602/864 1367/966/864 1369/1602/864 
f 718/966/865 1876/1792/865 1367/966/865 
f 2176/1792/866 1924/1520/866 1876/1792/866 
f 1272/1520/867 1369/1602/867 1924/1520/867 
f 1079/1327/868 1744/1326/868 2177/1327/868 
f 1078/1326/869 1742/1334/869 1744/1326/869 
f 1086/1334/870 1794/1761/870 1742/1334/870 
f 2178/1761/871 2177/1327/871 1794/1761/871 
f 1140/1388/872 1839/1776/872 1796/1388/872 
f 2179/1776/873 2180/1447/873 1839/1776/873 
f 1199/1447/874 1798/1446/874 2180/1447/874 
f 1198/1446/875 1796/1388/875 1798/1446/875 
f 2181/1807/876 1397/1619/876 1901/1807/876 
f 2182/1619/877 1932/1536/877 1397/1619/877 
f 1288/1536/878 1330/1577/878 1932/1536/878 
f 2183/1577/879 1901/1807/879 1330/1577/879 
f 720/968/880 2184/967/880 2185/968/880 
f 719/967/881 1644/1711/881 2184/967/881 
f 2186/1711/882 2187/1833/882 1644/1711/882 
f 2188/1833/883 2185/968/883 2187/1833/883 
f 886/1134/884 1533/1674/884 1541/1134/884 
f 2189/1674/885 2190/1142/885 1533/1674/885 
f 894/1142/886 1543/1141/886 2190/1142/886 
f 893/1141/887 1541/1134/887 1543/1141/887 
f 2191/1817/888 1933/1539/888 1935/1817/888 
f 1291/1539/889 1362/1598/889 1933/1539/889 
f 2192/1598/890 1360/957/890 1362/1598/890 
f 709/957/891 1935/1817/891 1360/957/891 
f 949/1197/892 1596/1695/892 1604/1197/892 
f 2193/1695/893 2194/1205/893 1596/1695/893 
f 957/1205/894 1606/1204/894 2194/1205/894 
f 956/1204/895 1604/1197/895 1606/1204/895 
f 1011/1259/896 1659/1716/896 1667/1259/896 
f 2195/1716/897 2196/1267/897 1659/1716/897 
f 1019/1267/898 1669/1266/898 2196/1267/898 
f 1018/1266/899 1667/1259/899 1669/1266/899 
f 923/1171/900 2197/1535/900 2198/1171/900 
f 1287/1535/901 2199/1534/901 2197/1535/901 
f 1286/1534/902 2200/1172/902 2199/1534/902 
f 924/1172/903 2198/1171/903 2200/1172/903 
f 859/1107/904 2201/1014/904 1514/1107/904 
f 766/1014/905 2202/1013/905 2201/1014/905 
f 765/1013/906 1516/1225/906 2202/1013/906 
f 977/1225/907 1514/1107/907 1516/1225/907 
f 1028/1276/908 1693/1275/908 2203/1276/908 
f 1027/1275/909 1691/1283/909 1693/1275/909 
f 1035/1283/910 1464/1651/910 1691/1283/910 
f 2204/1651/911 2203/1276/911 1464/1651/911 
f 989/1237/912 1480/1236/912 2205/1237/912 
f 988/1236/913 1478/1071/913 1480/1236/913 
f 823/1071/914 1695/1728/914 1478/1071/914 
f 2206/1728/915 2205/1237/915 1695/1728/915 
f 1128/1376/916 1776/1755/916 1784/1376/916 
f 2207/1755/917 2208/1384/917 1776/1755/917 
f 1136/1384/918 1786/1383/918 2208/1384/918 
f 1135/1383/919 1784/1376/919 1786/1383/919 
f 1313/1561/920 1825/1560/920 2209/1561/920 
f 1312/1560/921 1823/1415/921 1825/1560/921 
f 1167/1415/922 1836/1775/922 1823/1415/922 
f 2210/1775/923 2209/1561/923 1836/1775/923 
f 1046/1294/924 1699/1293/924 2211/1294/924 
f 1045/1293/925 1697/1289/925 1699/1293/925 
f 1041/1289/926 1749/1746/926 1697/1289/926 
f 2212/1746/927 2211/1294/927 1749/1746/927 
f 2213/1796/928 1908/1495/928 1882/1796/928 
f 1247/1495/929 1366/1600/929 1908/1495/929 
f 2214/1600/930 1364/963/930 1366/1600/930 
f 715/963/931 1882/1796/931 1364/963/931 
f 1109/1357/815 1762/1356/815 2215/1357/815 
f 1108/1356/932 1760/1352/932 1762/1356/932 
f 1104/1352/933 1812/1767/933 1760/1352/933 
f 2216/1767/780 2215/1357/780 1812/1767/780 
f 758/1006/934 2217/1005/934 2218/1006/934 
f 757/1005/922 1590/1693/922 2217/1005/922 
f 2219/1693/935 2220/1834/935 1590/1693/935 
f 2221/1834/920 2218/1006/920 2220/1834/920 
f 769/1017/936 1864/1785/936 1423/1017/936 
f 2222/1785/878 1889/1477/878 1864/1785/878 
f 1229/1477/937 1425/1638/937 1889/1477/937 
f 2223/1638/876 1423/1017/876 1425/1638/876 
f 1252/1500/938 2224/1499/938 2225/1500/938 
f 1251/1499/939 1752/1747/939 2224/1499/939 
f 2226/1747/940 2227/1835/940 1752/1747/940 
f 2228/1835/941 2225/1500/941 2227/1835/941 
f 1014/1262/942 1713/1734/942 1670/1262/942 
f 2229/1734/943 2230/1321/943 1713/1734/943 
f 1073/1321/944 1672/1320/944 2230/1321/944 
f 1072/1320/945 1670/1262/945 1672/1320/945 
f 900/1148/946 1576/1147/946 2231/1148/946 
f 899/1147/947 1574/1167/947 1576/1147/947 
f 919/1167/948 1503/1664/948 1574/1167/948 
f 2232/1664/949 2231/1148/949 1503/1664/949 
f 869/1117/880 2233/1526/880 2234/1117/880 
f 1278/1526/950 2235/1525/950 2233/1526/950 
f 1277/1525/882 2236/1118/882 2235/1525/882 
f 870/1118/951 2234/1117/951 2236/1118/951 
f 963/1211/918 1639/1210/918 2237/1211/918 
f 962/1210/895 1637/1229/895 1639/1210/895 
f 981/1229/916 1482/1657/916 1637/1229/916 
f 2238/1657/893 2237/1211/893 1482/1657/893 
f 865/1113/914 1551/1680/914 1520/1113/914 
f 2239/1680/952 2240/1160/952 1551/1680/952 
f 912/1160/912 1522/1159/912 2240/1160/912 
f 911/1159/953 1520/1113/953 1522/1159/953 
f 2241/1587/954 1353/948/954 1345/1587/954 
f 700/948/928 1342/1585/928 1353/948/928 
f 2242/1585/955 1343/1586/955 1342/1585/955 
f 2243/1586/930 1345/1587/930 1343/1586/930 
f 805/1053/956 2244/1571/956 1460/1053/956 
f 1323/1571/923 2245/1387/923 2244/1571/923 
f 1139/1387/957 1462/1386/957 2245/1387/957 
f 1138/1386/921 1460/1053/921 1462/1386/921 
f 2246/1611/889 1386/985/889 1384/1611/889 
f 737/985/958 1334/1580/958 1386/985/958 
f 2247/1580/891 1332/930/891 1334/1580/891 
f 682/930/959 1384/1611/959 1332/930/959 
f 690/938/941 1852/937/941 2248/938/941 
f 689/937/907 1850/1442/907 1852/937/907 
f 1194/1442/939 1861/1784/939 1850/1442/939 
f 2249/1784/905 2248/938/905 1861/1784/905 
f 1124/1372/774 1801/1371/774 2250/1372/774 
f 1123/1371/960 1799/1391/960 1801/1371/960 
f 1143/1391/961 1428/1639/961 1799/1391/961 
f 2251/1639/812 2250/1372/812 1428/1639/812 
f 1268/1516/879 1373/1604/879 1922/1516/879 
f 2252/1604/962 1371/972/962 1373/1604/962 
f 724/972/877 1403/1623/877 1371/972/877 
f 2253/1623/963 1922/1516/963 1403/1623/963 
f 1061/1309/964 1738/1308/964 2254/1309/964 
f 1060/1308/965 1736/1328/965 1738/1308/965 
f 1080/1328/966 1449/1646/966 1736/1328/966 
f 2255/1646/967 2254/1309/967 1449/1646/967 
f 916/1164/968 1614/1701/968 1571/1164/968 
f 2256/1701/969 2257/1223/969 1614/1701/969 
f 975/1223/970 1573/1222/970 2257/1223/970 
f 974/1222/971 1571/1164/971 1573/1222/971 
f 885/1133/972 1588/1132/972 2258/1133/972 
f 884/1132/973 1586/1179/973 1588/1132/973 
f 931/1179/974 1548/1679/974 1586/1179/974 
f 2259/1679/975 2258/1133/975 1548/1679/975 
f 948/1196/970 1651/1195/970 2260/1196/970 
f 947/1195/976 1649/1241/976 1651/1195/976 
f 993/1241/968 1611/1700/968 1649/1241/968 
f 2261/1700/977 2260/1196/977 1611/1700/977 
f 913/1161/978 1560/1683/978 1568/1161/978 
f 2262/1683/979 2263/1097/979 1560/1683/979 
f 849/1097/980 1570/1096/980 2263/1097/980 
f 848/1096/869 1568/1161/869 1570/1096/869 
f 1010/1258/898 1663/1257/898 2264/1258/898 
f 1009/1257/945 1661/1253/945 1663/1257/945 
f 1005/1253/896 1674/1721/896 1661/1253/896 
f 2265/1721/943 2264/1258/943 1674/1721/943 
f 1328/1576/981 1340/1584/981 1962/1576/981 
f 2266/1584/982 1338/936/982 1340/1584/982 
f 688/936/983 1858/1782/983 1338/936/983 
f 2267/1782/984 1962/1576/984 1858/1782/984 
f 978/1226/985 1677/1722/985 1634/1226/985 
f 2268/1722/986 2269/1058/986 1677/1722/986 
f 810/1058/987 1636/1057/987 2269/1058/987 
f 809/1057/988 1634/1226/988 1636/1057/988 
f 1098/1346/989 2270/1478/989 1754/1346/989 
f 1230/1478/990 2271/1441/990 2270/1478/990 
f 1193/1441/991 1756/1440/991 2271/1441/991 
f 1192/1440/992 1754/1346/992 1756/1440/992 
f 1032/1280/948 1731/1740/948 1688/1280/948 
f 2272/1740/993 2273/1339/993 1731/1740/993 
f 1091/1339/946 1690/1338/946 2273/1339/946 
f 1090/1338/994 1688/1280/994 1690/1338/994 
f 702/950/995 1843/949/995 2274/950/995 
f 701/949/996 1841/1433/996 1843/949/996 
f 1185/1433/997 1854/1781/997 1841/1433/997 
f 2275/1781/998 2274/950/998 1854/1781/998 
f 1064/1312/999 1768/1311/999 2276/1312/999 
f 1063/1311/1000 1766/1358/1000 1768/1311/1000 
f 1110/1358/1001 1728/1739/1001 1766/1358/1001 
f 2277/1739/1002 2276/1312/1002 1728/1739/1002 
f 1127/1375/1003 1831/1374/1003 2278/1375/1003 
f 1126/1374/988 1829/1421/988 1831/1374/988 
f 1173/1421/1004 1791/1760/1004 1829/1421/1004 
f 2279/1760/986 2278/1375/986 1791/1760/986 
f 745/993/1005 1894/1803/1005 1393/993/1005 
f 2280/1803/1006 1957/1573/1006 1894/1803/1006 
f 1325/1573/1007 1395/1618/1007 1957/1573/1007 
f 2281/1618/1008 1393/993/1008 1395/1618/1008 
f 925/1173/814 1623/1704/814 1580/1173/814 
f 2282/1704/812 2283/1076/812 1623/1704/812 
f 828/1076/1009 1582/1075/1009 2283/1076/1009 
f 827/1075/960 1580/1173/960 1582/1075/960 
f 767/1015/1010 1421/1635/1010 1417/1015/1010 
f 2284/1635/1011 1910/1501/1011 1421/1635/1011 
f 1253/1501/1012 1419/1634/1012 1910/1501/1012 
f 2285/1634/1013 1417/1015/1013 1419/1634/1013 
f 882/1130/1009 1558/1129/1009 2286/1130/1009 
f 881/1129/781 1556/1149/781 1558/1129/781 
f 901/1149/814 1509/1666/814 1556/1149/814 
f 2287/1666/1014 2286/1130/1014 1509/1666/1014 
f 875/1123/938 2288/1567/938 2289/1123/938 
f 1319/1567/904 2290/1566/904 2288/1567/904 
f 1318/1566/940 2291/1124/940 2290/1566/940 
f 876/1124/906 2289/1123/906 2291/1124/906 
f 2292/1800/1015 1348/1589/1015 1888/1800/1015 
f 2293/1589/1016 1947/1559/1016 1348/1589/1016 
f 1311/1559/1017 1336/1581/1017 1947/1559/1017 
f 2294/1581/1018 1888/1800/1018 1336/1581/1018 
f 862/1110/974 1578/1689/974 1517/1110/974 
f 2295/1689/1019 2296/1178/1019 1578/1689/1019 
f 930/1178/972 1519/1177/972 2296/1178/972 
f 929/1177/1020 1517/1110/1020 1519/1177/1020 
f 945/1193/1021 1621/1192/1021 2297/1193/1021 
f 944/1192/1022 1619/1212/1022 1621/1192/1022 
f 964/1212/1023 1488/1659/1023 1619/1212/1023 
f 2298/1659/1024 2297/1193/1024 1488/1659/1024 
f 1058/1306/944 1471/1305/944 2299/1306/944 
f 1057/1305/899 1469/1062/899 1471/1305/899 
f 814/1062/942 1722/1737/942 1469/1062/942 
f 2300/1737/897 2299/1306/897 1722/1737/897 
f 1152/1400/901 2301/1480/901 1808/1400/901 
f 1232/1480/1025 2302/1456/1025 2301/1480/1025 
f 1208/1456/903 1810/1455/903 2302/1456/903 
f 1207/1455/1026 1808/1400/1026 1810/1455/1026 
f 790/1038/775 1734/1741/775 1445/1038/775 
f 2303/1741/780 2304/1022/780 1734/1741/780 
f 774/1022/1027 1447/1021/1027 2304/1022/1027 
f 773/1021/932 1445/1038/932 1447/1021/932 
f 811/1059/1028 1683/1724/1028 1466/1059/1028 
f 2305/1724/1002 2306/1043/1002 1683/1724/1002 
f 795/1043/1029 1468/1042/1029 2306/1043/1029 
f 794/1042/1000 1466/1059/1000 1468/1042/1000 
f 752/1000/883 1834/999/883 2307/1000/883 
f 751/999/1030 1832/1424/1030 1834/999/1030 
f 1176/1424/881 1845/1778/881 1832/1424/881 
f 2308/1778/1031 2307/1000/1031 1845/1778/1031 
f 1055/1303/894 1708/1302/894 2309/1303/894 
f 1054/1302/919 1706/1298/919 1708/1302/919 
f 1050/1298/892 1758/1749/892 1706/1298/892 
f 2310/1749/917 2309/1303/917 1758/1749/917 
f 1118/1366/1032 1771/1365/1032 2311/1366/1032 
f 1117/1365/994 1769/1361/994 1771/1365/994 
f 1113/1361/1033 1821/1770/1033 1769/1361/1033 
f 2312/1770/993 2311/1366/993 1821/1770/993 
f 937/1185/1034 2313/1508/1034 1592/1185/1034 
f 1260/1508/998 2314/1279/998 2313/1508/998 
f 1031/1279/1035 1594/1278/1035 2314/1279/1035 
f 1030/1278/996 1592/1185/996 1594/1278/996 
f 2315/1825/1036 1919/1812/1036 1959/1825/1036 
f 2316/1812/1037 1951/1565/1037 1919/1812/1037 
f 1317/1565/1038 1949/1821/1038 1951/1565/1038 
f 2317/1821/1039 1959/1825/1039 1949/1821/1039 
f 784/1032/1040 1764/1751/1040 1439/1032/1040 
f 2318/1751/975 2319/1411/975 1764/1751/975 
f 1163/1411/1041 1441/1410/1041 2319/1411/1041 
f 1162/1410/973 1439/1032/973 1441/1410/973 
f 2320/1789/955 1375/1605/955 1871/1789/955 
f 2321/1605/1042 1915/1507/1042 1375/1605/1042 
f 1259/1507/954 1870/1788/954 1915/1507/954 
f 2322/1788/1043 1871/1789/1043 1870/1788/1043 
f 942/1190/987 1546/1189/987 2323/1190/987 
f 941/1189/1044 1544/1137/1044 1546/1189/1044 
f 889/1137/985 1566/1685/985 1544/1137/985 
f 2324/1685/1045 2323/1190/1045 1566/1685/1045 
f 1246/1494/1046 1409/1627/1046 1907/1494/1046 
f 2325/1627/958 1931/1533/958 1409/1627/958 
f 1285/1533/1047 1898/1805/1047 1931/1533/1047 
f 2326/1805/959 1907/1494/959 1898/1805/959 
f 878/1126/1048 2327/1544/1048 2328/1126/1048 
f 1296/1544/1034 2329/1543/1034 2327/1544/1034 
f 1295/1543/1049 2330/1127/1049 2329/1543/1049 
f 879/1127/1035 2328/1126/1035 2330/1127/1035 
f 2331/1815/937 1927/1527/937 1929/1815/937 
f 1279/1527/962 1351/1591/962 1927/1527/962 
f 2332/1591/936 1352/1592/936 1351/1591/936 
f 2333/1592/963 1929/1815/963 1352/1592/963 
f 1004/1252/1029 1609/1251/1029 2334/1252/1029 
f 1003/1251/1050 1607/1200/1050 1609/1251/1050 
f 952/1200/1028 1629/1706/1028 1607/1200/1028 
f 2335/1706/1051 2334/1252/1051 1629/1706/1051 
f 1249/1497/1048 2336/1496/1048 2337/1497/1048 
f 1248/1496/997 1701/1730/997 2336/1496/997 
f 2338/1730/1049 2339/1836/1049 1701/1730/1049 
f 2340/1836/995 2337/1497/995 2339/1836/995 
f 1184/1432/1041 1789/1431/1041 2341/1432/1041 
f 1183/1431/1020 1787/1379/1020 1789/1431/1020 
f 1131/1379/1040 1848/1779/1040 1787/1379/1040 
f 2342/1779/1019 2341/1432/1019 1848/1779/1019 
f 1121/1369/1052 1726/1368/1052 2343/1369/1052 
f 1120/1368/971 1724/1316/971 1726/1368/971 
f 1068/1316/1053 1746/1745/1053 1724/1316/1053 
f 2344/1745/969 2343/1369/969 1746/1745/969 
f 775/1023/1054 1779/1756/1054 1430/1023/1054 
f 2345/1756/927 2346/1438/927 1779/1756/927 
f 1190/1438/1055 1432/1437/1055 2346/1438/1055 
f 1189/1437/925 1430/1023/925 1432/1437/925 
f 740/988/1043 1391/1615/1043 1387/988/1043 
f 2347/1615/929 1936/1542/929 1391/1615/929 
f 1294/1542/1042 1389/1614/1042 1936/1542/1042 
f 2348/1614/931 1387/988/931 1389/1614/931 
f 871/1119/926 1524/1671/926 1526/1119/926 
f 2349/1671/1056 2350/1103/1056 1524/1671/1056 
f 855/1103/1057 1528/1102/1057 2350/1103/1057 
f 854/1102/1058 1526/1119/1058 1528/1102/1058 
f 762/1010/984 1416/1632/984 1411/1010/984 
f 2351/1632/1038 1414/1012/1038 1416/1632/1038 
f 764/1012/982 1413/1630/982 1414/1012/982 
f 2352/1630/1036 1411/1010/1036 1413/1630/1036 
f 850/1098/1059 1554/1681/1059 1505/1098/1059 
f 2353/1681/911 2354/1082/911 1554/1681/911 
f 834/1082/1060 1507/1081/1060 2354/1082/1060 
f 833/1081/909 1505/1098/909 1507/1081/909 
f 829/1077/1023 1617/1702/1023 1484/1077/1023 
f 2355/1702/967 2356/1315/967 1617/1702/967 
f 1067/1315/1021 1486/1314/1021 2356/1315/1021 
f 1066/1314/965 1484/1077/965 1486/1314/965 
f 936/1184/980 1498/1183/980 2357/1184/980 
f 935/1183/1061 1496/1089/1061 1498/1183/1061 
f 841/1089/978 1641/1710/978 1496/1089/978 
f 2358/1710/1062 2357/1184/1062 1641/1710/1062 
f 1001/1249/1060 1654/1248/1060 2359/1249/1060 
f 1000/1248/1063 1652/1244/1063 1654/1248/1063 
f 996/1244/1059 1704/1731/1059 1652/1244/1059 
f 2360/1731/1064 2359/1249/1064 1704/1731/1064 
f 2361/1823/1046 1961/1826/1046 1953/1823/1046 
f 2362/1826/890 1892/1802/890 1961/1826/890 
f 2363/1802/1047 1890/1479/1047 1892/1802/1047 
f 1231/1479/888 1953/1823/888 1890/1479/888 
f 796/1044/910 1716/1735/910 1451/1044/910 
f 2364/1735/1064 2365/1414/1064 1716/1735/1064 
f 1166/1414/908 1453/1413/908 2365/1414/908 
f 1165/1413/1063 1451/1044/1063 1453/1413/1063 
f 726/974/1065 2366/973/1065 2367/974/1065 
f 725/973/1066 1539/1676/1066 2366/973/1066 
f 2368/1676/1067 2369/1837/1067 1539/1676/1067 
f 2370/1837/1068 2367/974/1068 2369/1837/1068 
f 990/1238/950 2371/1502/950 1646/1238/950 
f 1254/1502/1031 2372/1333/1031 2371/1502/1031 
f 1085/1333/951 1648/1332/951 2372/1333/951 
f 1084/1332/1030 1646/1238/1030 1648/1332/1030 
f 1281/1529/1068 1816/1528/1068 2373/1529/1068 
f 1280/1528/992 1814/1406/992 1816/1528/992 
f 1158/1406/1066 1827/1772/1066 1814/1406/1066 
f 2374/1772/990 2373/1529/990 1827/1772/990 
f 1097/1345/886 1444/1344/886 2375/1345/886 
f 1096/1344/875 1442/1035/875 1444/1344/875 
f 787/1035/884 1803/1764/884 1442/1035/884 
f 2376/1764/873 2375/1345/873 1803/1764/873 
f 778/1026/1069 1782/1757/1069 1433/1026/1069 
f 2377/1757/915 2378/1429/915 1782/1757/915 
f 1181/1429/1070 1435/1428/1070 2378/1429/1070 
f 1180/1428/913 1433/1026/913 1435/1428/913 
f 2379/1794/983 1909/1498/983 1879/1794/983 
f 1250/1498/1037 1358/1595/1037 1909/1498/1037 
f 2380/1595/981 1363/960/981 1358/1595/981 
f 712/960/1039 1879/1794/1039 1363/960/1039 
f 2381/1809/1013 1355/1593/1013 1905/1809/1013 
f 2382/1593/865 1926/1524/865 1355/1593/865 
f 1276/1524/1071 1904/1808/1071 1926/1524/1071 
f 2383/1808/867 1905/1809/867 1904/1808/867 
f 838/1086/1033 1602/1697/1033 1493/1086/1033 
f 2384/1697/949 2385/1288/949 1602/1697/949 
f 1040/1288/1032 1495/1287/1032 2385/1288/1032 
f 1039/1287/947 1493/1086/947 1495/1287/947 
f 2386/1610/1018 1378/1607/1018 1382/1610/1018 
f 2387/1607/1007 1955/1570/1007 1378/1607/1007 
f 1322/1570/1016 1381/1609/1016 1955/1570/1016 
f 2388/1609/1005 1382/1610/1005 1381/1609/1005 
f 817/1065/966 1665/1718/966 1472/1065/966 
f 2389/1718/1024 2390/1351/1024 1665/1718/1024 
f 1103/1351/964 1474/1350/964 2390/1351/964 
f 1102/1350/1022 1472/1065/1022 1474/1350/1022 
f 896/1144/934 2391/1575/934 2392/1144/934 
f 1327/1575/956 2393/1574/956 2391/1575/956 
f 1326/1574/935 2394/1145/935 2393/1574/935 
f 897/1145/957 2392/1144/957 2394/1145/957 
f 960/1208/1027 1564/1207/1027 2395/1208/1027 
f 959/1207/813 1562/1155/813 1564/1207/813 
f 907/1155/775 1584/1691/775 1562/1155/775 
f 2396/1691/1072 2395/1208/1072 1584/1691/1072 
f 2397/1622/1012 1399/998/1012 1401/1622/1012 
f 750/998/1073 1873/1790/1073 1399/998/1073 
f 2398/1790/1010 1874/1791/1010 1873/1790/1010 
f 2399/1791/866 1401/1622/866 1874/1791/866 
f 799/1047/1053 1719/1736/1053 1454/1047/1053 
f 2400/1736/977 2401/1405/977 1719/1736/977 
f 1157/1405/1052 1456/1404/1052 2401/1405/1052 
f 1156/1404/976 1454/1047/976 1456/1404/976 
f 1022/1270/1055 1627/1269/1055 2402/1270/1055 
f 1021/1269/1058 1625/1218/1058 1627/1269/1058 
f 970/1218/1074 1686/1725/1074 1625/1218/1074 
f 2403/1725/1056 2402/1270/1056 1686/1725/1056 
f 856/1104/933 1536/1675/933 1511/1104/933 
f 2404/1675/1072 2405/1234/1072 1536/1675/1072 
f 986/1234/815 1513/1233/815 2405/1234/815 
f 985/1233/813 1511/1104/813 1513/1233/813 
f 781/1029/870 1773/1754/870 1436/1029/870 
f 2406/1754/1062 2407/1420/1062 1773/1754/1062 
f 1172/1420/868 1438/1419/868 2407/1420/868 
f 1171/1419/1075 1436/1029/1075 1438/1419/1075 
f 2408/1626/1017 1405/1004/1017 1407/1626/1017 
f 756/1004/1006 1885/1798/1006 1405/1004/1006 
f 2409/1798/1015 1923/1518/1015 1885/1798/1015 
f 1270/1518/1008 1407/1626/1008 1923/1518/1008 
f 739/987/900 2410/986/900 2411/987/900 
f 738/986/1076 1530/1673/1076 2410/986/1076 
f 2412/1673/902 2413/1838/902 1530/1673/902 
f 2414/1838/1077 2411/987/1077 2413/1838/1077 
f 1293/1541/1077 1807/1540/1077 2415/1541/1077 
f 1292/1540/1026 1805/1397/1026 1807/1540/1026 
f 1149/1397/1076 1818/1769/1076 1805/1397/1076 
f 2416/1769/1025 2415/1541/1025 1818/1769/1025 
f 820/1068/1004 1656/1715/1004 1475/1068/1004 
f 2417/1715/1045 2418/1342/1045 1656/1715/1045 
f 1094/1342/1003 1477/1341/1003 2418/1342/1003 
f 1093/1341/1044 1475/1068/1044 1477/1341/1044 
f 835/1083/1001 1599/1696/1001 1490/1083/1001 
f 2419/1696/1051 2420/1297/1051 1599/1696/1051 
f 1049/1297/999 1492/1296/999 2420/1297/999 
f 1048/1296/1050 1490/1083/1050 1492/1296/1050 
f 905/1153/1065 2421/1538/1065 2422/1153/1065 
f 1290/1538/989 2423/1537/989 2421/1538/989 
f 1289/1537/1067 2424/1154/1067 2423/1537/1067 
f 906/1154/991 2422/1153/991 2424/1154/991 
f 969/1217/874 1501/1216/874 2425/1217/874 
f 968/1216/887 1499/1092/887 1501/1216/887 
f 844/1092/872 1632/1707/872 1499/1092/872 
f 2426/1707/885 2425/1217/885 1632/1707/885 
f 802/1050/961 1710/1733/961 1457/1050/961 
f 2427/1733/1014 2428/1396/1014 1710/1733/1014 
f 1148/1396/774 1459/1395/774 2428/1396/774 
f 1147/1395/781 1457/1050/781 1459/1395/781 
f 1076/1324/1070 1681/1323/1070 2429/1324/1070 
f 1075/1323/953 1679/1271/953 1681/1323/953 
f 1023/1271/1069 1740/1743/1069 1679/1271/1069 
f 2430/1743/952 2429/1324/952 1740/1743/952 
f 932/1180/717 1529/1122/717 1531/1180/717 
f 874/1122/740 1542/1677/740 1529/1122/740 
f 2431/1677/747 2432/1181/747 1542/1677/747 
f 933/1181/761 1531/1180/761 2432/1181/761 
f 902/1150/717 1532/1125/717 1534/1150/717 
f 877/1125/740 1527/1672/740 1532/1125/740 
f 2433/1672/747 2434/1151/747 1527/1672/747 
f 903/1151/761 1534/1150/761 2434/1151/761 
f 890/1138/717 1523/1116/717 1525/1138/717 
f 868/1116/740 1521/1670/740 1523/1116/740 
f 2435/1670/747 2436/1139/747 1521/1670/747 
f 891/1139/761 1525/1138/761 2436/1139/761 
f 920/1168/717 1550/1143/717 1552/1168/717 
f 895/1143/740 1569/1686/740 1550/1143/740 
f 2437/1686/747 2438/1169/747 1569/1686/747 
f 921/1169/761 1552/1168/761 2438/1169/761 
f 908/1156/717 1559/1152/717 1561/1156/717 
f 904/1152/740 1518/1669/740 1559/1152/740 
f 2439/1669/747 2440/1157/747 1518/1669/747 
f 909/1157/761 1561/1156/761 2440/1157/761 
f 845/1093/717 1577/1170/717 1579/1093/717 
f 922/1170/740 1515/1668/740 1577/1170/740 
f 2441/1668/747 2442/1094/747 1515/1668/747 
f 846/1094/761 1579/1093/761 2442/1094/761 
f 842/1090/717 1538/1131/717 1540/1090/717 
f 883/1131/740 1512/1667/740 1538/1131/740 
f 2443/1667/747 2444/1091/747 1512/1667/747 
f 843/1091/761 1540/1090/761 2444/1091/761 
f 994/1242/717 1535/1128/717 1537/1242/717 
f 880/1128/740 1605/1698/740 1535/1128/740 
f 2445/1698/747 2446/1243/747 1605/1698/747 
f 995/1243/761 1537/1242/761 2446/1243/761 
f 965/1213/717 1595/1188/717 1597/1213/717 
f 940/1188/740 1506/1665/740 1595/1188/740 
f 2447/1665/747 2448/1214/747 1506/1665/747 
f 966/1214/761 1597/1213/761 2448/1214/761 
f 953/1201/717 1553/1146/717 1555/1201/717 
f 898/1146/740 1572/1687/740 1553/1146/740 
f 2449/1687/747 2450/1202/747 1572/1687/747 
f 954/1202/761 1555/1201/761 2450/1202/761 
f 982/1230/717 1613/1206/717 1615/1230/717 
f 958/1206/740 1581/1690/740 1613/1206/740 
f 2451/1690/747 2452/1231/747 1581/1690/747 
f 983/1231/761 1615/1230/761 2452/1231/761 
f 971/1219/717 1622/1215/717 1624/1219/717 
f 967/1215/740 1593/1694/740 1622/1215/740 
f 2453/1694/747 2454/1220/747 1593/1694/747 
f 972/1220/761 1624/1219/761 2454/1220/761 
f 824/1072/717 1589/1182/717 1591/1072/717 
f 934/1182/740 1494/1661/740 1589/1182/740 
f 2455/1661/747 2456/1073/747 1494/1661/747 
f 825/1073/761 1591/1072/761 2456/1073/761 
f 997/1245/717 1601/1194/717 1603/1245/717 
f 946/1194/740 1491/1660/740 1601/1194/740 
f 2457/1660/747 2458/1246/747 1491/1660/747 
f 998/1246/761 1603/1245/761 2458/1246/761 
f 1006/1254/717 1598/1191/717 1600/1254/717 
f 943/1191/740 1668/1719/740 1598/1191/740 
f 2459/1719/747 2460/1255/747 1668/1719/747 
f 1007/1255/761 1600/1254/761 2460/1255/761 
f 815/1063/717 1658/1250/717 1660/1063/717 
f 1002/1250/740 1485/1658/740 1658/1250/740 
f 2461/1658/747 2462/1064/747 1485/1658/747 
f 816/1064/761 1660/1063/761 2462/1064/761 
f 1036/1284/717 1616/1209/717 1618/1284/717 
f 961/1209/740 1635/1708/740 1616/1209/740 
f 2463/1708/747 2464/1285/747 1635/1708/747 
f 1037/1285/761 1618/1284/761 2464/1285/761 
f 1024/1272/717 1676/1268/717 1678/1272/717 
f 1020/1268/740 1647/1712/740 1676/1268/740 
f 2465/1712/747 2466/1273/747 1647/1712/747 
f 1025/1273/761 1678/1272/761 2466/1273/761 
f 1042/1290/717 1643/1235/717 1645/1290/717 
f 987/1235/740 1476/1655/740 1643/1235/740 
f 2467/1655/747 2468/1291/747 1476/1655/747 
f 1043/1291/761 1645/1290/761 2468/1291/761 
f 1051/1299/717 1655/1247/717 1657/1299/717 
f 999/1247/740 1473/1654/740 1655/1247/740 
f 2469/1654/747 2470/1300/747 1473/1654/747 
f 1052/1300/761 1657/1299/761 2470/1300/761 
f 1111/1359/717 1664/1256/717 1666/1359/717 
f 1008/1256/740 1671/1720/740 1664/1256/740 
f 2471/1720/747 2472/1360/747 1671/1720/747 
f 1112/1360/761 1666/1359/761 2472/1360/761 
f 1081/1329/717 1712/1304/717 1714/1329/717 
f 1056/1304/740 1467/1652/740 1712/1304/740 
f 2473/1652/747 2474/1330/747 1467/1652/747 
f 1082/1330/761 1714/1329/761 2474/1330/761 
f 1069/1317/717 1682/1274/717 1684/1317/717 
f 1026/1274/740 1689/1726/740 1682/1274/740 
f 2475/1726/747 2476/1318/747 1689/1726/747 
f 1070/1318/761 1684/1317/761 2476/1318/761 
f 1087/1335/717 1730/1322/717 1732/1335/717 
f 1074/1322/740 1461/1650/740 1730/1322/740 
f 2477/1650/747 2478/1336/747 1461/1650/747 
f 1088/1336/761 1732/1335/761 2478/1336/761 
f 788/1036/717 1700/1292/717 1702/1036/717 
f 1044/1292/740 1458/1649/740 1700/1292/740 
f 2479/1649/747 2480/1037/747 1458/1649/747 
f 789/1037/761 1702/1036/761 2480/1037/761 
f 1105/1353/717 1709/1301/717 1711/1353/717 
f 1053/1301/740 1455/1648/740 1709/1301/740 
f 2481/1648/747 2482/1354/747 1455/1648/747 
f 1106/1354/761 1711/1353/761 2482/1354/761 
f 1114/1362/717 1718/1310/717 1720/1362/717 
f 1062/1310/740 1452/1647/740 1718/1310/740 
f 2483/1647/747 2484/1363/747 1452/1647/747 
f 1115/1363/761 1720/1362/761 2484/1363/761 
f 1174/1422/717 1715/1307/717 1717/1422/717 
f 1059/1307/740 1785/1758/740 1715/1307/740 
f 2485/1758/747 2486/1423/747 1785/1758/747 
f 1175/1423/761 1717/1422/761 2486/1423/761 
f 1144/1392/717 1775/1367/717 1777/1392/717 
f 1119/1367/740 1446/1645/740 1775/1367/740 
f 2487/1645/747 2488/1393/747 1446/1645/747 
f 1145/1393/761 1777/1392/761 2488/1393/761 
f 1132/1380/717 1733/1325/717 1735/1380/717 
f 1077/1325/740 1755/1748/740 1733/1325/740 
f 2489/1748/747 2490/1381/747 1755/1748/747 
f 1133/1381/761 1735/1380/761 2490/1381/761 
f 1150/1398/717 1751/1343/717 1753/1398/717 
f 1095/1343/740 1440/1643/740 1751/1343/740 
f 2491/1643/747 2492/1399/747 1440/1643/747 
f 1151/1399/761 1753/1398/761 2492/1399/761 
f 1159/1407/717 1763/1355/717 1765/1407/717 
f 1107/1355/740 1437/1642/740 1763/1355/740 
f 2493/1642/747 2494/1408/747 1437/1642/747 
f 1160/1408/761 1765/1407/761 2494/1408/761 
f 1168/1416/717 1772/1364/717 1774/1416/717 
f 1116/1364/740 1434/1641/740 1772/1364/740 
f 2495/1641/747 2496/1417/747 1434/1641/747 
f 1169/1417/761 1774/1416/761 2496/1417/761 
f 1177/1425/717 1781/1373/717 1783/1425/717 
f 1125/1373/740 1431/1640/740 1781/1373/740 
f 2497/1640/747 2498/1426/747 1431/1640/747 
f 1178/1426/761 1783/1425/761 2498/1426/761 
f 1186/1434/717 1778/1370/717 1780/1434/717 
f 1122/1370/740 1797/1762/740 1778/1370/740 
f 2499/1762/747 2500/1435/747 1797/1762/747 
f 1187/1435/761 1780/1434/761 2500/1435/761 
f 1195/1443/717 1838/1430/717 1840/1443/717 
f 1182/1430/740 1809/1766/740 1838/1430/740 
f 2501/1766/747 2502/1444/747 1809/1766/747 
f 1196/1444/761 1840/1443/761 2502/1444/761 
f 1/1/1 299/588/1 2/2/1 
f 4/4/2 417/511/2 5/5/2 
f 7/7/3 2503/1839/3 8/8/3 
f 10/10/4 318/377/4 11/11/4 
f 13/13/5 312/468/5 14/14/5 
f 16/16/6 174/174/6 17/17/6 
f 19/19/7 2503/1839/7 7/7/7 
f 21/21/7 414/508/7 22/22/7 
f 24/24/8 315/373/8 25/25/8 
f 19/19/9 20/20/9 27/27/9 
f 32/32/11 284/321/11 33/33/11 
f 35/35/12 2504/1840/12 36/36/12 
f 35/35/13 37/37/13 38/38/13 
f 40/40/13 305/360/13 41/41/13 
f 43/43/14 49/49/14 44/44/14 
f 46/46/15 298/581/15 45/45/15 
f 42/42/16 41/41/16 47/47/16 
f 49/49/17 43/43/17 12/12/17 
f 6/6/18 5/5/18 50/50/18 
f 52/52/19 309/367/19 53/53/19 
f 58/58/21 61/61/21 59/59/21 
f 51/51/22 50/50/22 61/61/22 
f 65/65/1 311/459/1 66/66/1 
f 68/68/17 324/386/17 69/69/17 
f 71/71/24 238/258/24 72/72/24 
f 74/74/25 237/257/25 75/75/25 
f 77/77/26 82/82/26 78/78/26 
f 80/80/27 74/74/27 76/76/27 
f 82/82/28 86/86/28 83/83/28 
f 84/84/29 80/80/29 81/81/29 
f 86/86/30 90/90/30 87/87/30 
f 88/88/31 84/84/31 85/85/31 
f 90/90/32 97/97/32 91/91/32 
f 92/92/33 99/99/33 93/93/33 
f 95/95/34 88/88/34 89/89/34 
f 97/97/35 103/103/35 98/98/35 
f 99/99/36 105/105/36 100/100/36 
f 101/101/37 95/95/37 96/96/37 
f 103/103/38 109/109/38 104/104/38 
f 105/105/39 111/111/39 106/106/39 
f 107/107/40 101/101/40 102/102/40 
f 109/109/41 115/115/41 110/110/41 
f 111/111/42 117/117/42 112/112/42 
f 113/113/43 107/107/43 108/108/43 
f 115/115/44 121/121/44 116/116/44 
f 117/117/45 122/122/45 118/118/45 
f 119/119/46 113/113/46 114/114/46 
f 121/121/47 92/92/47 94/94/47 
f 122/122/48 126/126/48 123/123/48 
f 124/124/49 119/119/49 120/120/49 
f 126/126/50 130/130/50 127/127/50 
f 128/128/51 124/124/51 125/125/51 
f 130/130/52 134/134/52 131/131/52 
f 132/132/53 128/128/53 129/129/53 
f 134/134/54 267/299/54 135/135/54 
f 136/136/55 132/132/55 133/133/55 
f 138/138/56 205/205/56 139/139/56 
f 141/141/57 147/147/57 142/142/57 
f 144/144/58 483/661/58 145/145/58 
f 147/147/59 172/172/59 148/148/59 
f 149/149/60 155/155/60 150/150/60 
f 152/152/61 673/920/61 153/153/61 
f 155/155/62 163/163/62 156/156/62 
f 157/157/63 294/334/63 32/32/63 
f 158/158/64 157/157/64 34/34/64 
f 160/160/65 481/734/65 161/161/65 
f 163/163/66 168/168/66 164/164/66 
f 165/165/67 170/170/67 166/166/67 
f 168/168/68 178/178/68 169/169/68 
f 170/170/69 176/176/69 171/171/69 
f 172/172/70 160/160/70 162/162/70 
f 173/173/71 295/338/71 174/174/71 
f 175/175/72 173/173/72 16/16/72 
f 176/176/73 179/179/73 177/177/73 
f 178/178/74 152/152/74 154/154/74 
f 179/179/75 192/192/75 180/180/75 
f 181/181/76 458/730/76 182/182/76 
f 184/184/77 665/912/77 185/185/77 
f 187/187/78 181/181/78 183/183/78 
f 189/189/79 296/342/79 24/24/79 
f 190/190/80 189/189/80 26/26/80 
f 192/192/81 184/184/81 186/186/81 
f 193/193/82 187/187/82 188/188/82 
f 195/195/83 200/200/83 196/196/83 
f 198/198/84 193/193/84 194/194/84 
f 200/200/85 548/758/85 201/201/85 
f 202/202/86 477/687/86 203/203/86 
f 205/205/87 297/346/87 206/206/87 
f 207/207/88 235/254/88 208/208/88 
f 85/85/89 81/81/89 127/210/89 
f 210/212/90 207/207/90 209/209/90 
f 89/89/91 85/85/91 131/211/91 
f 212/215/92 210/212/92 211/213/92 
f 96/96/93 89/89/93 135/214/93 
f 214/218/94 212/215/94 79/216/94 
f 102/102/95 96/96/95 213/217/95 
f 216/221/96 214/218/96 78/219/96 
f 108/108/97 102/102/97 215/220/97 
f 218/224/98 216/221/98 83/222/98 
f 114/114/99 108/108/99 217/223/99 
f 220/227/100 218/224/100 87/225/100 
f 120/120/101 114/114/101 219/226/101 
f 222/230/102 73/73/102 94/231/102 
f 223/233/103 220/227/103 91/228/103 
f 125/125/104 120/120/104 221/229/104 
f 225/236/105 222/230/105 93/232/105 
f 226/238/106 223/233/106 98/234/106 
f 129/129/107 125/125/107 224/235/107 
f 228/241/108 225/236/108 100/237/108 
f 229/243/109 226/238/109 104/239/109 
f 133/133/110 129/129/110 227/240/110 
f 231/246/111 228/241/111 106/242/111 
f 72/72/112 229/243/112 110/244/112 
f 137/137/113 133/133/113 230/245/113 
f 75/75/114 231/246/114 112/247/114 
f 73/73/115 72/72/115 116/248/115 
f 233/251/116 137/137/116 232/249/116 
f 76/76/117 75/75/117 118/250/117 
f 235/254/118 233/251/118 234/252/118 
f 81/81/119 76/76/119 123/253/119 
f 236/255/120 77/77/120 79/79/120 
f 237/257/121 240/261/121 231/246/121 
f 238/258/122 241/262/122 229/243/122 
f 239/259/123 236/255/123 211/256/123 
f 240/261/124 243/265/124 228/241/124 
f 241/262/125 244/266/125 226/238/125 
f 242/263/126 239/259/126 209/260/126 
f 243/265/127 246/269/127 225/236/127 
f 244/266/128 247/270/128 223/233/128 
f 245/267/129 242/263/129 208/264/129 
f 246/269/130 249/273/130 222/230/130 
f 247/270/131 250/274/131 220/227/131 
f 248/271/132 245/267/132 234/268/132 
f 249/273/133 71/71/133 73/73/133 
f 250/274/134 252/277/134 218/224/134 
f 251/275/135 248/271/135 232/272/135 
f 252/277/136 254/280/136 216/221/136 
f 253/278/137 251/275/137 230/276/137 
f 254/280/138 256/283/138 214/218/138 
f 255/281/139 253/278/139 227/279/139 
f 256/283/140 258/286/140 212/215/140 
f 257/284/141 255/281/141 224/282/141 
f 258/286/142 260/289/142 210/212/142 
f 259/287/143 257/284/143 221/285/143 
f 260/289/144 262/292/144 207/207/144 
f 261/290/145 259/287/145 219/288/145 
f 262/292/146 264/295/146 235/254/146 
f 263/293/147 261/290/147 217/291/147 
f 264/295/148 266/298/148 233/251/148 
f 265/296/149 263/293/149 215/294/149 
f 266/298/150 136/136/150 137/137/150 
f 267/299/151 265/296/151 213/297/151 
f 62/62/152 278/311/152 268/300/152 
f 33/33/153 284/321/153 269/301/153 
f 29/29/154 33/33/154 270/302/154 
f 18/18/155 17/17/155 65/303/155 
f 272/305/156 18/18/156 271/304/156 
f 25/25/157 315/373/157 274/307/157 
f 276/309/158 25/25/158 275/308/158 
f 278/311/159 280/313/159 279/312/159 
f 282/315/161 317/376/161 279/316/161 
f 283/318/162 310/368/162 55/319/162 
f 286/323/164 417/511/164 4/4/164 
f 36/36/165 2504/1840/165 274/325/165 
f 291/329/2 2505/1841/2 292/330/2 
f 205/205/167 138/138/167 238/332/167 
f 294/334/168 157/157/168 256/335/168 
f 157/157/169 158/158/169 258/337/169 
f 295/338/170 173/173/170 128/339/170 
f 173/173/171 175/175/171 124/341/171 
f 296/342/172 189/189/172 84/343/172 
f 189/189/173 190/190/173 80/345/173 
f 297/346/174 205/205/174 71/333/174 
f 138/138/175 140/140/175 13/348/175 
f 32/32/176 294/334/176 254/336/176 
f 158/158/177 159/159/177 289/327/177 
f 174/174/178 295/338/178 132/340/178 
f 175/175/179 56/56/179 55/55/179 
f 24/24/180 296/342/180 88/344/180 
f 190/190/181 191/191/181 287/352/181 
f 206/206/182 297/346/182 249/347/182 
f 67/67/184 66/66/184 9/9/184 
f 302/355/165 410/499/165 303/356/165 
f 277/358/164 2505/1841/164 291/329/164 
f 40/40/12 410/499/12 302/355/12 
f 306/361/162 323/385/162 307/362/162 
f 60/60/161 59/59/161 308/364/161 
f 64/366/5 63/1842/5 309/367/5 
f 310/368/185 283/318/185 48/48/185 
f 293/331/18 292/330/18 313/371/18 
f 54/54/4 53/53/4 70/70/4 
f 316/375/21 327/397/21 317/376/21 
f 272/305/189 56/56/189 16/16/189 
f 15/15/19 14/14/19 318/377/19 
f 139/139/192 278/311/192 62/62/192 
f 39/39/16 38/38/16 319/380/16 
f 269/382/15 285/464/15 321/383/15 
f 323/385/185 306/361/185 320/381/185 
f 324/386/14 68/68/14 322/384/14 
f 325/388/194 326/392/194 289/389/194 
f 29/29/195 159/159/195 34/34/195 
f 21/21/9 23/23/9 326/392/9 
f 26/26/197 25/25/197 276/309/197 
f 28/28/194 27/27/194 31/393/194 
f 314/372/22 313/371/22 327/397/22 
f 22/22/3 414/508/3 328/398/3 
f 3/3/184 2/2/184 329/399/184 
f 330/400/200 354/424/200 331/401/200 
f 333/403/201 419/514/201 334/404/201 
f 336/406/202 396/564/202 337/407/202 
f 339/409/203 375/445/203 340/410/203 
f 342/412/204 364/434/204 343/413/204 
f 345/415/205 418/548/205 346/416/205 
f 348/418/206 395/570/206 349/419/206 
f 351/421/207 416/558/207 352/422/207 
f 354/424/208 372/442/208 355/425/208 
f 139/139/209 206/206/209 280/313/209 
f 356/426/210 415/553/210 357/427/210 
f 359/429/211 336/406/211 338/408/211 
f 361/431/212 370/440/212 362/432/212 
f 364/434/213 378/448/213 365/435/213 
f 366/436/214 356/426/214 358/428/214 
f 368/438/215 348/418/215 350/420/215 
f 370/440/216 376/446/216 371/441/216 
f 372/442/217 333/403/217 335/405/217 
f 373/443/218 366/436/218 367/437/218 
f 375/445/219 359/429/219 360/430/219 
f 376/446/220 413/552/220 377/447/220 
f 378/448/221 394/566/221 379/449/221 
f 380/450/222 412/571/222 381/451/222 
f 383/453/223 368/438/223 369/439/223 
f 385/455/224 411/555/224 386/456/224 
f 388/458/1 393/472/1 311/459/1 
f 373/460/194 413/503/194 290/390/194 
f 380/461/165 411/501/165 288/326/165 
f 345/462/164 416/510/164 286/323/164 
f 389/463/15 406/495/15 285/464/15 
f 390/465/162 397/486/162 57/320/162 
f 330/466/161 396/484/161 281/317/161 
f 383/467/5 394/474/5 312/468/5 
f 342/469/225 402/491/225 49/49/225 
f 391/470/225 395/482/225 69/69/225 
f 392/471/226 388/458/226 1/1/226 
f 393/472/227 421/517/227 66/66/227 
f 368/473/228 383/467/228 64/366/228 
f 394/474/229 378/479/229 14/14/229 
f 359/475/230 375/513/230 314/372/230 
f 333/403/230 372/442/230 61/476/230 
f 348/478/231 368/473/231 52/52/231 
f 378/479/231 364/483/231 318/377/231 
f 336/480/232 359/475/232 316/375/232 
f 372/442/232 354/424/232 59/481/232 
f 395/482/233 348/478/233 54/54/233 
f 364/483/233 342/469/233 11/11/233 
f 396/484/234 336/480/234 282/315/234 
f 354/485/235 330/466/235 308/364/235 
f 397/486/236 400/489/236 283/318/236 
f 398/487/237 390/465/237 307/362/237 
f 399/488/238 398/487/238 323/385/238 
f 400/489/238 403/492/238 48/48/238 
f 401/490/239 391/470/239 324/386/239 
f 402/491/239 405/494/239 44/44/239 
f 403/492/240 407/496/240 42/42/240 
f 404/493/241 399/488/241 319/380/241 
f 405/494/242 389/463/242 46/46/242 
f 406/495/243 401/490/243 321/383/243 
f 407/496/244 409/498/244 40/40/244 
f 408/497/245 404/493/245 38/38/245 
f 409/498/246 412/502/246 410/499/246 
f 385/500/246 408/497/246 37/37/246 
f 411/501/247 385/500/247 36/36/247 
f 412/502/248 380/461/248 303/356/248 
f 413/503/249 376/505/249 325/388/249 
f 366/504/250 373/460/250 31/393/250 
f 376/505/251 370/507/251 21/21/251 
f 356/506/251 366/504/251 27/27/251 
f 370/507/252 361/521/252 414/508/252 
f 415/509/252 356/506/252 20/20/252 
f 416/510/253 351/519/253 417/511/253 
f 418/512/254 345/462/254 304/359/254 
f 375/513/255 339/518/255 293/331/255 
f 419/514/255 333/403/255 50/477/255 
f 420/516/256 392/471/256 3/3/256 
f 421/517/256 422/520/256 9/9/256 
f 339/518/257 418/512/257 291/329/257 
f 351/519/257 419/1843/257 5/5/257 
f 422/520/258 415/509/258 7/7/258 
f 361/521/259 420/516/259 328/398/259 
f 423/522/260 344/414/260 349/419/260 
f 425/524/261 441/540/261 426/525/261 
f 384/454/262 369/439/262 365/435/262 
f 340/410/263 360/430/263 355/425/263 
f 369/439/264 350/420/264 343/413/264 
f 360/430/265 338/408/265 331/401/265 
f 350/420/266 349/419/266 344/414/266 
f 338/408/267 337/407/267 332/402/267 
f 428/527/268 444/545/268 429/528/268 
f 430/529/269 434/533/269 431/530/269 
f 424/523/270 437/536/270 432/531/270 
f 433/532/271 431/530/271 434/533/271 
f 436/535/272 432/531/272 437/536/272 
f 439/538/273 433/532/273 435/534/273 
f 381/451/274 439/538/274 440/539/274 
f 387/457/275 386/456/275 382/452/275 
f 371/441/276 377/447/276 374/444/276 
f 362/432/277 371/441/277 367/437/277 
f 363/433/278 362/432/278 358/428/278 
f 353/423/279 352/422/279 347/417/279 
f 341/411/280 340/410/280 335/405/280 
f 441/540/281 443/542/281 442/541/281 
f 346/416/282 341/411/282 334/404/282 
f 357/427/283 442/541/283 443/542/283 
f 392/543/284 420/556/284 443/542/284 
f 400/544/285 397/562/285 444/545/285 
f 422/546/286 421/574/286 426/525/286 
f 390/547/287 398/549/287 430/529/287 
f 418/548/288 339/409/288 341/411/288 
f 398/549/289 399/561/289 434/533/289 
f 393/550/290 388/572/290 425/524/290 
f 419/514/291 351/421/291 353/423/291 
f 403/551/292 400/544/292 428/527/292 
f 413/552/293 373/443/293 374/444/293 
f 415/553/294 422/546/294 442/541/294 
f 391/554/295 401/565/295 437/536/295 
f 411/555/296 380/450/296 382/452/296 
f 420/556/297 361/431/297 363/433/297 
f 405/557/298 402/568/298 423/522/298 
f 416/558/299 345/415/299 347/417/299 
f 407/559/300 403/551/300 431/530/300 
f 406/560/301 389/563/301 436/535/301 
f 399/561/302 404/569/302 435/534/302 
f 397/562/303 390/547/303 429/528/303 
f 389/563/304 405/557/304 432/531/304 
f 396/564/305 330/400/305 332/402/305 
f 401/565/306 406/560/306 438/537/306 
f 394/566/307 383/453/307 384/454/307 
f 409/567/308 407/559/308 433/532/308 
f 402/568/309 342/412/309 344/414/309 
f 404/569/310 408/573/310 440/539/310 
f 395/570/311 391/554/311 424/523/311 
f 412/571/312 409/567/312 439/538/312 
f 388/572/313 392/543/313 441/540/313 
f 408/573/314 385/455/314 387/457/314 
f 421/574/315 393/550/315 427/526/315 
f 445/575/316 483/653/316 13/13/316 
f 446/576/317 445/575/317 15/15/317 
f 447/577/318 446/576/318 10/10/318 
f 448/578/319 447/577/319 12/12/319 
f 449/579/320 448/578/320 43/43/320 
f 450/580/321 449/579/321 45/45/321 
f 451/582/322 485/655/322 289/389/322 
f 452/583/323 451/582/323 326/392/323 
f 453/584/324 452/583/324 23/23/324 
f 454/585/325 453/584/325 22/22/325 
f 455/586/326 454/585/326 329/399/326 
f 456/587/327 455/586/327 2/2/327 
f 457/589/328 487/657/328 55/319/328 
f 198/590/329 457/589/329 310/368/329 
f 193/591/330 198/590/330 47/47/330 
f 187/592/331 193/591/331 41/41/331 
f 181/593/332 187/592/332 305/360/332 
f 458/594/333 181/593/333 302/355/333 
f 459/595/334 489/659/334 287/324/334 
f 460/596/335 459/595/335 4/4/335 
f 461/597/336 460/596/336 6/6/336 
f 462/598/337 461/597/337 51/51/337 
f 463/599/338 462/598/338 58/58/338 
f 464/600/339 463/599/339 60/60/339 
f 144/601/340 465/604/340 241/602/340 
f 465/604/317 466/606/317 244/605/317 
f 466/606/318 467/608/318 247/607/318 
f 467/608/319 468/610/319 250/609/319 
f 468/610/320 469/612/320 252/611/320 
f 469/612/341 484/654/341 254/613/341 
f 470/614/342 471/617/342 260/615/342 
f 471/617/323 472/619/323 262/618/323 
f 472/619/324 473/621/324 264/620/324 
f 473/621/325 474/623/325 266/622/325 
f 474/623/326 475/625/326 136/624/326 
f 475/625/343 486/656/343 132/626/343 
f 476/627/344 477/630/344 119/628/344 
f 477/630/329 202/632/329 113/631/329 
f 202/632/330 478/634/330 107/633/330 
f 478/634/331 479/636/331 101/635/331 
f 479/636/332 480/638/332 95/637/332 
f 480/638/345 488/658/345 88/639/345 
f 481/640/346 160/643/346 74/641/346 
f 160/643/335 172/645/335 237/644/335 
f 172/645/336 147/647/336 240/646/336 
f 147/647/337 141/649/337 243/648/337 
f 141/649/338 482/651/338 246/650/338 
f 482/651/347 490/660/347 249/652/347 
f 483/653/348 144/601/348 238/603/348 
f 484/654/349 450/580/349 298/581/349 
f 485/655/350 470/614/350 258/616/350 
f 486/656/351 456/587/351 299/588/351 
f 487/657/352 476/627/352 124/629/352 
f 488/658/353 458/594/353 300/357/353 
f 489/659/354 481/640/354 80/642/354 
f 490/660/355 464/600/355 301/365/355 
f 483/661/356 445/663/356 491/662/356 
f 445/663/357 446/665/357 492/664/357 
f 446/665/358 447/667/358 493/666/358 
f 447/667/359 448/669/359 494/668/359 
f 448/669/360 449/671/360 495/670/360 
f 449/671/361 450/712/361 496/672/361 
f 485/673/362 451/676/362 497/674/362 
f 451/676/363 452/678/363 499/677/363 
f 452/678/364 453/680/364 500/679/364 
f 453/680/365 454/760/365 501/681/365 
f 475/682/366 474/768/366 502/683/366 
f 486/685/367 475/682/367 503/684/367 
f 477/687/368 476/725/368 505/688/368 
f 457/689/369 198/198/369 199/199/369 
f 478/691/370 202/202/370 204/204/370 
f 479/693/371 478/691/371 507/692/371 
f 480/695/372 479/693/372 508/694/372 
f 488/697/373 480/695/373 509/696/373 
f 489/699/374 459/702/374 511/700/374 
f 459/702/375 460/704/375 513/703/375 
f 460/704/376 461/706/376 514/705/376 
f 461/706/377 462/708/377 515/707/377 
f 462/708/378 463/710/378 516/709/378 
f 463/710/379 464/740/379 517/711/379 
f 450/712/380 484/757/380 518/713/380 
f 482/714/381 141/141/381 143/143/381 
f 470/716/382 485/673/382 498/675/382 
f 490/718/383 482/714/383 519/715/383 
f 456/720/384 486/685/384 504/686/384 
f 466/722/385 465/733/385 523/723/385 
f 476/725/386 487/767/386 525/726/386 
f 526/727/387 650/897/387 527/728/387 
f 458/730/388 488/697/388 510/698/388 
f 529/731/389 526/727/389 528/729/389 
f 465/733/390 144/144/390 146/146/390 
f 481/734/391 489/699/391 512/701/391 
f 531/735/392 529/731/392 530/732/392 
f 533/737/393 648/895/393 534/738/393 
f 464/740/394 490/718/394 521/719/394 
f 536/741/395 531/735/395 532/736/395 
f 467/743/396 466/722/396 524/724/396 
f 539/745/397 550/762/397 540/746/397 
f 468/748/398 467/743/398 538/744/398 
f 472/750/399 471/759/399 543/751/399 
f 469/753/400 468/748/400 542/749/400 
f 546/755/401 539/745/401 541/747/401 
f 484/757/402 469/753/402 545/754/402 
f 548/758/403 546/755/403 547/756/403 
f 471/759/404 470/716/404 520/717/404 
f 454/760/405 455/764/405 549/761/405 
f 550/762/406 657/904/406 551/763/406 
f 455/764/407 456/720/407 522/721/407 
f 473/765/408 472/750/408 544/752/408 
f 487/767/409 457/689/409 506/690/409 
f 474/768/410 473/765/410 552/766/410 
f 553/769/411 584/800/411 92/92/411 
f 554/770/411 553/769/411 121/121/411 
f 555/771/411 554/770/411 115/115/411 
f 556/772/411 555/771/411 109/109/411 
f 557/773/411 556/772/411 103/103/411 
f 558/774/411 557/773/411 97/97/411 
f 559/775/411 558/774/411 90/90/411 
f 560/776/411 559/775/411 86/86/411 
f 561/777/411 560/776/411 82/82/411 
f 562/778/411 561/777/411 77/77/411 
f 563/779/411 562/778/411 236/255/411 
f 564/780/412 563/779/412 239/259/412 
f 565/781/411 564/780/411 242/263/411 
f 566/782/412 565/781/412 245/267/412 
f 567/783/411 566/782/411 248/271/411 
f 568/784/411 567/783/411 251/275/411 
f 569/785/412 568/784/412 253/278/412 
f 570/786/411 569/785/411 255/281/411 
f 571/787/412 570/786/412 257/284/412 
f 572/788/411 571/787/411 259/287/411 
f 573/789/411 572/788/411 261/290/411 
f 574/790/411 573/789/411 263/293/411 
f 575/791/411 574/790/411 265/296/411 
f 576/792/411 575/791/411 267/299/411 
f 577/793/411 576/792/411 134/134/411 
f 578/794/411 577/793/411 130/130/411 
f 579/795/412 578/794/412 126/126/412 
f 580/796/411 579/795/411 122/122/411 
f 581/797/411 580/796/411 117/117/411 
f 582/798/411 581/797/411 111/111/411 
f 583/799/411 582/798/411 105/105/411 
f 584/800/412 583/799/412 99/99/412 
f 561/777/413 562/778/413 585/801/413 
f 586/802/414 587/803/414 560/776/414 
f 587/803/415 588/804/415 559/775/415 
f 588/804/416 589/805/416 558/774/416 
f 589/805/417 591/807/417 557/773/417 
f 590/806/418 592/808/418 583/799/418 
f 591/807/419 593/809/419 556/772/419 
f 592/808/420 594/810/420 582/798/420 
f 593/809/421 595/811/421 555/771/421 
f 594/810/422 596/812/422 581/797/422 
f 595/811/423 597/813/423 554/770/423 
f 596/812/424 598/814/424 580/796/424 
f 597/813/425 616/926/425 553/769/425 
f 598/814/426 599/815/426 579/795/426 
f 599/815/427 600/816/427 578/794/427 
f 600/816/428 601/817/428 577/793/428 
f 601/817/429 602/818/429 576/792/429 
f 602/818/430 615/831/430 575/791/430 
f 562/778/431 563/779/431 603/819/431 
f 563/779/432 564/780/432 604/820/432 
f 564/780/433 565/781/433 605/821/433 
f 565/781/434 566/782/434 606/822/434 
f 566/782/435 567/783/435 607/823/435 
f 567/783/436 568/784/436 608/824/436 
f 568/784/437 569/785/437 609/825/437 
f 569/785/438 570/786/438 610/826/438 
f 570/786/439 571/787/439 611/827/439 
f 571/787/440 572/788/440 612/828/440 
f 572/788/441 573/789/441 613/829/441 
f 573/789/442 574/790/442 614/830/442 
f 615/831/443 614/830/443 574/790/443 
f 64/64/444 312/370/444 140/140/444 
f 308/378/445 281/314/445 280/313/445 
f 307/379/446 57/57/446 56/56/446 
f 46/387/447 285/322/447 284/321/447 
f 304/396/448 286/395/448 191/191/448 
f 303/391/449 288/374/449 315/373/449 
f 31/31/450 290/328/450 159/159/450 
f 1/354/451 311/369/451 17/17/451 
f 535/739/454 534/738/454 618/865/454 
f 619/866/455 618/865/455 145/145/455 
f 527/728/456 535/739/456 619/866/456 
f 620/867/457 619/866/457 491/662/457 
f 528/729/458 527/728/458 620/867/458 
f 621/868/459 620/867/459 492/664/459 
f 530/732/460 528/729/460 621/868/460 
f 622/869/461 621/868/461 493/666/461 
f 532/736/462 530/732/462 622/869/462 
f 623/870/463 622/869/463 494/668/463 
f 537/742/464 532/736/464 623/870/464 
f 624/871/465 623/870/465 495/670/465 
f 540/746/466 551/763/466 625/872/466 
f 626/873/467 625/872/467 498/675/467 
f 541/747/468 540/746/468 626/873/468 
f 627/874/469 626/873/469 497/674/469 
f 547/756/470 541/747/470 627/874/470 
f 628/875/471 627/874/471 499/677/471 
f 201/201/472 547/756/472 628/875/472 
f 629/876/473 628/875/473 500/679/473 
f 196/196/474 201/201/474 629/876/474 
f 630/877/475 629/876/475 501/681/475 
f 197/197/476 196/196/476 630/877/476 
f 631/878/477 630/877/477 549/761/477 
f 186/186/478 185/185/478 632/879/478 
f 633/880/479 632/879/479 525/726/479 
f 180/180/480 186/186/480 633/880/480 
f 634/881/481 633/880/481 506/690/481 
f 177/177/482 180/180/482 634/881/482 
f 635/882/483 634/881/483 199/199/483 
f 171/171/484 177/177/484 635/882/484 
f 636/883/485 635/882/485 194/194/485 
f 166/166/486 171/171/486 636/883/486 
f 637/884/487 636/883/487 188/188/487 
f 167/167/488 166/166/488 637/884/488 
f 638/885/489 637/884/489 183/183/489 
f 154/154/490 153/153/490 639/886/490 
f 640/887/491 639/886/491 512/701/491 
f 169/169/492 154/154/492 640/887/492 
f 641/888/493 640/887/493 511/700/493 
f 164/164/494 169/169/494 641/888/494 
f 642/889/495 641/888/495 513/703/495 
f 156/156/496 164/164/496 642/889/496 
f 643/890/497 642/889/497 514/705/497 
f 150/150/498 156/156/498 643/890/498 
f 644/891/499 643/890/499 515/707/499 
f 151/151/500 150/150/500 644/891/500 
f 645/892/501 644/891/501 516/709/501 
f 523/723/502 146/146/502 646/893/502 
f 647/894/503 646/893/503 648/895/503 
f 524/724/504 523/723/504 647/894/504 
f 649/896/505 647/894/505 533/737/505 
f 538/744/506 524/724/506 649/896/506 
f 651/898/507 649/896/507 650/897/507 
f 542/749/508 538/744/508 651/898/508 
f 652/899/509 651/898/509 526/727/509 
f 545/754/510 542/749/510 652/899/510 
f 653/900/511 652/899/511 529/731/511 
f 518/713/512 545/754/512 653/900/512 
f 654/901/513 653/900/513 531/735/513 
f 543/751/514 520/717/514 655/902/514 
f 656/903/515 655/902/515 657/904/515 
f 544/752/516 543/751/516 656/903/516 
f 658/905/517 656/903/517 550/762/517 
f 552/766/518 544/752/518 658/905/518 
f 659/906/519 658/905/519 539/745/519 
f 502/683/520 552/766/520 659/906/520 
f 660/907/521 659/906/521 546/755/521 
f 503/684/522 502/683/522 660/907/522 
f 661/908/523 660/907/523 548/758/523 
f 504/686/524 503/684/524 661/908/524 
f 662/909/525 661/908/525 200/200/525 
f 203/203/526 505/688/526 663/910/526 
f 664/911/527 663/910/527 665/912/527 
f 204/204/528 203/203/528 664/911/528 
f 666/913/529 664/911/529 184/184/529 
f 507/692/530 204/204/530 666/913/530 
f 667/914/531 666/913/531 192/192/531 
f 508/694/532 507/692/532 667/914/532 
f 668/915/533 667/914/533 179/179/533 
f 509/696/534 508/694/534 668/915/534 
f 669/916/535 668/915/535 176/176/535 
f 510/698/536 509/696/536 669/916/536 
f 670/917/537 669/916/537 170/170/537 
f 162/162/538 161/161/538 671/918/538 
f 672/919/539 671/918/539 673/920/539 
f 148/148/540 162/162/540 672/919/540 
f 674/921/541 672/919/541 152/152/541 
f 142/142/542 148/148/542 674/921/542 
f 675/922/543 674/921/543 178/178/543 
f 143/143/544 142/142/544 675/922/544 
f 676/923/545 675/922/545 168/168/545 
f 519/715/546 143/143/546 676/923/546 
f 677/924/547 676/923/547 163/163/547 
f 521/719/548 519/715/548 677/924/548 
f 678/925/549 677/924/549 155/155/549 
f 534/738/550 648/895/550 646/893/550 
f 618/865/551 646/893/551 146/146/551 
f 496/672/552 518/713/552 654/901/552 
f 624/871/553 654/901/553 536/741/553 
f 551/763/554 657/904/554 655/902/554 
f 625/872/555 655/902/555 520/717/555 
f 522/721/556 504/686/556 662/909/556 
f 631/878/557 662/909/557 195/195/557 
f 185/185/558 665/912/558 663/910/558 
f 632/879/559 663/910/559 505/688/559 
f 182/182/560 510/698/560 670/917/560 
f 638/885/561 670/917/561 165/165/561 
f 153/153/562 673/920/562 671/918/562 
f 639/886/563 671/918/563 161/161/563 
f 517/711/564 521/719/564 678/925/564 
f 645/892/565 678/925/565 149/149/565 
f 650/897/566 533/737/566 535/739/566 
f 616/926/567 590/806/567 584/800/567 
f 679/927/412 2034/1578/412 2183/1577/412 
f 679/927/412 2183/1577/412 1288/1536/412 
f 679/927/412 1288/1536/412 1290/1538/412 
f 679/927/412 1290/1538/412 905/1153/412 
f 679/927/412 905/1153/412 680/928/412 
f 682/930/411 2247/1580/411 2024/1579/411 
f 682/930/411 2024/1579/411 1266/1514/411 
f 682/930/411 1266/1514/411 683/931/411 
f 685/933/452 2008/1582/452 2294/1581/452 
f 685/933/452 2294/1581/452 1311/1559/452 
f 685/933/452 1311/1559/452 1313/1561/452 
f 685/933/452 1313/1561/452 2210/1775/452 
f 685/933/452 2210/1775/452 686/934/452 
f 688/936/453 2266/1584/453 2003/1583/453 
f 688/936/453 2003/1583/453 1305/1553/453 
f 688/936/453 1305/1553/453 1307/1555/453 
f 688/936/453 1307/1555/453 2050/1780/453 
f 688/936/453 2050/1780/453 689/937/453 
f 691/939/453 2243/1586/453 2242/1585/453 
f 691/939/453 2242/1585/453 2004/1820/453 
f 691/939/453 2004/1820/453 692/940/453 
f 694/942/453 2005/1588/453 2241/1587/453 
f 694/942/453 2241/1587/453 2243/1586/453 
f 694/942/453 2243/1586/453 691/939/453 
f 696/944/452 2009/1590/452 2293/1589/452 
f 696/944/452 2293/1589/452 2292/1800/452 
f 696/944/452 2292/1800/452 697/945/452 
f 699/947/452 2333/1592/452 2332/1591/452 
f 699/947/452 2332/1591/452 2010/1818/452 
f 699/947/452 2010/1818/452 696/944/452 
f 700/948/453 2241/1587/453 2005/1588/453 
f 700/948/453 2005/1588/453 1302/1550/453 
f 700/948/453 1302/1550/453 1304/1552/453 
f 700/948/453 1304/1552/453 2052/1777/453 
f 700/948/453 2052/1777/453 701/949/453 
f 703/951/411 2031/1594/411 2382/1593/411 
f 703/951/411 2382/1593/411 2381/1809/411 
f 703/951/411 2381/1809/411 704/952/411 
f 706/954/453 2014/1596/453 2380/1595/453 
f 706/954/453 2380/1595/453 1250/1498/453 
f 706/954/453 1250/1498/453 1252/1500/453 
f 706/954/453 1252/1500/453 2228/1835/453 
f 706/954/453 2228/1835/453 707/955/453 
f 709/957/452 2192/1598/452 2012/1597/452 
f 709/957/452 2012/1597/452 1298/1546/452 
f 709/957/452 1298/1546/452 710/958/452 
f 712/960/452 2380/1595/452 2014/1596/452 
f 712/960/452 2014/1596/452 1297/1545/452 
f 712/960/452 1297/1545/452 713/961/452 
f 715/963/452 2214/1600/452 2016/1599/452 
f 715/963/452 2016/1599/452 1221/1469/452 
f 715/963/452 1221/1469/452 716/964/452 
f 718/966/452 2175/1602/452 2019/1601/452 
f 718/966/452 2019/1601/452 1224/1472/452 
f 718/966/452 1224/1472/452 1226/1474/452 
f 718/966/452 1226/1474/452 2109/1829/452 
f 718/966/452 2109/1829/452 719/967/452 
f 721/969/452 2019/1601/452 2175/1602/452 
f 721/969/452 2175/1602/452 1272/1520/452 
f 721/969/452 1272/1520/452 722/970/452 
f 724/972/411 2252/1604/411 2023/1603/411 
f 724/972/411 2023/1603/411 1200/1448/411 
f 724/972/411 1200/1448/411 1202/1450/411 
f 724/972/411 1202/1450/411 2146/1831/411 
f 724/972/411 2146/1831/411 725/973/411 
f 727/975/412 2041/1606/412 2321/1605/412 
f 727/975/412 2321/1605/412 2320/1789/412 
f 727/975/412 2320/1789/412 728/976/412 
f 730/978/453 2045/1608/453 2387/1607/453 
f 730/978/453 2387/1607/453 2386/1610/453 
f 730/978/453 2386/1610/453 731/979/453 
f 731/979/453 2386/1610/453 2388/1609/453 
f 731/979/453 2388/1609/453 2044/1787/453 
f 731/979/453 2044/1787/453 733/981/453 
f 735/983/411 2025/1612/411 2246/1611/411 
f 735/983/411 2246/1611/411 682/930/411 
f 735/983/411 682/930/411 684/932/411 
f 737/985/412 2246/1611/412 2025/1612/412 
f 737/985/412 2025/1612/412 1314/1562/412 
f 737/985/412 1314/1562/412 1316/1564/412 
f 737/985/412 1316/1564/412 2174/1832/412 
f 737/985/412 2174/1832/412 738/986/412 
f 740/988/411 2348/1614/411 2028/1613/411 
f 740/988/411 2028/1613/411 1264/1512/411 
f 740/988/411 1264/1512/411 741/989/411 
f 743/991/411 2029/1616/411 2347/1615/411 
f 743/991/411 2347/1615/411 740/988/411 
f 743/991/411 740/988/411 742/990/411 
f 745/993/412 2281/1618/412 2032/1617/412 
f 745/993/412 2032/1617/412 703/951/412 
f 745/993/412 703/951/412 705/953/412 
f 747/995/412 2035/1620/412 2182/1619/412 
f 747/995/412 2182/1619/412 2181/1807/412 
f 747/995/412 2181/1807/412 748/996/412 
f 750/998/453 2397/1622/453 2007/1621/453 
f 750/998/453 2007/1621/453 685/933/453 
f 750/998/453 685/933/453 687/935/453 
f 750/998/453 687/935/453 2054/1774/453 
f 750/998/453 2054/1774/453 751/999/453 
f 753/1001/411 2022/1624/411 2253/1623/411 
f 753/1001/411 2253/1623/411 724/972/411 
f 753/1001/411 724/972/411 726/974/411 
f 753/1001/411 726/974/411 2370/1837/411 
f 753/1001/411 2370/1837/411 754/1002/411 
f 756/1004/411 2408/1626/411 2021/1625/411 
f 756/1004/411 2021/1625/411 753/1001/411 
f 756/1004/411 753/1001/411 755/1003/411 
f 756/1004/411 755/1003/411 2126/1830/411 
f 756/1004/411 2126/1830/411 757/1005/411 
f 759/1007/412 2037/1628/412 2325/1627/412 
f 759/1007/412 2325/1627/412 1246/1494/412 
f 759/1007/412 1246/1494/412 760/1008/412 
f 762/1010/412 2352/1630/412 2038/1629/412 
f 762/1010/412 2038/1629/412 759/1007/412 
f 762/1010/412 759/1007/412 761/1009/412 
f 764/1012/412 2351/1632/412 2039/1631/412 
f 764/1012/412 2039/1631/412 1257/1505/412 
f 764/1012/412 1257/1505/412 1258/1506/412 
f 764/1012/412 1258/1506/412 976/1224/412 
f 764/1012/412 976/1224/412 765/1013/412 
f 767/1015/412 2285/1634/412 2042/1633/412 
f 767/1015/412 2042/1633/412 727/975/412 
f 767/1015/412 727/975/412 729/977/412 
f 733/981/412 2043/1636/412 2284/1635/412 
f 733/981/412 2284/1635/412 767/1015/412 
f 733/981/412 767/1015/412 768/1016/412 
f 769/1017/453 2223/1638/453 2046/1637/453 
f 769/1017/453 2046/1637/453 730/978/453 
f 769/1017/453 730/978/453 732/980/453 
f 692/940/453 2003/1583/453 2266/1584/453 
f 692/940/453 2266/1584/453 1328/1576/453 
f 692/940/453 1328/1576/453 771/1019/453 
f 772/1020/411 1141/1389/411 2251/1639/411 
f 772/1020/411 2251/1639/411 1143/1391/411 
f 772/1020/411 1143/1391/411 1145/1393/411 
f 772/1020/411 1145/1393/411 2487/1645/411 
f 772/1020/411 2487/1645/411 773/1021/411 
f 775/1023/412 1189/1437/412 2497/1640/412 
f 775/1023/412 2497/1640/412 1125/1373/412 
f 775/1023/412 1125/1373/412 1127/1375/412 
f 775/1023/412 1127/1375/412 2279/1760/412 
f 775/1023/412 2279/1760/412 776/1024/412 
f 778/1026/411 1180/1428/411 2495/1641/411 
f 778/1026/411 2495/1641/411 1116/1364/411 
f 778/1026/411 1116/1364/411 1118/1366/411 
f 778/1026/411 1118/1366/411 2312/1770/411 
f 778/1026/411 2312/1770/411 779/1027/411 
f 781/1029/411 1171/1419/411 2493/1642/411 
f 781/1029/411 2493/1642/411 1107/1355/411 
f 781/1029/411 1107/1355/411 1109/1357/411 
f 781/1029/411 1109/1357/411 2216/1767/411 
f 781/1029/411 2216/1767/411 782/1030/411 
f 784/1032/411 1162/1410/411 2491/1643/411 
f 784/1032/411 2491/1643/411 1095/1343/411 
f 784/1032/411 1095/1343/411 1097/1345/411 
f 784/1032/411 1097/1345/411 2376/1764/411 
f 784/1032/411 2376/1764/411 785/1033/411 
f 787/1035/411 1096/1344/411 2079/1644/411 
f 787/1035/411 2079/1644/411 1274/1522/411 
f 787/1035/411 1274/1522/411 2340/1836/411 
f 787/1035/411 2340/1836/411 2338/1730/411 
f 787/1035/411 2338/1730/411 788/1036/411 
f 790/1038/412 773/1021/412 2487/1645/412 
f 790/1038/412 2487/1645/412 1119/1367/412 
f 790/1038/412 1119/1367/412 1121/1369/412 
f 790/1038/412 1121/1369/412 2344/1745/412 
f 790/1038/412 2344/1745/412 791/1039/412 
f 793/1041/411 1129/1377/411 2255/1646/411 
f 793/1041/411 2255/1646/411 1080/1328/411 
f 793/1041/411 1080/1328/411 1082/1330/411 
f 793/1041/411 1082/1330/411 2473/1652/411 
f 793/1041/411 2473/1652/411 794/1042/411 
f 796/1044/412 1165/1413/412 2483/1647/412 
f 796/1044/412 2483/1647/412 1062/1310/412 
f 796/1044/412 1062/1310/412 1064/1312/412 
f 796/1044/412 1064/1312/412 2277/1739/412 
f 796/1044/412 2277/1739/412 797/1045/412 
f 799/1047/412 1156/1404/412 2481/1648/412 
f 799/1047/412 2481/1648/412 1053/1301/412 
f 799/1047/412 1053/1301/412 1055/1303/412 
f 799/1047/412 1055/1303/412 2310/1749/412 
f 799/1047/412 2310/1749/412 800/1048/412 
f 802/1050/412 1147/1395/412 2479/1649/412 
f 802/1050/412 2479/1649/412 1044/1292/412 
f 802/1050/412 1044/1292/412 1046/1294/412 
f 802/1050/412 1046/1294/412 2212/1746/412 
f 802/1050/412 2212/1746/412 803/1051/412 
f 805/1053/411 1138/1386/411 2477/1650/411 
f 805/1053/411 2477/1650/411 1074/1322/411 
f 805/1053/411 1074/1322/411 1076/1324/411 
f 805/1053/411 1076/1324/411 2430/1743/411 
f 805/1053/411 2430/1743/411 806/1054/411 
f 808/1056/412 1033/1281/412 2204/1651/412 
f 808/1056/412 2204/1651/412 1035/1283/412 
f 808/1056/412 1035/1283/412 1037/1285/412 
f 808/1056/412 1037/1285/412 2463/1708/412 
f 808/1056/412 2463/1708/412 809/1057/412 
f 811/1059/412 794/1042/412 2473/1652/412 
f 811/1059/412 2473/1652/412 1056/1304/412 
f 811/1059/412 1056/1304/412 1058/1306/412 
f 811/1059/412 1058/1306/412 2300/1737/412 
f 811/1059/412 2300/1737/412 812/1060/412 
f 814/1062/412 1057/1305/412 2104/1653/412 
f 814/1062/412 2104/1653/412 1017/1265/412 
f 814/1062/412 1017/1265/412 1019/1267/412 
f 814/1062/412 1019/1267/412 2195/1716/412 
f 814/1062/412 2195/1716/412 815/1063/412 
f 817/1065/412 1102/1350/412 2469/1654/412 
f 817/1065/412 2469/1654/412 999/1247/412 
f 817/1065/412 999/1247/412 1001/1249/412 
f 817/1065/412 1001/1249/412 2360/1731/412 
f 817/1065/412 2360/1731/412 818/1066/412 
f 820/1068/411 1093/1341/411 2467/1655/411 
f 820/1068/411 2467/1655/411 987/1235/411 
f 820/1068/411 987/1235/411 989/1237/411 
f 820/1068/411 989/1237/411 2206/1728/411 
f 820/1068/411 2206/1728/411 821/1069/411 
f 823/1071/412 988/1236/412 2113/1656/412 
f 823/1071/412 2113/1656/412 1225/1473/412 
f 823/1071/412 1225/1473/412 2221/1834/412 
f 823/1071/412 2221/1834/412 2219/1693/412 
f 823/1071/412 2219/1693/412 824/1072/412 
f 826/1074/411 979/1227/411 2238/1657/411 
f 826/1074/411 2238/1657/411 981/1229/411 
f 826/1074/411 981/1229/411 983/1231/411 
f 826/1074/411 983/1231/411 2451/1690/411 
f 826/1074/411 2451/1690/411 827/1075/411 
f 829/1077/411 1066/1314/411 2461/1658/411 
f 829/1077/411 2461/1658/411 1002/1250/411 
f 829/1077/411 1002/1250/411 1004/1252/411 
f 829/1077/411 1004/1252/411 2335/1706/411 
f 829/1077/411 2335/1706/411 830/1078/411 
f 832/1080/411 1012/1260/411 2298/1659/411 
f 832/1080/411 2298/1659/411 964/1212/411 
f 832/1080/411 964/1212/411 966/1214/411 
f 832/1080/411 966/1214/411 2447/1665/411 
f 832/1080/411 2447/1665/411 833/1081/411 
f 835/1083/411 1048/1296/411 2457/1660/411 
f 835/1083/411 2457/1660/411 946/1194/411 
f 835/1083/411 946/1194/411 948/1196/411 
f 835/1083/411 948/1196/411 2261/1700/411 
f 835/1083/411 2261/1700/411 836/1084/411 
f 838/1086/411 1039/1287/411 2455/1661/411 
f 838/1086/411 2455/1661/411 934/1182/411 
f 838/1086/411 934/1182/411 936/1184/411 
f 838/1086/411 936/1184/411 2358/1710/411 
f 838/1086/411 2358/1710/411 839/1087/411 
f 841/1089/411 935/1183/411 2130/1662/411 
f 841/1089/411 2130/1662/411 754/1002/411 
f 841/1089/411 754/1002/411 2370/1837/411 
f 841/1089/411 2370/1837/411 2368/1676/411 
f 841/1089/411 2368/1676/411 842/1090/411 
f 844/1092/411 968/1216/411 2134/1663/411 
f 844/1092/411 2134/1663/411 928/1176/411 
f 844/1092/411 928/1176/411 930/1178/411 
f 844/1092/411 930/1178/411 2295/1689/411 
f 844/1092/411 2295/1689/411 845/1093/411 
f 847/1095/411 917/1165/411 2232/1664/411 
f 847/1095/411 2232/1664/411 919/1167/411 
f 847/1095/411 919/1167/411 921/1169/411 
f 847/1095/411 921/1169/411 2437/1686/411 
f 847/1095/411 2437/1686/411 848/1096/411 
f 850/1098/411 833/1081/411 2447/1665/411 
f 850/1098/411 2447/1665/411 940/1188/411 
f 850/1098/411 940/1188/411 942/1190/411 
f 850/1098/411 942/1190/411 2324/1685/411 
f 850/1098/411 2324/1685/411 851/1099/411 
f 853/1101/411 950/1198/411 2287/1666/411 
f 853/1101/411 2287/1666/411 901/1149/411 
f 853/1101/411 901/1149/411 903/1151/411 
f 853/1101/411 903/1151/411 2433/1672/411 
f 853/1101/411 2433/1672/411 854/1102/411 
f 856/1104/411 985/1233/411 2443/1667/411 
f 856/1104/411 2443/1667/411 883/1131/411 
f 856/1104/411 883/1131/411 885/1133/411 
f 856/1104/411 885/1133/411 2259/1679/411 
f 856/1104/411 2259/1679/411 857/1105/411 
f 859/1107/412 977/1225/412 2441/1668/412 
f 859/1107/412 2441/1668/412 922/1170/412 
f 859/1107/412 922/1170/412 924/1172/412 
f 859/1107/412 924/1172/412 1286/1534/412 
f 859/1107/412 1286/1534/412 860/1108/412 
f 862/1110/412 929/1177/412 2439/1669/412 
f 862/1110/412 2439/1669/412 904/1152/412 
f 862/1110/412 904/1152/412 906/1154/412 
f 862/1110/412 906/1154/412 1289/1537/412 
f 862/1110/412 1289/1537/412 863/1111/412 
f 865/1113/411 911/1159/411 2435/1670/411 
f 865/1113/411 2435/1670/411 868/1116/411 
f 865/1113/411 868/1116/411 870/1118/411 
f 865/1113/411 870/1118/411 1277/1525/411 
f 865/1113/411 1277/1525/411 866/1114/411 
f 868/1116/412 890/1138/412 2349/1671/412 
f 868/1116/412 2349/1671/412 871/1119/412 
f 868/1116/412 871/1119/412 873/1121/412 
f 868/1116/412 873/1121/412 1262/1510/412 
f 868/1116/412 1262/1510/412 869/1117/412 
f 871/1119/411 854/1102/411 2433/1672/411 
f 871/1119/411 2433/1672/411 877/1125/411 
f 871/1119/411 877/1125/411 879/1127/411 
f 871/1119/411 879/1127/411 1295/1543/411 
f 871/1119/411 1295/1543/411 872/1120/411 
f 874/1122/411 932/1180/411 2412/1673/411 
f 874/1122/411 2412/1673/411 738/986/411 
f 874/1122/411 738/986/411 2174/1832/411 
f 874/1122/411 2174/1832/411 1315/1563/411 
f 874/1122/411 1315/1563/411 875/1123/411 
f 877/1125/411 902/1150/411 2189/1674/411 
f 877/1125/411 2189/1674/411 886/1134/411 
f 877/1125/411 886/1134/411 888/1136/411 
f 877/1125/411 888/1136/411 1244/1492/411 
f 877/1125/411 1244/1492/411 878/1126/411 
f 880/1128/411 994/1242/411 2404/1675/411 
f 880/1128/411 2404/1675/411 856/1104/411 
f 880/1128/411 856/1104/411 858/1106/411 
f 880/1128/411 858/1106/411 2141/1682/411 
f 880/1128/411 2141/1682/411 881/1129/411 
f 883/1131/411 842/1090/411 2368/1676/411 
f 883/1131/411 2368/1676/411 725/973/411 
f 883/1131/411 725/973/411 2146/1831/411 
f 883/1131/411 2146/1831/411 2144/1692/411 
f 883/1131/411 2144/1692/411 884/1132/411 
f 886/1134/411 893/1141/411 2431/1677/411 
f 886/1134/411 2431/1677/411 874/1122/411 
f 886/1134/411 874/1122/411 876/1124/411 
f 886/1134/411 876/1124/411 1318/1566/411 
f 886/1134/411 1318/1566/411 887/1135/411 
f 889/1137/412 941/1189/412 2140/1678/412 
f 889/1137/412 2140/1678/412 853/1101/412 
f 889/1137/412 853/1101/412 855/1103/412 
f 889/1137/412 855/1103/412 2349/1671/412 
f 889/1137/412 2349/1671/412 890/1138/412 
f 892/1140/412 857/1105/412 2259/1679/412 
f 892/1140/412 2259/1679/412 931/1179/412 
f 892/1140/412 931/1179/412 933/1181/412 
f 892/1140/412 933/1181/412 2431/1677/412 
f 892/1140/412 2431/1677/412 893/1141/412 
f 895/1143/411 920/1168/411 2239/1680/411 
f 895/1143/411 2239/1680/411 865/1113/411 
f 895/1143/411 865/1113/411 867/1115/411 
f 895/1143/411 867/1115/411 1241/1489/411 
f 895/1143/411 1241/1489/411 896/1144/411 
f 898/1146/412 953/1201/412 2353/1681/412 
f 898/1146/412 2353/1681/412 850/1098/412 
f 898/1146/412 850/1098/412 852/1100/412 
f 898/1146/412 852/1100/412 2137/1688/412 
f 898/1146/412 2137/1688/412 899/1147/412 
f 901/1149/412 881/1129/412 2141/1682/412 
f 901/1149/412 2141/1682/412 892/1140/412 
f 901/1149/412 892/1140/412 894/1142/412 
f 901/1149/412 894/1142/412 2189/1674/412 
f 901/1149/412 2189/1674/412 902/1150/412 
f 904/1152/411 908/1156/411 2262/1683/411 
f 904/1152/411 2262/1683/411 913/1161/411 
f 904/1152/411 913/1161/411 915/1163/411 
f 904/1152/411 915/1163/411 680/928/411 
f 904/1152/411 680/928/411 905/1153/411 
f 907/1155/411 959/1207/411 2136/1684/411 
f 907/1155/411 2136/1684/411 847/1095/411 
f 907/1155/411 847/1095/411 849/1097/411 
f 907/1155/411 849/1097/411 2262/1683/411 
f 907/1155/411 2262/1683/411 908/1156/411 
f 910/1158/412 851/1099/412 2324/1685/412 
f 910/1158/412 2324/1685/412 889/1137/412 
f 910/1158/412 889/1137/412 891/1139/412 
f 910/1158/412 891/1139/412 2435/1670/412 
f 910/1158/412 2435/1670/412 911/1159/412 
f 913/1161/412 848/1096/412 2437/1686/412 
f 913/1161/412 2437/1686/412 895/1143/412 
f 913/1161/412 895/1143/412 897/1145/412 
f 913/1161/412 897/1145/412 1326/1574/412 
f 913/1161/412 1326/1574/412 914/1162/412 
f 916/1164/411 974/1222/411 2449/1687/411 
f 916/1164/411 2449/1687/411 898/1146/411 
f 916/1164/411 898/1146/411 900/1148/411 
f 916/1164/411 900/1148/411 2232/1664/411 
f 916/1164/411 2232/1664/411 917/1165/411 
f 919/1167/411 899/1147/411 2137/1688/411 
f 919/1167/411 2137/1688/411 910/1158/411 
f 919/1167/411 910/1158/411 912/1160/411 
f 919/1167/411 912/1160/411 2239/1680/411 
f 919/1167/411 2239/1680/411 920/1168/411 
f 922/1170/412 845/1093/412 2295/1689/412 
f 922/1170/412 2295/1689/412 862/1110/412 
f 922/1170/412 862/1110/412 864/1112/412 
f 922/1170/412 864/1112/412 1238/1486/412 
f 922/1170/412 1238/1486/412 923/1171/412 
f 925/1173/412 827/1075/412 2451/1690/412 
f 925/1173/412 2451/1690/412 958/1206/412 
f 925/1173/412 958/1206/412 960/1208/412 
f 925/1173/412 960/1208/412 2396/1691/412 
f 925/1173/412 2396/1691/412 926/1174/412 
f 928/1176/411 926/1174/411 2396/1691/411 
f 928/1176/411 2396/1691/411 907/1155/411 
f 928/1176/411 907/1155/411 909/1157/411 
f 928/1176/411 909/1157/411 2439/1669/411 
f 928/1176/411 2439/1669/411 929/1177/411 
f 931/1179/411 884/1132/411 2144/1692/411 
f 931/1179/411 2144/1692/411 1201/1449/411 
f 931/1179/411 1201/1449/411 2414/1838/411 
f 931/1179/411 2414/1838/411 2412/1673/411 
f 931/1179/411 2412/1673/411 932/1180/411 
f 934/1182/412 824/1072/412 2219/1693/412 
f 934/1182/412 2219/1693/412 757/1005/412 
f 934/1182/412 757/1005/412 2126/1830/412 
f 934/1182/412 2126/1830/412 2130/1662/412 
f 934/1182/412 2130/1662/412 935/1183/412 
f 937/1185/412 1030/1278/412 2453/1694/412 
f 937/1185/412 2453/1694/412 967/1215/412 
f 937/1185/412 967/1215/412 969/1217/412 
f 937/1185/412 969/1217/412 2426/1707/412 
f 937/1185/412 2426/1707/412 938/1186/412 
f 940/1188/411 965/1213/411 2193/1695/411 
f 940/1188/411 2193/1695/411 949/1197/411 
f 940/1188/411 949/1197/411 951/1199/411 
f 940/1188/411 951/1199/411 2140/1678/411 
f 940/1188/411 2140/1678/411 941/1189/411 
f 943/1191/412 1006/1254/412 2419/1696/412 
f 943/1191/412 2419/1696/412 835/1083/412 
f 943/1191/412 835/1083/412 837/1085/412 
f 943/1191/412 837/1085/412 2122/1703/412 
f 943/1191/412 2122/1703/412 944/1192/412 
f 946/1194/411 997/1245/411 2384/1697/411 
f 946/1194/411 2384/1697/411 838/1086/411 
f 946/1194/411 838/1086/411 840/1088/411 
f 946/1194/411 840/1088/411 2124/1713/411 
f 946/1194/411 2124/1713/411 947/1195/411 
f 949/1197/411 956/1204/411 2445/1698/411 
f 949/1197/411 2445/1698/411 880/1128/411 
f 949/1197/411 880/1128/411 882/1130/411 
f 949/1197/411 882/1130/411 2287/1666/411 
f 949/1197/411 2287/1666/411 950/1198/411 
f 952/1200/411 1003/1251/411 2121/1699/411 
f 952/1200/411 2121/1699/411 832/1080/411 
f 952/1200/411 832/1080/411 834/1082/411 
f 952/1200/411 834/1082/411 2353/1681/411 
f 952/1200/411 2353/1681/411 953/1201/411 
f 955/1203/411 836/1084/411 2261/1700/411 
f 955/1203/411 2261/1700/411 993/1241/411 
f 955/1203/411 993/1241/411 995/1243/411 
f 955/1203/411 995/1243/411 2445/1698/411 
f 955/1203/411 2445/1698/411 956/1204/411 
f 958/1206/411 982/1230/411 2256/1701/411 
f 958/1206/411 2256/1701/411 916/1164/411 
f 958/1206/411 916/1164/411 918/1166/411 
f 958/1206/411 918/1166/411 2136/1684/411 
f 958/1206/411 2136/1684/411 959/1207/411 
f 961/1209/412 1036/1284/412 2355/1702/412 
f 961/1209/412 2355/1702/412 829/1077/412 
f 961/1209/412 829/1077/412 831/1079/412 
f 961/1209/412 831/1079/412 2118/1709/412 
f 961/1209/412 2118/1709/412 962/1210/412 
f 964/1212/412 944/1192/412 2122/1703/412 
f 964/1212/412 2122/1703/412 955/1203/412 
f 964/1212/412 955/1203/412 957/1205/412 
f 964/1212/412 957/1205/412 2193/1695/412 
f 964/1212/412 2193/1695/412 965/1213/412 
f 967/1215/411 971/1219/411 2282/1704/411 
f 967/1215/411 2282/1704/411 925/1173/411 
f 967/1215/411 925/1173/411 927/1175/411 
f 967/1215/411 927/1175/411 2134/1663/411 
f 967/1215/411 2134/1663/411 968/1216/411 
f 970/1218/411 1021/1269/411 2117/1705/411 
f 970/1218/411 2117/1705/411 826/1074/411 
f 970/1218/411 826/1074/411 828/1076/411 
f 970/1218/411 828/1076/411 2282/1704/411 
f 970/1218/411 2282/1704/411 971/1219/411 
f 973/1221/411 830/1078/411 2335/1706/411 
f 973/1221/411 2335/1706/411 952/1200/411 
f 973/1221/411 952/1200/411 954/1202/411 
f 973/1221/411 954/1202/411 2449/1687/411 
f 973/1221/411 2449/1687/411 974/1222/411 
f 976/1224/412 938/1186/412 2426/1707/412 
f 976/1224/412 2426/1707/412 844/1092/412 
f 976/1224/412 844/1092/412 846/1094/412 
f 976/1224/412 846/1094/412 2441/1668/412 
f 976/1224/412 2441/1668/412 977/1225/412 
f 978/1226/411 809/1057/411 2463/1708/411 
f 978/1226/411 2463/1708/411 961/1209/411 
f 978/1226/411 961/1209/411 963/1211/411 
f 978/1226/411 963/1211/411 2238/1657/411 
f 978/1226/411 2238/1657/411 979/1227/411 
f 981/1229/412 962/1210/412 2118/1709/412 
f 981/1229/412 2118/1709/412 973/1221/412 
f 981/1229/412 973/1221/412 975/1223/412 
f 981/1229/412 975/1223/412 2256/1701/412 
f 981/1229/412 2256/1701/412 982/1230/412 
f 984/1232/412 839/1087/412 2358/1710/412 
f 984/1232/412 2358/1710/412 841/1089/412 
f 984/1232/412 841/1089/412 843/1091/412 
f 984/1232/412 843/1091/412 2443/1667/412 
f 984/1232/412 2443/1667/412 985/1233/412 
f 987/1235/412 1042/1290/412 2186/1711/412 
f 987/1235/412 2186/1711/412 719/967/412 
f 987/1235/412 719/967/412 2109/1829/412 
f 987/1235/412 2109/1829/412 2113/1656/412 
f 987/1235/412 2113/1656/412 988/1236/412 
f 990/1238/411 1084/1332/411 2465/1712/411 
f 990/1238/411 2465/1712/411 1020/1268/411 
f 990/1238/411 1020/1268/411 1022/1270/411 
f 990/1238/411 1022/1270/411 2403/1725/411 
f 990/1238/411 2403/1725/411 991/1239/411 
f 993/1241/411 947/1195/411 2124/1713/411 
f 993/1241/411 2124/1713/411 984/1232/411 
f 993/1241/411 984/1232/411 986/1234/411 
f 993/1241/411 986/1234/411 2404/1675/411 
f 993/1241/411 2404/1675/411 994/1242/411 
f 996/1244/411 1000/1248/411 2107/1714/411 
f 996/1244/411 2107/1714/411 1038/1286/411 
f 996/1244/411 1038/1286/411 1040/1288/411 
f 996/1244/411 1040/1288/411 2384/1697/411 
f 996/1244/411 2384/1697/411 997/1245/411 
f 999/1247/412 1051/1299/412 2417/1715/412 
f 999/1247/412 2417/1715/412 820/1068/412 
f 999/1247/412 820/1068/412 822/1070/412 
f 999/1247/412 822/1070/412 2107/1714/412 
f 999/1247/412 2107/1714/412 1000/1248/412 
f 1002/1250/412 815/1063/412 2195/1716/412 
f 1002/1250/412 2195/1716/412 1011/1259/412 
f 1002/1250/412 1011/1259/412 1013/1261/412 
f 1002/1250/412 1013/1261/412 2121/1699/412 
f 1002/1250/412 2121/1699/412 1003/1251/412 
f 1005/1253/412 1009/1257/412 2105/1717/412 
f 1005/1253/412 2105/1717/412 1047/1295/412 
f 1005/1253/412 1047/1295/412 1049/1297/412 
f 1005/1253/412 1049/1297/412 2419/1696/412 
f 1005/1253/412 2419/1696/412 1006/1254/412 
f 1008/1256/411 1111/1359/411 2389/1718/411 
f 1008/1256/411 2389/1718/411 817/1065/411 
f 1008/1256/411 817/1065/411 819/1067/411 
f 1008/1256/411 819/1067/411 2105/1717/411 
f 1008/1256/411 2105/1717/411 1009/1257/411 
f 1011/1259/411 1018/1266/411 2459/1719/411 
f 1011/1259/411 2459/1719/411 943/1191/411 
f 1011/1259/411 943/1191/411 945/1193/411 
f 1011/1259/411 945/1193/411 2298/1659/411 
f 1011/1259/411 2298/1659/411 1012/1260/411 
f 1014/1262/411 1072/1320/411 2471/1720/411 
f 1014/1262/411 2471/1720/411 1008/1256/411 
f 1014/1262/411 1008/1256/411 1010/1258/411 
f 1014/1262/411 1010/1258/411 2265/1721/411 
f 1014/1262/411 2265/1721/411 1015/1263/411 
f 1017/1265/411 1015/1263/411 2265/1721/411 
f 1017/1265/411 2265/1721/411 1005/1253/411 
f 1017/1265/411 1005/1253/411 1007/1255/411 
f 1017/1265/411 1007/1255/411 2459/1719/411 
f 1017/1265/411 2459/1719/411 1018/1266/411 
f 1020/1268/411 1024/1272/411 2268/1722/411 
f 1020/1268/411 2268/1722/411 978/1226/411 
f 1020/1268/411 978/1226/411 980/1228/411 
f 1020/1268/411 980/1228/411 2117/1705/411 
f 1020/1268/411 2117/1705/411 1021/1269/411 
f 1023/1271/411 1075/1323/411 2100/1723/411 
f 1023/1271/411 2100/1723/411 808/1056/411 
f 1023/1271/411 808/1056/411 810/1058/411 
f 1023/1271/411 810/1058/411 2268/1722/411 
f 1023/1271/411 2268/1722/411 1024/1272/411 
f 1026/1274/412 1069/1317/412 2305/1724/412 
f 1026/1274/412 2305/1724/412 811/1059/412 
f 1026/1274/412 811/1059/412 813/1061/412 
f 1026/1274/412 813/1061/412 2101/1727/412 
f 1026/1274/412 2101/1727/412 1027/1275/412 
f 1029/1277/411 991/1239/411 2403/1725/411 
f 1029/1277/411 2403/1725/411 970/1218/411 
f 1029/1277/411 970/1218/411 972/1220/411 
f 1029/1277/411 972/1220/411 2453/1694/411 
f 1029/1277/411 2453/1694/411 1030/1278/411 
f 1032/1280/411 1090/1338/411 2475/1726/411 
f 1032/1280/411 2475/1726/411 1026/1274/411 
f 1032/1280/411 1026/1274/411 1028/1276/411 
f 1032/1280/411 1028/1276/411 2204/1651/411 
f 1032/1280/411 2204/1651/411 1033/1281/411 
f 1035/1283/411 1027/1275/411 2101/1727/411 
f 1035/1283/411 2101/1727/411 1065/1313/411 
f 1035/1283/411 1065/1313/411 1067/1315/411 
f 1035/1283/411 1067/1315/411 2355/1702/411 
f 1035/1283/411 2355/1702/411 1036/1284/411 
f 1038/1286/411 821/1069/411 2206/1728/411 
f 1038/1286/411 2206/1728/411 823/1071/411 
f 1038/1286/411 823/1071/411 825/1073/411 
f 1038/1286/411 825/1073/411 2455/1661/411 
f 1038/1286/411 2455/1661/411 1039/1287/411 
f 1041/1289/412 1045/1293/412 2093/1729/412 
f 1041/1289/412 2093/1729/412 1219/1467/412 
f 1041/1289/412 1219/1467/412 2188/1833/412 
f 1041/1289/412 2188/1833/412 2186/1711/412 
f 1041/1289/412 2186/1711/412 1042/1290/412 
f 1044/1292/412 788/1036/412 2338/1730/412 
f 1044/1292/412 2338/1730/412 1248/1496/412 
f 1044/1292/412 1248/1496/412 2095/1828/412 
f 1044/1292/412 2095/1828/412 2093/1729/412 
f 1044/1292/412 2093/1729/412 1045/1293/412 
f 1047/1295/412 818/1066/412 2360/1731/412 
f 1047/1295/412 2360/1731/412 996/1244/412 
f 1047/1295/412 996/1244/412 998/1246/412 
f 1047/1295/412 998/1246/412 2457/1660/412 
f 1047/1295/412 2457/1660/412 1048/1296/412 
f 1050/1298/412 1054/1302/412 2090/1732/412 
f 1050/1298/412 2090/1732/412 1092/1340/412 
f 1050/1298/412 1092/1340/412 1094/1342/412 
f 1050/1298/412 1094/1342/412 2417/1715/412 
f 1050/1298/412 2417/1715/412 1051/1299/412 
f 1053/1301/411 1105/1353/411 2427/1733/411 
f 1053/1301/411 2427/1733/411 802/1050/411 
f 1053/1301/411 802/1050/411 804/1052/411 
f 1053/1301/411 804/1052/411 2090/1732/411 
f 1053/1301/411 2090/1732/411 1054/1302/411 
f 1056/1304/411 1081/1329/411 2229/1734/411 
f 1056/1304/411 2229/1734/411 1014/1262/411 
f 1056/1304/411 1014/1262/411 1016/1264/411 
f 1056/1304/411 1016/1264/411 2104/1653/411 
f 1056/1304/411 2104/1653/411 1057/1305/411 
f 1059/1307/411 1174/1422/411 2364/1735/411 
f 1059/1307/411 2364/1735/411 796/1044/411 
f 1059/1307/411 796/1044/411 798/1046/411 
f 1059/1307/411 798/1046/411 2086/1742/411 
f 1059/1307/411 2086/1742/411 1060/1308/411 
f 1062/1310/412 1114/1362/412 2400/1736/412 
f 1062/1310/412 2400/1736/412 799/1047/412 
f 1062/1310/412 799/1047/412 801/1049/412 
f 1062/1310/412 801/1049/412 2088/1752/412 
f 1062/1310/412 2088/1752/412 1063/1311/412 
f 1065/1313/411 812/1060/411 2300/1737/411 
f 1065/1313/411 2300/1737/411 814/1062/411 
f 1065/1313/411 814/1062/411 816/1064/411 
f 1065/1313/411 816/1064/411 2461/1658/411 
f 1065/1313/411 2461/1658/411 1066/1314/411 
f 1068/1316/412 1120/1368/412 2085/1738/412 
f 1068/1316/412 2085/1738/412 793/1041/412 
f 1068/1316/412 793/1041/412 795/1043/412 
f 1068/1316/412 795/1043/412 2305/1724/412 
f 1068/1316/412 2305/1724/412 1069/1317/412 
f 1071/1319/412 797/1045/412 2277/1739/412 
f 1071/1319/412 2277/1739/412 1110/1358/412 
f 1071/1319/412 1110/1358/412 1112/1360/412 
f 1071/1319/412 1112/1360/412 2471/1720/412 
f 1071/1319/412 2471/1720/412 1072/1320/412 
f 1074/1322/412 1087/1335/412 2272/1740/412 
f 1074/1322/412 2272/1740/412 1032/1280/412 
f 1074/1322/412 1032/1280/412 1034/1282/412 
f 1074/1322/412 1034/1282/412 2100/1723/412 
f 1074/1322/412 2100/1723/412 1075/1323/412 
f 1077/1325/411 1132/1380/411 2303/1741/411 
f 1077/1325/411 2303/1741/411 790/1038/411 
f 1077/1325/411 790/1038/411 792/1040/411 
f 1077/1325/411 792/1040/411 2082/1744/411 
f 1077/1325/411 2082/1744/411 1078/1326/411 
f 1080/1328/411 1060/1308/411 2086/1742/411 
f 1080/1328/411 2086/1742/411 1071/1319/411 
f 1080/1328/411 1071/1319/411 1073/1321/411 
f 1080/1328/411 1073/1321/411 2229/1734/411 
f 1080/1328/411 2229/1734/411 1081/1329/411 
f 1083/1331/411 806/1054/411 2430/1743/411 
f 1083/1331/411 2430/1743/411 1023/1271/411 
f 1083/1331/411 1023/1271/411 1025/1273/411 
f 1083/1331/411 1025/1273/411 2465/1712/411 
f 1083/1331/411 2465/1712/411 1084/1332/411 
f 1086/1334/411 1078/1326/411 2082/1744/411 
f 1086/1334/411 2082/1744/411 1089/1337/411 
f 1086/1334/411 1089/1337/411 1091/1339/411 
f 1086/1334/411 1091/1339/411 2272/1740/411 
f 1086/1334/411 2272/1740/411 1087/1335/411 
f 1089/1337/411 791/1039/411 2344/1745/411 
f 1089/1337/411 2344/1745/411 1068/1316/411 
f 1089/1337/411 1068/1316/411 1070/1318/411 
f 1089/1337/411 1070/1318/411 2475/1726/411 
f 1089/1337/411 2475/1726/411 1090/1338/411 
f 1092/1340/412 803/1051/412 2212/1746/412 
f 1092/1340/412 2212/1746/412 1041/1289/412 
f 1092/1340/412 1041/1289/412 1043/1291/412 
f 1092/1340/412 1043/1291/412 2467/1655/412 
f 1092/1340/412 2467/1655/412 1093/1341/412 
f 1095/1343/452 1150/1398/452 2226/1747/452 
f 1095/1343/452 2226/1747/452 1251/1499/452 
f 1095/1343/452 1251/1499/452 2075/1827/452 
f 1095/1343/452 2075/1827/452 2079/1644/452 
f 1095/1343/452 2079/1644/452 1096/1344/452 
f 1098/1346/411 1192/1440/411 2489/1748/411 
f 1098/1346/411 2489/1748/411 1077/1325/411 
f 1098/1346/411 1077/1325/411 1079/1327/411 
f 1098/1346/411 1079/1327/411 2178/1761/411 
f 1098/1346/411 2178/1761/411 1099/1347/411 
f 1101/1349/411 800/1048/411 2310/1749/411 
f 1101/1349/411 2310/1749/411 1050/1298/411 
f 1101/1349/411 1050/1298/411 1052/1300/411 
f 1101/1349/411 1052/1300/411 2469/1654/411 
f 1101/1349/411 2469/1654/411 1102/1350/411 
f 1104/1352/411 1108/1356/411 2073/1750/411 
f 1104/1352/411 2073/1750/411 1146/1394/411 
f 1104/1352/411 1146/1394/411 1148/1396/411 
f 1104/1352/411 1148/1396/411 2427/1733/411 
f 1104/1352/411 2427/1733/411 1105/1353/411 
f 1107/1355/412 1159/1407/412 2318/1751/412 
f 1107/1355/412 2318/1751/412 784/1032/412 
f 1107/1355/412 784/1032/412 786/1034/412 
f 1107/1355/412 786/1034/412 2073/1750/412 
f 1107/1355/412 2073/1750/412 1108/1356/412 
f 1110/1358/411 1063/1311/411 2088/1752/411 
f 1110/1358/411 2088/1752/411 1101/1349/411 
f 1110/1358/411 1101/1349/411 1103/1351/411 
f 1110/1358/411 1103/1351/411 2389/1718/411 
f 1110/1358/411 2389/1718/411 1111/1359/411 
f 1113/1361/412 1117/1365/412 2071/1753/412 
f 1113/1361/412 2071/1753/412 1155/1403/412 
f 1113/1361/412 1155/1403/412 1157/1405/412 
f 1113/1361/412 1157/1405/412 2400/1736/412 
f 1113/1361/412 2400/1736/412 1114/1362/412 
f 1116/1364/412 1168/1416/412 2406/1754/412 
f 1116/1364/412 2406/1754/412 781/1029/412 
f 1116/1364/412 781/1029/412 783/1031/412 
f 1116/1364/412 783/1031/412 2071/1753/412 
f 1116/1364/412 2071/1753/412 1117/1365/412 
f 1119/1367/412 1144/1392/412 2207/1755/412 
f 1119/1367/412 2207/1755/412 1128/1376/412 
f 1119/1367/412 1128/1376/412 1130/1378/412 
f 1119/1367/412 1130/1378/412 2085/1738/412 
f 1119/1367/412 2085/1738/412 1120/1368/412 
f 1122/1370/411 1186/1434/411 2345/1756/411 
f 1122/1370/411 2345/1756/411 775/1023/411 
f 1122/1370/411 775/1023/411 777/1025/411 
f 1122/1370/411 777/1025/411 2067/1763/411 
f 1122/1370/411 2067/1763/411 1123/1371/411 
f 1125/1373/411 1177/1425/411 2377/1757/411 
f 1125/1373/411 2377/1757/411 778/1026/411 
f 1125/1373/411 778/1026/411 780/1028/411 
f 1125/1373/411 780/1028/411 2069/1773/411 
f 1125/1373/411 2069/1773/411 1126/1374/411 
f 1128/1376/411 1135/1383/411 2485/1758/411 
f 1128/1376/411 2485/1758/411 1059/1307/411 
f 1128/1376/411 1059/1307/411 1061/1309/411 
f 1128/1376/411 1061/1309/411 2255/1646/411 
f 1128/1376/411 2255/1646/411 1129/1377/411 
f 1131/1379/412 1183/1431/412 2066/1759/412 
f 1131/1379/412 2066/1759/412 772/1020/412 
f 1131/1379/412 772/1020/412 774/1022/412 
f 1131/1379/412 774/1022/412 2303/1741/412 
f 1131/1379/412 2303/1741/412 1132/1380/412 
f 1134/1382/412 776/1024/412 2279/1760/412 
f 1134/1382/412 2279/1760/412 1173/1421/412 
f 1134/1382/412 1173/1421/412 1175/1423/412 
f 1134/1382/412 1175/1423/412 2485/1758/412 
f 1134/1382/412 2485/1758/412 1135/1383/412 
f 1137/1385/411 1099/1347/411 2178/1761/411 
f 1137/1385/411 2178/1761/411 1086/1334/411 
f 1137/1385/411 1086/1334/411 1088/1336/411 
f 1137/1385/411 1088/1336/411 2477/1650/411 
f 1137/1385/411 2477/1650/411 1138/1386/411 
f 1140/1388/411 1198/1446/411 2499/1762/411 
f 1140/1388/411 2499/1762/411 1122/1370/411 
f 1140/1388/411 1122/1370/411 1124/1372/411 
f 1140/1388/411 1124/1372/411 2251/1639/411 
f 1140/1388/411 2251/1639/411 1141/1389/411 
f 1143/1391/411 1123/1371/411 2067/1763/411 
f 1143/1391/411 2067/1763/411 1134/1382/411 
f 1143/1391/411 1134/1382/411 1136/1384/411 
f 1143/1391/411 1136/1384/411 2207/1755/411 
f 1143/1391/411 2207/1755/411 1144/1392/411 
f 1146/1394/411 785/1033/411 2376/1764/411 
f 1146/1394/411 2376/1764/411 787/1035/411 
f 1146/1394/411 787/1035/411 789/1037/411 
f 1146/1394/411 789/1037/411 2479/1649/411 
f 1146/1394/411 2479/1649/411 1147/1395/411 
f 1149/1397/452 1292/1540/452 2060/1765/452 
f 1149/1397/452 2060/1765/452 707/955/452 
f 1149/1397/452 707/955/452 2228/1835/452 
f 1149/1397/452 2228/1835/452 2226/1747/452 
f 1149/1397/452 2226/1747/452 1150/1398/452 
f 1152/1400/453 1207/1455/453 2501/1766/453 
f 1152/1400/453 2501/1766/453 1182/1430/453 
f 1152/1400/453 1182/1430/453 1184/1432/453 
f 1152/1400/453 1184/1432/453 2342/1779/453 
f 1152/1400/453 2342/1779/453 1153/1401/453 
f 1155/1403/411 782/1030/411 2216/1767/411 
f 1155/1403/411 2216/1767/411 1104/1352/411 
f 1155/1403/411 1104/1352/411 1106/1354/411 
f 1155/1403/411 1106/1354/411 2481/1648/411 
f 1155/1403/411 2481/1648/411 1156/1404/411 
f 1158/1406/411 1280/1528/411 2058/1768/411 
f 1158/1406/411 2058/1768/411 1161/1409/411 
f 1158/1406/411 1161/1409/411 1163/1411/411 
f 1158/1406/411 1163/1411/411 2318/1751/411 
f 1158/1406/411 2318/1751/411 1159/1407/411 
f 1161/1409/452 1283/1531/452 2416/1769/452 
f 1161/1409/452 2416/1769/452 1149/1397/452 
f 1161/1409/452 1149/1397/452 1151/1399/452 
f 1161/1409/452 1151/1399/452 2491/1643/452 
f 1161/1409/452 2491/1643/452 1162/1410/452 
f 1164/1412/411 779/1027/411 2312/1770/411 
f 1164/1412/411 2312/1770/411 1113/1361/411 
f 1164/1412/411 1113/1361/411 1115/1363/411 
f 1164/1412/411 1115/1363/411 2483/1647/411 
f 1164/1412/411 2483/1647/411 1165/1413/411 
f 1167/1415/412 1312/1560/412 2056/1771/412 
f 1167/1415/412 2056/1771/412 1170/1418/412 
f 1167/1415/412 1170/1418/412 1172/1420/412 
f 1167/1415/412 1172/1420/412 2406/1754/412 
f 1167/1415/412 2406/1754/412 1168/1416/412 
f 1170/1418/412 1300/1548/412 2374/1772/412 
f 1170/1418/412 2374/1772/412 1158/1406/412 
f 1170/1418/412 1158/1406/412 1160/1408/412 
f 1170/1418/412 1160/1408/412 2493/1642/412 
f 1170/1418/412 2493/1642/412 1171/1419/412 
f 1173/1421/412 1126/1374/412 2069/1773/412 
f 1173/1421/412 2069/1773/412 1164/1412/412 
f 1173/1421/412 1164/1412/412 1166/1414/412 
f 1173/1421/412 1166/1414/412 2364/1735/412 
f 1173/1421/412 2364/1735/412 1174/1422/412 
f 1176/1424/412 751/999/412 2054/1774/412 
f 1176/1424/412 2054/1774/412 1179/1427/412 
f 1176/1424/412 1179/1427/412 1181/1429/412 
f 1176/1424/412 1181/1429/412 2377/1757/412 
f 1176/1424/412 2377/1757/412 1177/1425/412 
f 1179/1427/412 686/934/412 2210/1775/412 
f 1179/1427/412 2210/1775/412 1167/1415/412 
f 1179/1427/412 1167/1415/412 1169/1417/412 
f 1179/1427/412 1169/1417/412 2495/1641/412 
f 1179/1427/412 2495/1641/412 1180/1428/412 
f 1182/1430/412 1195/1443/412 2179/1776/412 
f 1182/1430/412 2179/1776/412 1140/1388/412 
f 1182/1430/412 1140/1388/412 1142/1390/412 
f 1182/1430/412 1142/1390/412 2066/1759/412 
f 1182/1430/412 2066/1759/412 1183/1431/412 
f 1185/1433/412 701/949/412 2052/1777/412 
f 1185/1433/412 2052/1777/412 1188/1436/412 
f 1185/1433/412 1188/1436/412 1190/1438/412 
f 1185/1433/412 1190/1438/412 2345/1756/412 
f 1185/1433/412 2345/1756/412 1186/1434/412 
f 1188/1436/412 1303/1551/412 2308/1778/412 
f 1188/1436/412 2308/1778/412 1176/1424/412 
f 1188/1436/412 1176/1424/412 1178/1426/412 
f 1188/1436/412 1178/1426/412 2497/1640/412 
f 1188/1436/412 2497/1640/412 1189/1437/412 
f 1191/1439/412 1153/1401/412 2342/1779/412 
f 1191/1439/412 2342/1779/412 1131/1379/412 
f 1191/1439/412 1131/1379/412 1133/1381/412 
f 1191/1439/412 1133/1381/412 2489/1748/412 
f 1191/1439/412 2489/1748/412 1192/1440/412 
f 1194/1442/453 689/937/453 2050/1780/453 
f 1194/1442/453 2050/1780/453 1197/1445/453 
f 1194/1442/453 1197/1445/453 1199/1447/453 
f 1194/1442/453 1199/1447/453 2179/1776/453 
f 1194/1442/453 2179/1776/453 1195/1443/453 
f 1197/1445/411 1306/1554/411 2275/1781/411 
f 1197/1445/411 2275/1781/411 1185/1433/411 
f 1197/1445/411 1185/1433/411 1187/1435/411 
f 1197/1445/411 1187/1435/411 2499/1762/411 
f 1197/1445/411 2499/1762/411 1198/1446/411 
f 1200/1448/411 2024/1579/411 2247/1580/411 
f 1200/1448/411 2247/1580/411 737/985/411 
f 1200/1448/411 737/985/411 739/987/411 
f 1200/1448/411 739/987/411 2414/1838/411 
f 1200/1448/411 2414/1838/411 1201/1449/411 
f 1203/1451/411 2001/1783/411 2267/1782/411 
f 1203/1451/411 2267/1782/411 688/936/411 
f 1203/1451/411 688/936/411 690/938/411 
f 1203/1451/411 690/938/411 2249/1784/411 
f 1203/1451/411 2249/1784/411 1204/1452/411 
f 1206/1454/453 1204/1452/453 2249/1784/453 
f 1206/1454/453 2249/1784/453 1194/1442/453 
f 1206/1454/453 1194/1442/453 1196/1444/453 
f 1206/1454/453 1196/1444/453 2501/1766/453 
f 1206/1454/453 2501/1766/453 1207/1455/453 
f 1209/1457/453 2047/1786/453 2222/1785/453 
f 1209/1457/453 2222/1785/453 769/1017/453 
f 1209/1457/453 769/1017/453 770/1018/453 
f 1211/1459/453 2044/1787/453 2388/1609/453 
f 1211/1459/453 2388/1609/453 1322/1570/453 
f 1211/1459/453 1322/1570/453 1323/1571/453 
f 1211/1459/453 1323/1571/453 805/1053/453 
f 1211/1459/453 805/1053/453 807/1055/453 
f 1213/1461/412 2042/1633/412 2285/1634/412 
f 1213/1461/412 2285/1634/412 1253/1501/412 
f 1213/1461/412 1253/1501/412 1254/1502/412 
f 1213/1461/412 1254/1502/412 990/1238/412 
f 1213/1461/412 990/1238/412 992/1240/412 
f 728/976/412 2320/1789/412 2322/1788/412 
f 728/976/412 2322/1788/412 2040/1810/412 
f 728/976/412 2040/1810/412 1215/1463/412 
f 1217/1465/452 2399/1791/452 2398/1790/452 
f 1217/1465/452 2398/1790/452 2006/1819/452 
f 1217/1465/452 2006/1819/452 694/942/452 
f 1218/1466/452 2018/1793/452 2176/1792/452 
f 1218/1466/452 2176/1792/452 718/966/452 
f 1218/1466/452 718/966/452 720/968/452 
f 1218/1466/452 720/968/452 2188/1833/452 
f 1218/1466/452 2188/1833/452 1219/1467/452 
f 1221/1469/452 2015/1795/452 2379/1794/452 
f 1221/1469/452 2379/1794/452 712/960/452 
f 1221/1469/452 712/960/452 714/962/452 
f 1222/1470/452 2017/1797/452 2213/1796/452 
f 1222/1470/452 2213/1796/452 715/963/452 
f 1222/1470/452 715/963/452 717/965/452 
f 1224/1472/411 2020/1799/411 2409/1798/411 
f 1224/1472/411 2409/1798/411 756/1004/411 
f 1224/1472/411 756/1004/411 758/1006/411 
f 1224/1472/411 758/1006/411 2221/1834/411 
f 1224/1472/411 2221/1834/411 1225/1473/411 
f 697/945/452 2292/1800/452 2294/1581/452 
f 697/945/452 2294/1581/452 2008/1582/452 
f 697/945/452 2008/1582/452 1227/1475/452 
f 1229/1477/453 2222/1785/453 2047/1786/453 
f 1229/1477/453 2047/1786/453 1320/1568/453 
f 1229/1477/453 1320/1568/453 1321/1569/453 
f 1229/1477/453 1321/1569/453 1191/1439/453 
f 1229/1477/453 1191/1439/453 1193/1441/453 
f 1231/1479/452 2363/1802/452 2002/1801/452 
f 1231/1479/452 2002/1801/452 1203/1451/452 
f 1231/1479/452 1203/1451/452 1205/1453/452 
f 1231/1479/452 1205/1453/452 1206/1454/452 
f 1231/1479/452 1206/1454/452 1208/1456/452 
f 1233/1481/412 2033/1804/412 2280/1803/412 
f 1233/1481/412 2280/1803/412 745/993/412 
f 1233/1481/412 745/993/412 746/994/412 
f 1235/1483/411 2038/1629/411 2352/1630/411 
f 1235/1483/411 2352/1630/411 764/1012/411 
f 1235/1483/411 764/1012/411 766/1014/411 
f 1235/1483/411 766/1014/411 859/1107/411 
f 1235/1483/411 859/1107/411 861/1109/411 
f 1237/1485/412 2036/1806/412 2326/1805/412 
f 1237/1485/412 2326/1805/412 1285/1533/412 
f 1237/1485/412 1285/1533/412 1287/1535/412 
f 1237/1485/412 1287/1535/412 923/1171/412 
f 1237/1485/412 923/1171/412 1238/1486/412 
f 748/996/412 2181/1807/412 2183/1577/412 
f 748/996/412 2183/1577/412 2034/1578/412 
f 748/996/412 2034/1578/412 1233/1481/412 
f 1240/1488/412 2032/1617/412 2281/1618/412 
f 1240/1488/412 2281/1618/412 1325/1573/412 
f 1240/1488/412 1325/1573/412 1327/1575/412 
f 1240/1488/412 1327/1575/412 896/1144/412 
f 1240/1488/412 896/1144/412 1241/1489/412 
f 704/952/411 2381/1809/411 2383/1808/411 
f 704/952/411 2383/1808/411 2030/1811/411 
f 704/952/411 2030/1811/411 743/991/411 
f 1243/1491/411 2028/1613/411 2348/1614/411 
f 1243/1491/411 2348/1614/411 1294/1542/411 
f 1243/1491/411 1294/1542/411 1296/1544/411 
f 1243/1491/411 1296/1544/411 878/1126/411 
f 1243/1491/411 878/1126/411 1244/1492/411 
f 1246/1494/412 2326/1805/412 2036/1806/412 
f 1246/1494/412 2036/1806/412 747/995/412 
f 1246/1494/412 747/995/412 749/997/412 
f 1247/1495/452 2213/1796/452 2017/1797/452 
f 1247/1495/452 2017/1797/452 1218/1466/452 
f 1247/1495/452 1218/1466/452 1220/1468/452 
f 1247/1495/452 1220/1468/452 2095/1828/452 
f 1247/1495/452 2095/1828/452 1248/1496/452 
f 1250/1498/452 2379/1794/452 2015/1795/452 
f 1250/1498/452 2015/1795/452 1273/1521/452 
f 1250/1498/452 1273/1521/452 1275/1523/452 
f 1250/1498/452 1275/1523/452 2075/1827/452 
f 1250/1498/452 2075/1827/452 1251/1499/452 
f 1253/1501/412 2284/1635/412 2043/1636/412 
f 1253/1501/412 2043/1636/412 1211/1459/412 
f 1253/1501/412 1211/1459/412 1212/1460/412 
f 1253/1501/412 1212/1460/412 1083/1331/412 
f 1253/1501/412 1083/1331/412 1085/1333/412 
f 1255/1503/453 2046/1637/453 2223/1638/453 
f 1255/1503/453 2223/1638/453 1229/1477/453 
f 1255/1503/453 1229/1477/453 1230/1478/453 
f 1255/1503/453 1230/1478/453 1098/1346/453 
f 1255/1503/453 1098/1346/453 1100/1348/453 
f 1257/1505/412 2040/1810/412 2322/1788/412 
f 1257/1505/412 2322/1788/412 1259/1507/412 
f 1257/1505/412 1259/1507/412 1260/1508/412 
f 1257/1505/412 1260/1508/412 937/1185/412 
f 1257/1505/412 937/1185/412 939/1187/412 
f 1215/1463/412 2039/1631/412 2351/1632/412 
f 1215/1463/412 2351/1632/412 762/1010/412 
f 1215/1463/412 762/1010/412 763/1011/412 
f 1259/1507/412 2321/1605/412 2041/1606/412 
f 1259/1507/412 2041/1606/412 1213/1461/412 
f 1259/1507/412 1213/1461/412 1214/1462/412 
f 1259/1507/412 1214/1462/412 1029/1277/412 
f 1259/1507/412 1029/1277/412 1031/1279/412 
f 1261/1509/411 2030/1811/411 2383/1808/411 
f 1261/1509/411 2383/1808/411 1276/1524/411 
f 1261/1509/411 1276/1524/411 1278/1526/411 
f 1261/1509/411 1278/1526/411 869/1117/411 
f 1261/1509/411 869/1117/411 1262/1510/411 
f 1264/1512/411 2027/1813/411 2316/1812/411 
f 1264/1512/411 2316/1812/411 2315/1825/411 
f 1264/1512/411 2315/1825/411 1265/1513/411 
f 1266/1514/411 2023/1603/411 2252/1604/411 
f 1266/1514/411 2252/1604/411 1268/1516/411 
f 1266/1514/411 1268/1516/411 1267/1515/411 
f 1268/1516/411 2253/1623/411 2022/1624/411 
f 1268/1516/411 2022/1624/411 1324/1572/411 
f 1268/1516/411 1324/1572/411 1269/1517/411 
f 1270/1518/411 2409/1798/411 2020/1799/411 
f 1270/1518/411 2020/1799/411 721/969/411 
f 1270/1518/411 721/969/411 723/971/411 
f 1272/1520/452 2176/1792/452 2018/1793/452 
f 1272/1520/452 2018/1793/452 1222/1470/452 
f 1272/1520/452 1222/1470/452 1223/1471/452 
f 1273/1521/452 2016/1599/452 2214/1600/452 
f 1273/1521/452 2214/1600/452 1247/1495/452 
f 1273/1521/452 1247/1495/452 1249/1497/452 
f 1273/1521/452 1249/1497/452 2340/1836/452 
f 1273/1521/452 2340/1836/452 1274/1522/452 
f 1276/1524/411 2382/1593/411 2031/1594/411 
f 1276/1524/411 2031/1594/411 1240/1488/411 
f 1276/1524/411 1240/1488/411 1242/1490/411 
f 1276/1524/411 1242/1490/411 866/1114/411 
f 1276/1524/411 866/1114/411 1277/1525/411 
f 1279/1527/452 2331/1815/452 2011/1814/452 
f 1279/1527/452 2011/1814/452 1282/1530/452 
f 1279/1527/452 1282/1530/452 1284/1532/452 
f 1279/1527/452 1284/1532/452 2058/1768/452 
f 1279/1527/452 2058/1768/452 1280/1528/452 
f 1282/1530/452 2012/1597/452 2192/1598/452 
f 1282/1530/452 2192/1598/452 1291/1539/452 
f 1282/1530/452 1291/1539/452 1293/1541/452 
f 1282/1530/452 1293/1541/452 2416/1769/452 
f 1282/1530/452 2416/1769/452 1283/1531/452 
f 1285/1533/452 2325/1627/452 2037/1628/452 
f 1285/1533/452 2037/1628/452 1235/1483/452 
f 1285/1533/452 1235/1483/452 1236/1484/452 
f 1285/1533/452 1236/1484/452 860/1108/452 
f 1285/1533/452 860/1108/452 1286/1534/452 
f 1288/1536/411 2182/1619/411 2035/1620/411 
f 1288/1536/411 2035/1620/411 1237/1485/411 
f 1288/1536/411 1237/1485/411 1239/1487/411 
f 1288/1536/411 1239/1487/411 863/1111/411 
f 1288/1536/411 863/1111/411 1289/1537/411 
f 1291/1539/411 2191/1817/411 2013/1816/411 
f 1291/1539/411 2013/1816/411 706/954/411 
f 1291/1539/411 706/954/411 708/956/411 
f 1291/1539/411 708/956/411 2060/1765/411 
f 1291/1539/411 2060/1765/411 1292/1540/411 
f 1294/1542/411 2347/1615/411 2029/1616/411 
f 1294/1542/411 2029/1616/411 1261/1509/411 
f 1294/1542/411 1261/1509/411 1263/1511/411 
f 1294/1542/411 1263/1511/411 872/1120/411 
f 1294/1542/411 872/1120/411 1295/1543/411 
f 1297/1545/452 2013/1816/452 2191/1817/452 
f 1297/1545/452 2191/1817/452 709/957/452 
f 1297/1545/452 709/957/452 711/959/452 
f 1298/1546/452 2011/1814/452 2331/1815/452 
f 1298/1546/452 2331/1815/452 2333/1592/452 
f 1298/1546/452 2333/1592/452 699/947/452 
f 1299/1547/452 2010/1818/452 2332/1591/452 
f 1299/1547/452 2332/1591/452 1279/1527/452 
f 1299/1547/452 1279/1527/452 1281/1529/452 
f 1299/1547/452 1281/1529/452 2374/1772/452 
f 1299/1547/452 2374/1772/452 1300/1548/452 
f 1227/1475/453 2007/1621/453 2397/1622/453 
f 1227/1475/453 2397/1622/453 2399/1791/453 
f 1227/1475/453 2399/1791/453 1217/1465/453 
f 1302/1550/452 2006/1819/452 2398/1790/452 
f 1302/1550/452 2398/1790/452 750/998/452 
f 1302/1550/452 750/998/452 752/1000/452 
f 1302/1550/452 752/1000/452 2308/1778/452 
f 1302/1550/452 2308/1778/452 1303/1551/452 
f 1305/1553/453 2004/1820/453 2242/1585/453 
f 1305/1553/453 2242/1585/453 700/948/453 
f 1305/1553/453 700/948/453 702/950/453 
f 1305/1553/453 702/950/453 2275/1781/453 
f 1305/1553/453 2275/1781/453 1306/1554/453 
f 1308/1556/453 2002/1801/453 2363/1802/453 
f 1308/1556/453 2363/1802/453 2362/1826/453 
f 1308/1556/453 2362/1826/453 1309/1557/453 
f 1311/1559/453 2293/1589/453 2009/1590/453 
f 1311/1559/453 2009/1590/453 1299/1547/453 
f 1311/1559/453 1299/1547/453 1301/1549/453 
f 1311/1559/453 1301/1549/453 2056/1771/453 
f 1311/1559/453 2056/1771/453 1312/1560/453 
f 1314/1562/453 2026/1822/453 2317/1821/453 
f 1314/1562/453 2317/1821/453 1317/1565/453 
f 1314/1562/453 1317/1565/453 1319/1567/453 
f 1314/1562/453 1319/1567/453 875/1123/453 
f 1314/1562/453 875/1123/453 1315/1563/453 
f 1317/1565/411 2316/1812/411 2027/1813/411 
f 1317/1565/411 2027/1813/411 1243/1491/411 
f 1317/1565/411 1243/1491/411 1245/1493/411 
f 1317/1565/411 1245/1493/411 887/1135/411 
f 1317/1565/411 887/1135/411 1318/1566/411 
f 1320/1568/453 2048/1824/453 2361/1823/453 
f 1320/1568/453 2361/1823/453 1231/1479/453 
f 1320/1568/453 1231/1479/453 1232/1480/453 
f 1320/1568/453 1232/1480/453 1152/1400/453 
f 1320/1568/453 1152/1400/453 1154/1402/453 
f 1322/1570/453 2387/1607/453 2045/1608/453 
f 1322/1570/453 2045/1608/453 1255/1503/453 
f 1322/1570/453 1255/1503/453 1256/1504/453 
f 1322/1570/453 1256/1504/453 1137/1385/453 
f 1322/1570/453 1137/1385/453 1139/1387/453 
f 1324/1572/411 2021/1625/411 2408/1626/411 
f 1324/1572/411 2408/1626/411 1270/1518/411 
f 1324/1572/411 1270/1518/411 1271/1519/411 
f 1325/1573/411 2280/1803/411 2033/1804/411 
f 1325/1573/411 2033/1804/411 679/927/411 
f 1325/1573/411 679/927/411 681/929/411 
f 1325/1573/411 681/929/411 914/1162/411 
f 1325/1573/411 914/1162/411 1326/1574/411 
f 1265/1513/411 2315/1825/411 2317/1821/411 
f 1265/1513/411 2317/1821/411 2026/1822/411 
f 1265/1513/411 2026/1822/411 735/983/411 
f 1309/1557/453 2362/1826/453 2361/1823/453 
f 1309/1557/453 2361/1823/453 2048/1824/453 
f 1309/1557/453 2048/1824/453 1209/1457/453 
f 1328/1576/453 2267/1782/453 2001/1783/453 
f 1328/1576/453 2001/1783/453 1308/1556/453 
f 1328/1576/453 1308/1556/453 1310/1558/453 
f 1329/927/568 2157/929/568 2158/928/568 
f 1329/927/568 2158/928/568 2422/1153/568 
f 1329/927/568 2422/1153/568 2421/1538/568 
f 1329/927/568 2421/1538/568 1932/1536/568 
f 1329/927/568 1932/1536/568 1330/1577/568 
f 1332/930/569 1966/932/569 1986/931/569 
f 1332/930/569 1986/931/569 1921/1514/569 
f 1332/930/569 1921/1514/569 1333/1579/569 
f 1335/933/570 2055/935/570 1837/934/570 
f 1335/933/570 1837/934/570 1836/1775/570 
f 1335/933/570 1836/1775/570 2209/1561/570 
f 1335/933/570 2209/1561/570 1947/1559/570 
f 1335/933/570 1947/1559/570 1336/1581/570 
f 1338/936/571 2248/938/571 1852/937/571 
f 1338/936/571 1852/937/571 1851/1780/571 
f 1338/936/571 1851/1780/571 2051/1555/571 
f 1338/936/571 2051/1555/571 1944/1553/571 
f 1338/936/571 1944/1553/571 1339/1583/571 
f 1341/939/570 1994/941/570 1426/940/570 
f 1341/939/570 1426/940/570 1945/1820/570 
f 1341/939/570 1945/1820/570 1342/1585/570 
f 1344/942/570 1989/943/570 1341/939/570 
f 1344/942/570 1341/939/570 1343/1586/570 
f 1344/942/570 1343/1586/570 1345/1587/570 
f 1347/944/571 1999/946/571 1887/945/571 
f 1347/944/571 1887/945/571 1888/1800/571 
f 1347/944/571 1888/1800/571 1348/1589/571 
f 1350/947/571 1999/946/571 1347/944/571 
f 1350/947/571 1347/944/571 1940/1818/571 
f 1350/947/571 1940/1818/571 1351/1591/571 
f 1353/948/570 2274/950/570 1843/949/570 
f 1353/948/570 1843/949/570 1842/1777/570 
f 1353/948/570 1842/1777/570 2053/1552/570 
f 1353/948/570 2053/1552/570 1942/1550/570 
f 1353/948/570 1942/1550/570 1346/1588/570 
f 1354/951/568 1963/953/568 1903/952/568 
f 1354/951/568 1903/952/568 1905/1809/568 
f 1354/951/568 1905/1809/568 1355/1593/568 
f 1357/954/570 2061/956/570 2062/955/570 
f 1357/954/570 2062/955/570 2227/1835/570 
f 1357/954/570 2227/1835/570 2225/1500/570 
f 1357/954/570 2225/1500/570 1909/1498/570 
f 1357/954/570 1909/1498/570 1358/1595/570 
f 1360/957/571 1978/959/571 1977/958/571 
f 1360/957/571 1977/958/571 1938/1546/571 
f 1360/957/571 1938/1546/571 1361/1597/571 
f 1363/960/571 1964/962/571 1979/961/571 
f 1363/960/571 1979/961/571 1937/1545/571 
f 1363/960/571 1937/1545/571 1359/1596/571 
f 1364/963/571 1970/965/571 1965/964/571 
f 1364/963/571 1965/964/571 1878/1469/571 
f 1364/963/571 1878/1469/571 1365/1599/571 
f 1367/966/571 2185/968/571 2184/967/571 
f 1367/966/571 2184/967/571 2111/1829/571 
f 1367/966/571 2111/1829/571 2110/1474/571 
f 1367/966/571 2110/1474/571 1884/1472/571 
f 1367/966/571 1884/1472/571 1368/1601/571 
f 1370/969/569 1992/971/569 1991/970/569 
f 1370/969/569 1991/970/569 1924/1520/569 
f 1370/969/569 1924/1520/569 1369/1602/569 
f 1371/972/568 2367/974/568 2366/973/568 
f 1371/972/568 2366/973/568 2145/1831/568 
f 1371/972/568 2145/1831/568 2147/1450/568 
f 1371/972/568 2147/1450/568 1856/1448/568 
f 1371/972/568 1856/1448/568 1372/1603/568 
f 1374/975/568 1984/977/568 1869/976/568 
f 1374/975/568 1869/976/568 1871/1789/568 
f 1374/975/568 1871/1789/568 1375/1605/568 
f 1377/978/570 1976/980/570 1380/979/570 
f 1377/978/570 1380/979/570 1382/1610/570 
f 1377/978/570 1382/1610/570 1378/1607/570 
f 1380/979/568 1998/982/568 1420/981/568 
f 1380/979/568 1420/981/568 1867/1787/568 
f 1380/979/568 1867/1787/568 1381/1609/568 
f 1383/983/569 1967/984/569 1966/932/569 
f 1383/983/569 1966/932/569 1332/930/569 
f 1383/983/569 1332/930/569 1384/1611/569 
f 1386/985/568 2411/987/568 2410/986/568 
f 1386/985/568 2410/986/568 2173/1832/568 
f 1386/985/568 2173/1832/568 2172/1564/568 
f 1386/985/568 2172/1564/568 1948/1562/568 
f 1386/985/568 1948/1562/568 1385/1612/568 
f 1387/988/569 1968/990/569 1990/989/569 
f 1387/988/569 1990/989/569 1918/1512/569 
f 1387/988/569 1918/1512/569 1388/1613/569 
f 1390/991/569 1969/992/569 1968/990/569 
f 1390/991/569 1968/990/569 1387/988/569 
f 1390/991/569 1387/988/569 1391/1615/569 
f 1393/993/568 1995/994/568 1963/953/568 
f 1393/993/568 1963/953/568 1354/951/568 
f 1393/993/568 1354/951/568 1394/1617/568 
f 1396/995/568 1972/997/568 1900/996/568 
f 1396/995/568 1900/996/568 1901/1807/568 
f 1396/995/568 1901/1807/568 1397/1619/568 
f 1399/998/571 2307/1000/571 1834/999/571 
f 1399/998/571 1834/999/571 1833/1774/571 
f 1399/998/571 1833/1774/571 2055/935/571 
f 1399/998/571 2055/935/571 1335/933/571 
f 1399/998/571 1335/933/571 1400/1621/571 
f 1402/1001/569 2127/1003/569 2129/1002/569 
f 1402/1001/569 2129/1002/569 2369/1837/569 
f 1402/1001/569 2369/1837/569 2367/974/569 
f 1402/1001/569 2367/974/569 1371/972/569 
f 1402/1001/569 1371/972/569 1403/1623/569 
f 1405/1004/569 2218/1006/569 2217/1005/569 
f 1405/1004/569 2217/1005/569 2128/1830/569 
f 1405/1004/569 2128/1830/569 2127/1003/569 
f 1405/1004/569 2127/1003/569 1402/1001/569 
f 1405/1004/569 1402/1001/569 1406/1625/569 
f 1408/1007/568 1975/1009/568 1974/1008/568 
f 1408/1007/568 1974/1008/568 1907/1494/568 
f 1408/1007/568 1907/1494/568 1409/1627/568 
f 1411/1010/568 1982/1011/568 1975/1009/568 
f 1411/1010/568 1975/1009/568 1408/1007/568 
f 1411/1010/568 1408/1007/568 1412/1629/568 
f 1414/1012/570 2201/1014/570 2202/1013/570 
f 1414/1012/570 2202/1013/570 1631/1224/570 
f 1414/1012/570 1631/1224/570 2132/1506/570 
f 1414/1012/570 2132/1506/570 1912/1505/570 
f 1414/1012/570 1912/1505/570 1415/1631/570 
f 1417/1015/568 1997/1016/568 1984/977/568 
f 1417/1015/568 1984/977/568 1374/975/568 
f 1417/1015/568 1374/975/568 1418/1633/568 
f 1420/981/570 1998/982/570 1997/1016/570 
f 1420/981/570 1997/1016/570 1417/1015/570 
f 1420/981/570 1417/1015/570 1421/1635/570 
f 1423/1017/570 1988/1018/570 1976/980/570 
f 1423/1017/570 1976/980/570 1377/978/570 
f 1423/1017/570 1377/978/570 1424/1637/570 
f 1426/940/570 1994/941/570 1993/1019/570 
f 1426/940/570 1993/1019/570 1962/1576/570 
f 1426/940/570 1962/1576/570 1340/1584/570 
f 1427/1020/571 2304/1022/571 1447/1021/571 
f 1427/1020/571 1447/1021/571 1446/1645/571 
f 1427/1020/571 1446/1645/571 2488/1393/571 
f 1427/1020/571 2488/1393/571 1799/1391/571 
f 1427/1020/571 1799/1391/571 1428/1639/571 
f 1430/1023/568 2068/1025/568 1792/1024/568 
f 1430/1023/568 1792/1024/568 1791/1760/568 
f 1430/1023/568 1791/1760/568 2278/1375/568 
f 1430/1023/568 2278/1375/568 1781/1373/568 
f 1430/1023/568 1781/1373/568 1431/1640/568 
f 1433/1026/568 2070/1028/568 1822/1027/568 
f 1433/1026/568 1822/1027/568 1821/1770/568 
f 1433/1026/568 1821/1770/568 2311/1366/568 
f 1433/1026/568 2311/1366/568 1772/1364/568 
f 1433/1026/568 1772/1364/568 1434/1641/568 
f 1436/1029/570 2072/1031/570 1813/1030/570 
f 1436/1029/570 1813/1030/570 1812/1767/570 
f 1436/1029/570 1812/1767/570 2215/1357/570 
f 1436/1029/570 2215/1357/570 1763/1355/570 
f 1436/1029/570 1763/1355/570 1437/1642/570 
f 1439/1032/571 2074/1034/571 1804/1033/571 
f 1439/1032/571 1804/1033/571 1803/1764/571 
f 1439/1032/571 1803/1764/571 2375/1345/571 
f 1439/1032/571 2375/1345/571 1751/1343/571 
f 1439/1032/571 1751/1343/571 1440/1643/571 
f 1442/1035/571 2480/1037/571 1702/1036/571 
f 1442/1035/571 1702/1036/571 1701/1730/571 
f 1442/1035/571 1701/1730/571 2339/1836/571 
f 1442/1035/571 2339/1836/571 2078/1522/571 
f 1442/1035/571 2078/1522/571 1443/1644/571 
f 1445/1038/571 2083/1040/571 1747/1039/571 
f 1445/1038/571 1747/1039/571 1746/1745/571 
f 1445/1038/571 1746/1745/571 2343/1369/571 
f 1445/1038/571 2343/1369/571 1775/1367/571 
f 1445/1038/571 1775/1367/571 1446/1645/571 
f 1448/1041/570 2306/1043/570 1468/1042/570 
f 1448/1041/570 1468/1042/570 1467/1652/570 
f 1448/1041/570 1467/1652/570 2474/1330/570 
f 1448/1041/570 2474/1330/570 1736/1328/570 
f 1448/1041/570 1736/1328/570 1449/1646/570 
f 1451/1044/570 2087/1046/570 1729/1045/570 
f 1451/1044/570 1729/1045/570 1728/1739/570 
f 1451/1044/570 1728/1739/570 2276/1312/570 
f 1451/1044/570 2276/1312/570 1718/1310/570 
f 1451/1044/570 1718/1310/570 1452/1647/570 
f 1454/1047/570 2089/1049/570 1759/1048/570 
f 1454/1047/570 1759/1048/570 1758/1749/570 
f 1454/1047/570 1758/1749/570 2309/1303/570 
f 1454/1047/570 2309/1303/570 1709/1301/570 
f 1454/1047/570 1709/1301/570 1455/1648/570 
f 1457/1050/570 2091/1052/570 1750/1051/570 
f 1457/1050/570 1750/1051/570 1749/1746/570 
f 1457/1050/570 1749/1746/570 2211/1294/570 
f 1457/1050/570 2211/1294/570 1700/1292/570 
f 1457/1050/570 1700/1292/570 1458/1649/570 
f 1460/1053/570 2097/1055/570 1741/1054/570 
f 1460/1053/570 1741/1054/570 1740/1743/570 
f 1460/1053/570 1740/1743/570 2429/1324/570 
f 1460/1053/570 2429/1324/570 1730/1322/570 
f 1460/1053/570 1730/1322/570 1461/1650/570 
f 1463/1056/571 2269/1058/571 1636/1057/571 
f 1463/1056/571 1636/1057/571 1635/1708/571 
f 1463/1056/571 1635/1708/571 2464/1285/571 
f 1463/1056/571 2464/1285/571 1691/1283/571 
f 1463/1056/571 1691/1283/571 1464/1651/571 
f 1466/1059/571 2102/1061/571 1723/1060/571 
f 1466/1059/571 1723/1060/571 1722/1737/571 
f 1466/1059/571 1722/1737/571 2299/1306/571 
f 1466/1059/571 2299/1306/571 1712/1304/571 
f 1466/1059/571 1712/1304/571 1467/1652/571 
f 1469/1062/571 2462/1064/571 1660/1063/571 
f 1469/1062/571 1660/1063/571 1659/1716/571 
f 1469/1062/571 1659/1716/571 2196/1267/571 
f 1469/1062/571 2196/1267/571 1673/1265/571 
f 1469/1062/571 1673/1265/571 1470/1653/571 
f 1472/1065/569 2106/1067/569 1705/1066/569 
f 1472/1065/569 1705/1066/569 1704/1731/569 
f 1472/1065/569 1704/1731/569 2359/1249/569 
f 1472/1065/569 2359/1249/569 1655/1247/569 
f 1472/1065/569 1655/1247/569 1473/1654/569 
f 1475/1068/568 2108/1070/568 1696/1069/568 
f 1475/1068/568 1696/1069/568 1695/1728/568 
f 1475/1068/568 1695/1728/568 2205/1237/568 
f 1475/1068/568 2205/1237/568 1643/1235/568 
f 1475/1068/568 1643/1235/568 1476/1655/568 
f 1478/1071/570 2456/1073/570 1591/1072/570 
f 1478/1071/570 1591/1072/570 1590/1693/570 
f 1478/1071/570 1590/1693/570 2220/1834/570 
f 1478/1071/570 2220/1834/570 2112/1473/570 
f 1478/1071/570 2112/1473/570 1479/1656/570 
f 1481/1074/571 2283/1076/571 1582/1075/571 
f 1481/1074/571 1582/1075/571 1581/1690/571 
f 1481/1074/571 1581/1690/571 2452/1231/571 
f 1481/1074/571 2452/1231/571 1637/1229/571 
f 1481/1074/571 1637/1229/571 1482/1657/571 
f 1484/1077/571 2119/1079/571 1630/1078/571 
f 1484/1077/571 1630/1078/571 1629/1706/571 
f 1484/1077/571 1629/1706/571 2334/1252/571 
f 1484/1077/571 2334/1252/571 1658/1250/571 
f 1484/1077/571 1658/1250/571 1485/1658/571 
f 1487/1080/568 2354/1082/568 1507/1081/568 
f 1487/1080/568 1507/1081/568 1506/1665/568 
f 1487/1080/568 1506/1665/568 2448/1214/568 
f 1487/1080/568 2448/1214/568 1619/1212/568 
f 1487/1080/568 1619/1212/568 1488/1659/568 
f 1490/1083/571 2123/1085/571 1612/1084/571 
f 1490/1083/571 1612/1084/571 1611/1700/571 
f 1490/1083/571 1611/1700/571 2260/1196/571 
f 1490/1083/571 2260/1196/571 1601/1194/571 
f 1490/1083/571 1601/1194/571 1491/1660/571 
f 1493/1086/571 2125/1088/571 1642/1087/571 
f 1493/1086/571 1642/1087/571 1641/1710/571 
f 1493/1086/571 1641/1710/571 2357/1184/571 
f 1493/1086/571 2357/1184/571 1589/1182/571 
f 1493/1086/571 1589/1182/571 1494/1661/571 
f 1496/1089/570 2444/1091/570 1540/1090/570 
f 1496/1089/570 1540/1090/570 1539/1676/570 
f 1496/1089/570 1539/1676/570 2369/1837/570 
f 1496/1089/570 2369/1837/570 2129/1002/570 
f 1496/1089/570 2129/1002/570 1497/1662/570 
f 1499/1092/570 2442/1094/570 1579/1093/570 
f 1499/1092/570 1579/1093/570 1578/1689/570 
f 1499/1092/570 1578/1689/570 2296/1178/570 
f 1499/1092/570 2296/1178/570 1583/1176/570 
f 1499/1092/570 1583/1176/570 1500/1663/570 
f 1502/1095/571 2263/1097/571 1570/1096/571 
f 1502/1095/571 1570/1096/571 1569/1686/571 
f 1502/1095/571 1569/1686/571 2438/1169/571 
f 1502/1095/571 2438/1169/571 1574/1167/571 
f 1502/1095/571 1574/1167/571 1503/1664/571 
f 1505/1098/570 2138/1100/570 1567/1099/570 
f 1505/1098/570 1567/1099/570 1566/1685/570 
f 1505/1098/570 1566/1685/570 2323/1190/570 
f 1505/1098/570 2323/1190/570 1595/1188/570 
f 1505/1098/570 1595/1188/570 1506/1665/570 
f 1508/1101/571 2350/1103/571 1528/1102/571 
f 1508/1101/571 1528/1102/571 1527/1672/571 
f 1508/1101/571 1527/1672/571 2434/1151/571 
f 1508/1101/571 2434/1151/571 1556/1149/571 
f 1508/1101/571 1556/1149/571 1509/1666/571 
f 1511/1104/568 2142/1106/568 1549/1105/568 
f 1511/1104/568 1549/1105/568 1548/1679/568 
f 1511/1104/568 1548/1679/568 2258/1133/568 
f 1511/1104/568 2258/1133/568 1538/1131/568 
f 1511/1104/568 1538/1131/568 1512/1667/568 
f 1514/1107/568 2148/1109/568 2150/1108/568 
f 1514/1107/568 2150/1108/568 2199/1534/568 
f 1514/1107/568 2199/1534/568 2200/1172/568 
f 1514/1107/568 2200/1172/568 1577/1170/568 
f 1514/1107/568 1577/1170/568 1515/1668/568 
f 1517/1110/570 2153/1112/570 2154/1111/570 
f 1517/1110/570 2154/1111/570 2423/1537/570 
f 1517/1110/570 2423/1537/570 2424/1154/570 
f 1517/1110/570 2424/1154/570 1559/1152/570 
f 1517/1110/570 1559/1152/570 1518/1669/570 
f 1520/1113/570 2160/1115/570 2159/1114/570 
f 1520/1113/570 2159/1114/570 2235/1525/570 
f 1520/1113/570 2235/1525/570 2236/1118/570 
f 1520/1113/570 2236/1118/570 1523/1116/570 
f 1520/1113/570 1523/1116/570 1521/1670/570 
f 1523/1116/570 2236/1118/570 2234/1117/570 
f 1523/1116/570 2234/1117/570 2163/1510/570 
f 1523/1116/570 2163/1510/570 2165/1121/570 
f 1523/1116/570 2165/1121/570 1526/1119/570 
f 1523/1116/570 1526/1119/570 1524/1671/570 
f 1526/1119/570 2165/1121/570 2166/1120/570 
f 1526/1119/570 2166/1120/570 2329/1543/570 
f 1526/1119/570 2329/1543/570 2330/1127/570 
f 1526/1119/570 2330/1127/570 1532/1125/570 
f 1526/1119/570 1532/1125/570 1527/1672/570 
f 1529/1122/571 2291/1124/571 2289/1123/571 
f 1529/1122/571 2289/1123/571 2171/1563/571 
f 1529/1122/571 2171/1563/571 2173/1832/571 
f 1529/1122/571 2173/1832/571 2410/986/571 
f 1529/1122/571 2410/986/571 1530/1673/571 
f 1532/1125/571 2330/1127/571 2328/1126/571 
f 1532/1125/571 2328/1126/571 2170/1492/571 
f 1532/1125/571 2170/1492/571 2168/1136/571 
f 1532/1125/571 2168/1136/571 1541/1134/571 
f 1532/1125/571 1541/1134/571 1533/1674/571 
f 1535/1128/569 2286/1130/569 1558/1129/569 
f 1535/1128/569 1558/1129/569 1557/1682/569 
f 1535/1128/569 1557/1682/569 2142/1106/569 
f 1535/1128/569 2142/1106/569 1511/1104/569 
f 1535/1128/569 1511/1104/569 1536/1675/569 
f 1538/1131/570 2258/1133/570 1588/1132/570 
f 1538/1131/570 1588/1132/570 1587/1692/570 
f 1538/1131/570 1587/1692/570 2145/1831/570 
f 1538/1131/570 2145/1831/570 2366/973/570 
f 1538/1131/570 2366/973/570 1539/1676/570 
f 1541/1134/569 2168/1136/569 2167/1135/569 
f 1541/1134/569 2167/1135/569 2290/1566/569 
f 1541/1134/569 2290/1566/569 2291/1124/569 
f 1541/1134/569 2291/1124/569 1529/1122/569 
f 1541/1134/569 1529/1122/569 1542/1677/569 
f 1544/1137/571 2436/1139/571 1525/1138/571 
f 1544/1137/571 1525/1138/571 1524/1671/571 
f 1544/1137/571 1524/1671/571 2350/1103/571 
f 1544/1137/571 2350/1103/571 1508/1101/571 
f 1544/1137/571 1508/1101/571 1545/1678/571 
f 1547/1140/571 2190/1142/571 1543/1141/571 
f 1547/1140/571 1543/1141/571 1542/1677/571 
f 1547/1140/571 1542/1677/571 2432/1181/571 
f 1547/1140/571 2432/1181/571 1586/1179/571 
f 1547/1140/571 1586/1179/571 1548/1679/571 
f 1550/1143/570 2394/1145/570 2392/1144/570 
f 1550/1143/570 2392/1144/570 2162/1489/570 
f 1550/1143/570 2162/1489/570 2160/1115/570 
f 1550/1143/570 2160/1115/570 1520/1113/570 
f 1550/1143/570 1520/1113/570 1551/1680/570 
f 1553/1146/571 2231/1148/571 1576/1147/571 
f 1553/1146/571 1576/1147/571 1575/1688/571 
f 1553/1146/571 1575/1688/571 2138/1100/571 
f 1553/1146/571 2138/1100/571 1505/1098/571 
f 1553/1146/571 1505/1098/571 1554/1681/571 
f 1556/1149/571 2434/1151/571 1534/1150/571 
f 1556/1149/571 1534/1150/571 1533/1674/571 
f 1556/1149/571 1533/1674/571 2190/1142/571 
f 1556/1149/571 2190/1142/571 1547/1140/571 
f 1556/1149/571 1547/1140/571 1557/1682/571 
f 1559/1152/569 2424/1154/569 2422/1153/569 
f 1559/1152/569 2422/1153/569 2158/928/569 
f 1559/1152/569 2158/928/569 2156/1163/569 
f 1559/1152/569 2156/1163/569 1568/1161/569 
f 1559/1152/569 1568/1161/569 1560/1683/569 
f 1562/1155/571 2440/1157/571 1561/1156/571 
f 1562/1155/571 1561/1156/571 1560/1683/571 
f 1562/1155/571 1560/1683/571 2263/1097/571 
f 1562/1155/571 2263/1097/571 1502/1095/571 
f 1562/1155/571 1502/1095/571 1563/1684/571 
f 1565/1158/570 2240/1160/570 1522/1159/570 
f 1565/1158/570 1522/1159/570 1521/1670/570 
f 1565/1158/570 1521/1670/570 2436/1139/570 
f 1565/1158/570 2436/1139/570 1544/1137/570 
f 1565/1158/570 1544/1137/570 1566/1685/570 
f 1568/1161/568 2156/1163/568 2155/1162/568 
f 1568/1161/568 2155/1162/568 2393/1574/568 
f 1568/1161/568 2393/1574/568 2394/1145/568 
f 1568/1161/568 2394/1145/568 1550/1143/568 
f 1568/1161/568 1550/1143/568 1569/1686/568 
f 1571/1164/571 2135/1166/571 1504/1165/571 
f 1571/1164/571 1504/1165/571 1503/1664/571 
f 1571/1164/571 1503/1664/571 2231/1148/571 
f 1571/1164/571 2231/1148/571 1553/1146/571 
f 1571/1164/571 1553/1146/571 1572/1687/571 
f 1574/1167/571 2438/1169/571 1552/1168/571 
f 1574/1167/571 1552/1168/571 1551/1680/571 
f 1574/1167/571 1551/1680/571 2240/1160/571 
f 1574/1167/571 2240/1160/571 1565/1158/571 
f 1574/1167/571 1565/1158/571 1575/1688/571 
f 1577/1170/568 2200/1172/568 2198/1171/568 
f 1577/1170/568 2198/1171/568 2151/1486/568 
f 1577/1170/568 2151/1486/568 2153/1112/568 
f 1577/1170/568 2153/1112/568 1517/1110/568 
f 1577/1170/568 1517/1110/568 1578/1689/568 
f 1580/1173/568 2133/1175/568 1585/1174/568 
f 1580/1173/568 1585/1174/568 1584/1691/568 
f 1580/1173/568 1584/1691/568 2395/1208/568 
f 1580/1173/568 2395/1208/568 1613/1206/568 
f 1580/1173/568 1613/1206/568 1581/1690/568 
f 1583/1176/571 2296/1178/571 1519/1177/571 
f 1583/1176/571 1519/1177/571 1518/1669/571 
f 1583/1176/571 1518/1669/571 2440/1157/571 
f 1583/1176/571 2440/1157/571 1562/1155/571 
f 1583/1176/571 1562/1155/571 1584/1691/571 
f 1586/1179/569 2432/1181/569 1531/1180/569 
f 1586/1179/569 1531/1180/569 1530/1673/569 
f 1586/1179/569 1530/1673/569 2413/1838/569 
f 1586/1179/569 2413/1838/569 2143/1449/569 
f 1586/1179/569 2143/1449/569 1587/1692/569 
f 1589/1182/571 2357/1184/571 1498/1183/571 
f 1589/1182/571 1498/1183/571 1497/1662/571 
f 1589/1182/571 1497/1662/571 2128/1830/571 
f 1589/1182/571 2128/1830/571 2217/1005/571 
f 1589/1182/571 2217/1005/571 1590/1693/571 
f 1592/1185/570 2131/1187/570 1633/1186/570 
f 1592/1185/570 1633/1186/570 1632/1707/570 
f 1592/1185/570 1632/1707/570 2425/1217/570 
f 1592/1185/570 2425/1217/570 1622/1215/570 
f 1592/1185/570 1622/1215/570 1593/1694/570 
f 1595/1188/571 2323/1190/571 1546/1189/571 
f 1595/1188/571 1546/1189/571 1545/1678/571 
f 1595/1188/571 1545/1678/571 2139/1199/571 
f 1595/1188/571 2139/1199/571 1604/1197/571 
f 1595/1188/571 1604/1197/571 1596/1695/571 
f 1598/1191/570 2297/1193/570 1621/1192/570 
f 1598/1191/570 1621/1192/570 1620/1703/570 
f 1598/1191/570 1620/1703/570 2123/1085/570 
f 1598/1191/570 2123/1085/570 1490/1083/570 
f 1598/1191/570 1490/1083/570 1599/1696/570 
f 1601/1194/570 2260/1196/570 1651/1195/570 
f 1601/1194/570 1651/1195/570 1650/1713/570 
f 1601/1194/570 1650/1713/570 2125/1088/570 
f 1601/1194/570 2125/1088/570 1493/1086/570 
f 1601/1194/570 1493/1086/570 1602/1697/570 
f 1604/1197/570 2139/1199/570 1510/1198/570 
f 1604/1197/570 1510/1198/570 1509/1666/570 
f 1604/1197/570 1509/1666/570 2286/1130/570 
f 1604/1197/570 2286/1130/570 1535/1128/570 
f 1604/1197/570 1535/1128/570 1605/1698/570 
f 1607/1200/569 2450/1202/569 1555/1201/569 
f 1607/1200/569 1555/1201/569 1554/1681/569 
f 1607/1200/569 1554/1681/569 2354/1082/569 
f 1607/1200/569 2354/1082/569 1487/1080/569 
f 1607/1200/569 1487/1080/569 1608/1699/569 
f 1610/1203/570 2194/1205/570 1606/1204/570 
f 1610/1203/570 1606/1204/570 1605/1698/570 
f 1610/1203/570 1605/1698/570 2446/1243/570 
f 1610/1203/570 2446/1243/570 1649/1241/570 
f 1610/1203/570 1649/1241/570 1611/1700/570 
f 1613/1206/571 2395/1208/571 1564/1207/571 
f 1613/1206/571 1564/1207/571 1563/1684/571 
f 1613/1206/571 1563/1684/571 2135/1166/571 
f 1613/1206/571 2135/1166/571 1571/1164/571 
f 1613/1206/571 1571/1164/571 1614/1701/571 
f 1616/1209/570 2237/1211/570 1639/1210/570 
f 1616/1209/570 1639/1210/570 1638/1709/570 
f 1616/1209/570 1638/1709/570 2119/1079/570 
f 1616/1209/570 2119/1079/570 1484/1077/570 
f 1616/1209/570 1484/1077/570 1617/1702/570 
f 1619/1212/570 2448/1214/570 1597/1213/570 
f 1619/1212/570 1597/1213/570 1596/1695/570 
f 1619/1212/570 1596/1695/570 2194/1205/570 
f 1619/1212/570 2194/1205/570 1610/1203/570 
f 1619/1212/570 1610/1203/570 1620/1703/570 
f 1622/1215/571 2425/1217/571 1501/1216/571 
f 1622/1215/571 1501/1216/571 1500/1663/571 
f 1622/1215/571 1500/1663/571 2133/1175/571 
f 1622/1215/571 2133/1175/571 1580/1173/571 
f 1622/1215/571 1580/1173/571 1623/1704/571 
f 1625/1218/570 2454/1220/570 1624/1219/570 
f 1625/1218/570 1624/1219/570 1623/1704/570 
f 1625/1218/570 1623/1704/570 2283/1076/570 
f 1625/1218/570 2283/1076/570 1481/1074/570 
f 1625/1218/570 1481/1074/570 1626/1705/570 
f 1628/1221/571 2257/1223/571 1573/1222/571 
f 1628/1221/571 1573/1222/571 1572/1687/571 
f 1628/1221/571 1572/1687/571 2450/1202/571 
f 1628/1221/571 2450/1202/571 1607/1200/571 
f 1628/1221/571 1607/1200/571 1629/1706/571 
f 1631/1224/569 2202/1013/569 1516/1225/569 
f 1631/1224/569 1516/1225/569 1515/1668/569 
f 1631/1224/569 1515/1668/569 2442/1094/569 
f 1631/1224/569 2442/1094/569 1499/1092/569 
f 1631/1224/569 1499/1092/569 1632/1707/569 
f 1634/1226/570 2116/1228/570 1483/1227/570 
f 1634/1226/570 1483/1227/570 1482/1657/570 
f 1634/1226/570 1482/1657/570 2237/1211/570 
f 1634/1226/570 2237/1211/570 1616/1209/570 
f 1634/1226/570 1616/1209/570 1635/1708/570 
f 1637/1229/571 2452/1231/571 1615/1230/571 
f 1637/1229/571 1615/1230/571 1614/1701/571 
f 1637/1229/571 1614/1701/571 2257/1223/571 
f 1637/1229/571 2257/1223/571 1628/1221/571 
f 1637/1229/571 1628/1221/571 1638/1709/571 
f 1640/1232/570 2405/1234/570 1513/1233/570 
f 1640/1232/570 1513/1233/570 1512/1667/570 
f 1640/1232/570 1512/1667/570 2444/1091/570 
f 1640/1232/570 2444/1091/570 1496/1089/570 
f 1640/1232/570 1496/1089/570 1641/1710/570 
f 1643/1235/570 2205/1237/570 1480/1236/570 
f 1643/1235/570 1480/1236/570 1479/1656/570 
f 1643/1235/570 1479/1656/570 2111/1829/570 
f 1643/1235/570 2111/1829/570 2184/967/570 
f 1643/1235/570 2184/967/570 1644/1711/570 
f 1646/1238/570 2114/1240/570 1687/1239/570 
f 1646/1238/570 1687/1239/570 1686/1725/570 
f 1646/1238/570 1686/1725/570 2402/1270/570 
f 1646/1238/570 2402/1270/570 1676/1268/570 
f 1646/1238/570 1676/1268/570 1647/1712/570 
f 1649/1241/571 2446/1243/571 1537/1242/571 
f 1649/1241/571 1537/1242/571 1536/1675/571 
f 1649/1241/571 1536/1675/571 2405/1234/571 
f 1649/1241/571 2405/1234/571 1640/1232/571 
f 1649/1241/571 1640/1232/571 1650/1713/571 
f 1652/1244/570 2458/1246/570 1603/1245/570 
f 1652/1244/570 1603/1245/570 1602/1697/570 
f 1652/1244/570 1602/1697/570 2385/1288/570 
f 1652/1244/570 2385/1288/570 1694/1286/570 
f 1652/1244/570 1694/1286/570 1653/1714/570 
f 1655/1247/571 2359/1249/571 1654/1248/571 
f 1655/1247/571 1654/1248/571 1653/1714/571 
f 1655/1247/571 1653/1714/571 2108/1070/571 
f 1655/1247/571 2108/1070/571 1475/1068/571 
f 1655/1247/571 1475/1068/571 1656/1715/571 
f 1658/1250/570 2334/1252/570 1609/1251/570 
f 1658/1250/570 1609/1251/570 1608/1699/570 
f 1658/1250/570 1608/1699/570 2120/1261/570 
f 1658/1250/570 2120/1261/570 1667/1259/570 
f 1658/1250/570 1667/1259/570 1659/1716/570 
f 1661/1253/570 2460/1255/570 1600/1254/570 
f 1661/1253/570 1600/1254/570 1599/1696/570 
f 1661/1253/570 1599/1696/570 2420/1297/570 
f 1661/1253/570 2420/1297/570 1703/1295/570 
f 1661/1253/570 1703/1295/570 1662/1717/570 
f 1664/1256/571 2264/1258/571 1663/1257/571 
f 1664/1256/571 1663/1257/571 1662/1717/571 
f 1664/1256/571 1662/1717/571 2106/1067/571 
f 1664/1256/571 2106/1067/571 1472/1065/571 
f 1664/1256/571 1472/1065/571 1665/1718/571 
f 1667/1259/570 2120/1261/570 1489/1260/570 
f 1667/1259/570 1489/1260/570 1488/1659/570 
f 1667/1259/570 1488/1659/570 2297/1193/570 
f 1667/1259/570 2297/1193/570 1598/1191/570 
f 1667/1259/570 1598/1191/570 1668/1719/570 
f 1670/1262/571 2103/1264/571 1675/1263/571 
f 1670/1262/571 1675/1263/571 1674/1721/571 
f 1670/1262/571 1674/1721/571 2264/1258/571 
f 1670/1262/571 2264/1258/571 1664/1256/571 
f 1670/1262/571 1664/1256/571 1671/1720/571 
f 1673/1265/571 2196/1267/571 1669/1266/571 
f 1673/1265/571 1669/1266/571 1668/1719/571 
f 1673/1265/571 1668/1719/571 2460/1255/571 
f 1673/1265/571 2460/1255/571 1661/1253/571 
f 1673/1265/571 1661/1253/571 1674/1721/571 
f 1676/1268/570 2402/1270/570 1627/1269/570 
f 1676/1268/570 1627/1269/570 1626/1705/570 
f 1676/1268/570 1626/1705/570 2116/1228/570 
f 1676/1268/570 2116/1228/570 1634/1226/570 
f 1676/1268/570 1634/1226/570 1677/1722/570 
f 1679/1271/570 2466/1273/570 1678/1272/570 
f 1679/1271/570 1678/1272/570 1677/1722/570 
f 1679/1271/570 1677/1722/570 2269/1058/570 
f 1679/1271/570 2269/1058/570 1463/1056/570 
f 1679/1271/570 1463/1056/570 1680/1723/570 
f 1682/1274/568 2203/1276/568 1693/1275/568 
f 1682/1274/568 1693/1275/568 1692/1727/568 
f 1682/1274/568 1692/1727/568 2102/1061/568 
f 1682/1274/568 2102/1061/568 1466/1059/568 
f 1682/1274/568 1466/1059/568 1683/1724/568 
f 1685/1277/571 2314/1279/571 1594/1278/571 
f 1685/1277/571 1594/1278/571 1593/1694/571 
f 1685/1277/571 1593/1694/571 2454/1220/571 
f 1685/1277/571 2454/1220/571 1625/1218/571 
f 1685/1277/571 1625/1218/571 1686/1725/571 
f 1688/1280/571 2099/1282/571 1465/1281/571 
f 1688/1280/571 1465/1281/571 1464/1651/571 
f 1688/1280/571 1464/1651/571 2203/1276/571 
f 1688/1280/571 2203/1276/571 1682/1274/571 
f 1688/1280/571 1682/1274/571 1689/1726/571 
f 1691/1283/570 2464/1285/570 1618/1284/570 
f 1691/1283/570 1618/1284/570 1617/1702/570 
f 1691/1283/570 1617/1702/570 2356/1315/570 
f 1691/1283/570 2356/1315/570 1721/1313/570 
f 1691/1283/570 1721/1313/570 1692/1727/570 
f 1694/1286/570 2385/1288/570 1495/1287/570 
f 1694/1286/570 1495/1287/570 1494/1661/570 
f 1694/1286/570 1494/1661/570 2456/1073/570 
f 1694/1286/570 2456/1073/570 1478/1071/570 
f 1694/1286/570 1478/1071/570 1695/1728/570 
f 1697/1289/571 2468/1291/571 1645/1290/571 
f 1697/1289/571 1645/1290/571 1644/1711/571 
f 1697/1289/571 1644/1711/571 2187/1833/571 
f 1697/1289/571 2187/1833/571 2092/1467/571 
f 1697/1289/571 2092/1467/571 1698/1729/571 
f 1700/1292/570 2211/1294/570 1699/1293/570 
f 1700/1292/570 1699/1293/570 1698/1729/570 
f 1700/1292/570 1698/1729/570 2094/1828/570 
f 1700/1292/570 2094/1828/570 2336/1496/570 
f 1700/1292/570 2336/1496/570 1701/1730/570 
f 1703/1295/571 2420/1297/571 1492/1296/571 
f 1703/1295/571 1492/1296/571 1491/1660/571 
f 1703/1295/571 1491/1660/571 2458/1246/571 
f 1703/1295/571 2458/1246/571 1652/1244/571 
f 1703/1295/571 1652/1244/571 1704/1731/571 
f 1706/1298/571 2470/1300/571 1657/1299/571 
f 1706/1298/571 1657/1299/571 1656/1715/571 
f 1706/1298/571 1656/1715/571 2418/1342/571 
f 1706/1298/571 2418/1342/571 1748/1340/571 
f 1706/1298/571 1748/1340/571 1707/1732/571 
f 1709/1301/570 2309/1303/570 1708/1302/570 
f 1709/1301/570 1708/1302/570 1707/1732/570 
f 1709/1301/570 1707/1732/570 2091/1052/570 
f 1709/1301/570 2091/1052/570 1457/1050/570 
f 1709/1301/570 1457/1050/570 1710/1733/570 
f 1712/1304/571 2299/1306/571 1471/1305/571 
f 1712/1304/571 1471/1305/571 1470/1653/571 
f 1712/1304/571 1470/1653/571 2103/1264/571 
f 1712/1304/571 2103/1264/571 1670/1262/571 
f 1712/1304/571 1670/1262/571 1713/1734/571 
f 1715/1307/571 2254/1309/571 1738/1308/571 
f 1715/1307/571 1738/1308/571 1737/1742/571 
f 1715/1307/571 1737/1742/571 2087/1046/571 
f 1715/1307/571 2087/1046/571 1451/1044/571 
f 1715/1307/571 1451/1044/571 1716/1735/571 
f 1718/1310/571 2276/1312/571 1768/1311/571 
f 1718/1310/571 1768/1311/571 1767/1752/571 
f 1718/1310/571 1767/1752/571 2089/1049/571 
f 1718/1310/571 2089/1049/571 1454/1047/571 
f 1718/1310/571 1454/1047/571 1719/1736/571 
f 1721/1313/571 2356/1315/571 1486/1314/571 
f 1721/1313/571 1486/1314/571 1485/1658/571 
f 1721/1313/571 1485/1658/571 2462/1064/571 
f 1721/1313/571 2462/1064/571 1469/1062/571 
f 1721/1313/571 1469/1062/571 1722/1737/571 
f 1724/1316/571 2476/1318/571 1684/1317/571 
f 1724/1316/571 1684/1317/571 1683/1724/571 
f 1724/1316/571 1683/1724/571 2306/1043/571 
f 1724/1316/571 2306/1043/571 1448/1041/571 
f 1724/1316/571 1448/1041/571 1725/1738/571 
f 1727/1319/571 2230/1321/571 1672/1320/571 
f 1727/1319/571 1672/1320/571 1671/1720/571 
f 1727/1319/571 1671/1720/571 2472/1360/571 
f 1727/1319/571 2472/1360/571 1766/1358/571 
f 1727/1319/571 1766/1358/571 1728/1739/571 
f 1730/1322/570 2429/1324/570 1681/1323/570 
f 1730/1322/570 1681/1323/570 1680/1723/570 
f 1730/1322/570 1680/1723/570 2099/1282/570 
f 1730/1322/570 2099/1282/570 1688/1280/570 
f 1730/1322/570 1688/1280/570 1731/1740/570 
f 1733/1325/570 2177/1327/570 1744/1326/570 
f 1733/1325/570 1744/1326/570 1743/1744/570 
f 1733/1325/570 1743/1744/570 2083/1040/570 
f 1733/1325/570 2083/1040/570 1445/1038/570 
f 1733/1325/570 1445/1038/570 1734/1741/570 
f 1736/1328/570 2474/1330/570 1714/1329/570 
f 1736/1328/570 1714/1329/570 1713/1734/570 
f 1736/1328/570 1713/1734/570 2230/1321/570 
f 1736/1328/570 2230/1321/570 1727/1319/570 
f 1736/1328/570 1727/1319/570 1737/1742/570 
f 1739/1331/570 2372/1333/570 1648/1332/570 
f 1739/1331/570 1648/1332/570 1647/1712/570 
f 1739/1331/570 1647/1712/570 2466/1273/570 
f 1739/1331/570 2466/1273/570 1679/1271/570 
f 1739/1331/570 1679/1271/570 1740/1743/570 
f 1742/1334/571 2478/1336/571 1732/1335/571 
f 1742/1334/571 1732/1335/571 1731/1740/571 
f 1742/1334/571 1731/1740/571 2273/1339/571 
f 1742/1334/571 2273/1339/571 1745/1337/571 
f 1742/1334/571 1745/1337/571 1743/1744/571 
f 1745/1337/570 2273/1339/570 1690/1338/570 
f 1745/1337/570 1690/1338/570 1689/1726/570 
f 1745/1337/570 1689/1726/570 2476/1318/570 
f 1745/1337/570 2476/1318/570 1724/1316/570 
f 1745/1337/570 1724/1316/570 1746/1745/570 
f 1748/1340/571 2418/1342/571 1477/1341/571 
f 1748/1340/571 1477/1341/571 1476/1655/571 
f 1748/1340/571 1476/1655/571 2468/1291/571 
f 1748/1340/571 2468/1291/571 1697/1289/571 
f 1748/1340/571 1697/1289/571 1749/1746/571 
f 1751/1343/571 2375/1345/571 1444/1344/571 
f 1751/1343/571 1444/1344/571 1443/1644/571 
f 1751/1343/571 1443/1644/571 2077/1827/571 
f 1751/1343/571 2077/1827/571 2224/1499/571 
f 1751/1343/571 2224/1499/571 1752/1747/571 
f 1754/1346/570 2080/1348/570 1795/1347/570 
f 1754/1346/570 1795/1347/570 1794/1761/570 
f 1754/1346/570 1794/1761/570 2177/1327/570 
f 1754/1346/570 2177/1327/570 1733/1325/570 
f 1754/1346/570 1733/1325/570 1755/1748/570 
f 1757/1349/570 2390/1351/570 1474/1350/570 
f 1757/1349/570 1474/1350/570 1473/1654/570 
f 1757/1349/570 1473/1654/570 2470/1300/570 
f 1757/1349/570 2470/1300/570 1706/1298/570 
f 1757/1349/570 1706/1298/570 1758/1749/570 
f 1760/1352/571 2482/1354/571 1711/1353/571 
f 1760/1352/571 1711/1353/571 1710/1733/571 
f 1760/1352/571 1710/1733/571 2428/1396/571 
f 1760/1352/571 2428/1396/571 1802/1394/571 
f 1760/1352/571 1802/1394/571 1761/1750/571 
f 1763/1355/569 2215/1357/569 1762/1356/569 
f 1763/1355/569 1762/1356/569 1761/1750/569 
f 1763/1355/569 1761/1750/569 2074/1034/569 
f 1763/1355/569 2074/1034/569 1439/1032/569 
f 1763/1355/569 1439/1032/569 1764/1751/569 
f 1766/1358/571 2472/1360/571 1666/1359/571 
f 1766/1358/571 1666/1359/571 1665/1718/571 
f 1766/1358/571 1665/1718/571 2390/1351/571 
f 1766/1358/571 2390/1351/571 1757/1349/571 
f 1766/1358/571 1757/1349/571 1767/1752/571 
f 1769/1361/571 2484/1363/571 1720/1362/571 
f 1769/1361/571 1720/1362/571 1719/1736/571 
f 1769/1361/571 1719/1736/571 2401/1405/571 
f 1769/1361/571 2401/1405/571 1811/1403/571 
f 1769/1361/571 1811/1403/571 1770/1753/571 
f 1772/1364/570 2311/1366/570 1771/1365/570 
f 1772/1364/570 1771/1365/570 1770/1753/570 
f 1772/1364/570 1770/1753/570 2072/1031/570 
f 1772/1364/570 2072/1031/570 1436/1029/570 
f 1772/1364/570 1436/1029/570 1773/1754/570 
f 1775/1367/570 2343/1369/570 1726/1368/570 
f 1775/1367/570 1726/1368/570 1725/1738/570 
f 1775/1367/570 1725/1738/570 2084/1378/570 
f 1775/1367/570 2084/1378/570 1784/1376/570 
f 1775/1367/570 1784/1376/570 1776/1755/570 
f 1778/1370/569 2250/1372/569 1801/1371/569 
f 1778/1370/569 1801/1371/569 1800/1763/569 
f 1778/1370/569 1800/1763/569 2068/1025/569 
f 1778/1370/569 2068/1025/569 1430/1023/569 
f 1778/1370/569 1430/1023/569 1779/1756/569 
f 1781/1373/569 2278/1375/569 1831/1374/569 
f 1781/1373/569 1831/1374/569 1830/1773/569 
f 1781/1373/569 1830/1773/569 2070/1028/569 
f 1781/1373/569 2070/1028/569 1433/1026/569 
f 1781/1373/569 1433/1026/569 1782/1757/569 
f 1784/1376/570 2084/1378/570 1450/1377/570 
f 1784/1376/570 1450/1377/570 1449/1646/570 
f 1784/1376/570 1449/1646/570 2254/1309/570 
f 1784/1376/570 2254/1309/570 1715/1307/570 
f 1784/1376/570 1715/1307/570 1785/1758/570 
f 1787/1379/570 2490/1381/570 1735/1380/570 
f 1787/1379/570 1735/1380/570 1734/1741/570 
f 1787/1379/570 1734/1741/570 2304/1022/570 
f 1787/1379/570 2304/1022/570 1427/1020/570 
f 1787/1379/570 1427/1020/570 1788/1759/570 
f 1790/1382/570 2208/1384/570 1786/1383/570 
f 1790/1382/570 1786/1383/570 1785/1758/570 
f 1790/1382/570 1785/1758/570 2486/1423/570 
f 1790/1382/570 2486/1423/570 1829/1421/570 
f 1790/1382/570 1829/1421/570 1791/1760/570 
f 1793/1385/570 2245/1387/570 1462/1386/570 
f 1793/1385/570 1462/1386/570 1461/1650/570 
f 1793/1385/570 1461/1650/570 2478/1336/570 
f 1793/1385/570 2478/1336/570 1742/1334/570 
f 1793/1385/570 1742/1334/570 1794/1761/570 
f 1796/1388/570 2065/1390/570 1429/1389/570 
f 1796/1388/570 1429/1389/570 1428/1639/570 
f 1796/1388/570 1428/1639/570 2250/1372/570 
f 1796/1388/570 2250/1372/570 1778/1370/570 
f 1796/1388/570 1778/1370/570 1797/1762/570 
f 1799/1391/571 2488/1393/571 1777/1392/571 
f 1799/1391/571 1777/1392/571 1776/1755/571 
f 1799/1391/571 1776/1755/571 2208/1384/571 
f 1799/1391/571 2208/1384/571 1790/1382/571 
f 1799/1391/571 1790/1382/571 1800/1763/571 
f 1802/1394/570 2428/1396/570 1459/1395/570 
f 1802/1394/570 1459/1395/570 1458/1649/570 
f 1802/1394/570 1458/1649/570 2480/1037/570 
f 1802/1394/570 2480/1037/570 1442/1035/570 
f 1802/1394/570 1442/1035/570 1803/1764/570 
f 1805/1397/571 2492/1399/571 1753/1398/571 
f 1805/1397/571 1753/1398/571 1752/1747/571 
f 1805/1397/571 1752/1747/571 2227/1835/571 
f 1805/1397/571 2227/1835/571 2062/955/571 
f 1805/1397/571 2062/955/571 1806/1765/571 
f 1808/1400/570 2063/1402/570 1849/1401/570 
f 1808/1400/570 1849/1401/570 1848/1779/570 
f 1808/1400/570 1848/1779/570 2341/1432/570 
f 1808/1400/570 2341/1432/570 1838/1430/570 
f 1808/1400/570 1838/1430/570 1809/1766/570 
f 1811/1403/571 2401/1405/571 1456/1404/571 
f 1811/1403/571 1456/1404/571 1455/1648/571 
f 1811/1403/571 1455/1648/571 2482/1354/571 
f 1811/1403/571 2482/1354/571 1760/1352/571 
f 1811/1403/571 1760/1352/571 1812/1767/571 
f 1814/1406/570 2494/1408/570 1765/1407/570 
f 1814/1406/570 1765/1407/570 1764/1751/570 
f 1814/1406/570 1764/1751/570 2319/1411/570 
f 1814/1406/570 2319/1411/570 1817/1409/570 
f 1814/1406/570 1817/1409/570 1815/1768/570 
f 1817/1409/571 2319/1411/571 1441/1410/571 
f 1817/1409/571 1441/1410/571 1440/1643/571 
f 1817/1409/571 1440/1643/571 2492/1399/571 
f 1817/1409/571 2492/1399/571 1805/1397/571 
f 1817/1409/571 1805/1397/571 1818/1769/571 
f 1820/1412/571 2365/1414/571 1453/1413/571 
f 1820/1412/571 1453/1413/571 1452/1647/571 
f 1820/1412/571 1452/1647/571 2484/1363/571 
f 1820/1412/571 2484/1363/571 1769/1361/571 
f 1820/1412/571 1769/1361/571 1821/1770/571 
f 1823/1415/570 2496/1417/570 1774/1416/570 
f 1823/1415/570 1774/1416/570 1773/1754/570 
f 1823/1415/570 1773/1754/570 2407/1420/570 
f 1823/1415/570 2407/1420/570 1826/1418/570 
f 1823/1415/570 1826/1418/570 1824/1771/570 
f 1826/1418/570 2407/1420/570 1438/1419/570 
f 1826/1418/570 1438/1419/570 1437/1642/570 
f 1826/1418/570 1437/1642/570 2494/1408/570 
f 1826/1418/570 2494/1408/570 1814/1406/570 
f 1826/1418/570 1814/1406/570 1827/1772/570 
f 1829/1421/570 2486/1423/570 1717/1422/570 
f 1829/1421/570 1717/1422/570 1716/1735/570 
f 1829/1421/570 1716/1735/570 2365/1414/570 
f 1829/1421/570 2365/1414/570 1820/1412/570 
f 1829/1421/570 1820/1412/570 1830/1773/570 
f 1832/1424/571 2498/1426/571 1783/1425/571 
f 1832/1424/571 1783/1425/571 1782/1757/571 
f 1832/1424/571 1782/1757/571 2378/1429/571 
f 1832/1424/571 2378/1429/571 1835/1427/571 
f 1832/1424/571 1835/1427/571 1833/1774/571 
f 1835/1427/570 2378/1429/570 1435/1428/570 
f 1835/1427/570 1435/1428/570 1434/1641/570 
f 1835/1427/570 1434/1641/570 2496/1417/570 
f 1835/1427/570 2496/1417/570 1823/1415/570 
f 1835/1427/570 1823/1415/570 1836/1775/570 
f 1838/1430/570 2341/1432/570 1789/1431/570 
f 1838/1430/570 1789/1431/570 1788/1759/570 
f 1838/1430/570 1788/1759/570 2065/1390/570 
f 1838/1430/570 2065/1390/570 1796/1388/570 
f 1838/1430/570 1796/1388/570 1839/1776/570 
f 1841/1433/570 2500/1435/570 1780/1434/570 
f 1841/1433/570 1780/1434/570 1779/1756/570 
f 1841/1433/570 1779/1756/570 2346/1438/570 
f 1841/1433/570 2346/1438/570 1844/1436/570 
f 1841/1433/570 1844/1436/570 1842/1777/570 
f 1844/1436/570 2346/1438/570 1432/1437/570 
f 1844/1436/570 1432/1437/570 1431/1640/570 
f 1844/1436/570 1431/1640/570 2498/1426/570 
f 1844/1436/570 2498/1426/570 1832/1424/570 
f 1844/1436/570 1832/1424/570 1845/1778/570 
f 1847/1439/570 2271/1441/570 1756/1440/570 
f 1847/1439/570 1756/1440/570 1755/1748/570 
f 1847/1439/570 1755/1748/570 2490/1381/570 
f 1847/1439/570 2490/1381/570 1787/1379/570 
f 1847/1439/570 1787/1379/570 1848/1779/570 
f 1850/1442/570 2502/1444/570 1840/1443/570 
f 1850/1442/570 1840/1443/570 1839/1776/570 
f 1850/1442/570 1839/1776/570 2180/1447/570 
f 1850/1442/570 2180/1447/570 1853/1445/570 
f 1850/1442/570 1853/1445/570 1851/1780/570 
f 1853/1445/571 2180/1447/571 1798/1446/571 
f 1853/1445/571 1798/1446/571 1797/1762/571 
f 1853/1445/571 1797/1762/571 2500/1435/571 
f 1853/1445/571 2500/1435/571 1841/1433/571 
f 1853/1445/571 1841/1433/571 1854/1781/571 
f 1856/1448/570 2147/1450/570 2143/1449/570 
f 1856/1448/570 2143/1449/570 2413/1838/570 
f 1856/1448/570 2413/1838/570 2411/987/570 
f 1856/1448/570 2411/987/570 1386/985/570 
f 1856/1448/570 1386/985/570 1334/1580/570 
f 1857/1451/570 2049/1453/570 1862/1452/570 
f 1857/1451/570 1862/1452/570 1861/1784/570 
f 1857/1451/570 1861/1784/570 2248/938/570 
f 1857/1451/570 2248/938/570 1338/936/570 
f 1857/1451/570 1338/936/570 1858/1782/570 
f 1860/1454/570 2302/1456/570 1810/1455/570 
f 1860/1454/570 1810/1455/570 1809/1766/570 
f 1860/1454/570 1809/1766/570 2502/1444/570 
f 1860/1454/570 2502/1444/570 1850/1442/570 
f 1860/1454/570 1850/1442/570 1861/1784/570 
f 1863/1457/570 1973/1458/570 1988/1018/570 
f 1863/1457/570 1988/1018/570 1423/1017/570 
f 1863/1457/570 1423/1017/570 1864/1785/570 
f 1866/1459/568 2098/1460/568 2097/1055/568 
f 1866/1459/568 2097/1055/568 1460/1053/568 
f 1866/1459/568 1460/1053/568 2244/1571/568 
f 1866/1459/568 2244/1571/568 1955/1570/568 
f 1866/1459/568 1955/1570/568 1381/1609/568 
f 1868/1461/568 2115/1462/568 2114/1240/568 
f 1868/1461/568 2114/1240/568 1646/1238/568 
f 1868/1461/568 1646/1238/568 2371/1502/568 
f 1868/1461/568 2371/1502/568 1910/1501/568 
f 1868/1461/568 1910/1501/568 1419/1634/568 
f 1869/976/568 1983/1464/568 1914/1463/568 
f 1869/976/568 1914/1463/568 1913/1810/568 
f 1869/976/568 1913/1810/568 1870/1788/568 
f 1872/1465/570 1989/943/570 1344/942/570 
f 1872/1465/570 1344/942/570 1943/1819/570 
f 1872/1465/570 1943/1819/570 1873/1790/570 
f 1875/1466/571 2096/1468/571 2092/1467/571 
f 1875/1466/571 2092/1467/571 2187/1833/571 
f 1875/1466/571 2187/1833/571 2185/968/571 
f 1875/1466/571 2185/968/571 1367/966/571 
f 1875/1466/571 1367/966/571 1876/1792/571 
f 1878/1469/571 1965/964/571 1964/962/571 
f 1878/1469/571 1964/962/571 1363/960/571 
f 1878/1469/571 1363/960/571 1879/1794/571 
f 1881/1470/571 1971/1471/571 1970/965/571 
f 1881/1470/571 1970/965/571 1364/963/571 
f 1881/1470/571 1364/963/571 1882/1796/571 
f 1884/1472/568 2110/1474/568 2112/1473/568 
f 1884/1472/568 2112/1473/568 2220/1834/568 
f 1884/1472/568 2220/1834/568 2218/1006/568 
f 1884/1472/568 2218/1006/568 1405/1004/568 
f 1884/1472/568 1405/1004/568 1885/1798/568 
f 1887/945/570 1987/1476/570 1941/1475/570 
f 1887/945/570 1941/1475/570 1337/1582/570 
f 1887/945/570 1337/1582/570 1336/1581/570 
f 1889/1477/571 2270/1478/571 2271/1441/571 
f 1889/1477/571 2271/1441/571 1847/1439/571 
f 1889/1477/571 1847/1439/571 2064/1569/571 
f 1889/1477/571 2064/1569/571 1952/1568/571 
f 1889/1477/571 1952/1568/571 1865/1786/571 
f 1890/1479/571 2301/1480/571 2302/1456/571 
f 1890/1479/571 2302/1456/571 1860/1454/571 
f 1890/1479/571 1860/1454/571 2049/1453/571 
f 1890/1479/571 2049/1453/571 1857/1451/571 
f 1890/1479/571 1857/1451/571 1891/1801/571 
f 1893/1481/568 1996/1482/568 1995/994/568 
f 1893/1481/568 1995/994/568 1393/993/568 
f 1893/1481/568 1393/993/568 1894/1803/568 
f 1896/1483/569 2149/1484/569 2148/1109/569 
f 1896/1483/569 2148/1109/569 1514/1107/569 
f 1896/1483/569 1514/1107/569 2201/1014/569 
f 1896/1483/569 2201/1014/569 1414/1012/569 
f 1896/1483/569 1414/1012/569 1413/1630/569 
f 1897/1485/569 2152/1487/569 2151/1486/569 
f 1897/1485/569 2151/1486/569 2198/1171/569 
f 1897/1485/569 2198/1171/569 2197/1535/569 
f 1897/1485/569 2197/1535/569 1931/1533/569 
f 1897/1485/569 1931/1533/569 1898/1805/569 
f 1900/996/568 1996/1482/568 1893/1481/568 
f 1900/996/568 1893/1481/568 1331/1578/568 
f 1900/996/568 1331/1578/568 1330/1577/568 
f 1902/1488/568 2161/1490/568 2162/1489/568 
f 1902/1488/568 2162/1489/568 2392/1144/568 
f 1902/1488/568 2392/1144/568 2391/1575/568 
f 1902/1488/568 2391/1575/568 1957/1573/568 
f 1902/1488/568 1957/1573/568 1395/1618/568 
f 1903/952/569 1969/992/569 1390/991/569 
f 1903/952/569 1390/991/569 1917/1811/569 
f 1903/952/569 1917/1811/569 1904/1808/569 
f 1906/1491/568 2169/1493/568 2170/1492/568 
f 1906/1491/568 2170/1492/568 2328/1126/568 
f 1906/1491/568 2328/1126/568 2327/1544/568 
f 1906/1491/568 2327/1544/568 1936/1542/568 
f 1906/1491/568 1936/1542/568 1389/1614/568 
f 1907/1494/568 1974/1008/568 1972/997/568 
f 1907/1494/568 1972/997/568 1396/995/568 
f 1907/1494/568 1396/995/568 1899/1806/568 
f 1908/1495/571 2337/1497/571 2336/1496/571 
f 1908/1495/571 2336/1496/571 2094/1828/571 
f 1908/1495/571 2094/1828/571 2096/1468/571 
f 1908/1495/571 2096/1468/571 1875/1466/571 
f 1908/1495/571 1875/1466/571 1883/1797/571 
f 1909/1498/569 2225/1500/569 2224/1499/569 
f 1909/1498/569 2224/1499/569 2077/1827/569 
f 1909/1498/569 2077/1827/569 2076/1523/569 
f 1909/1498/569 2076/1523/569 1925/1521/569 
f 1909/1498/569 1925/1521/569 1880/1795/569 
f 1910/1501/568 2371/1502/568 2372/1333/568 
f 1910/1501/568 2372/1333/568 1739/1331/568 
f 1910/1501/568 1739/1331/568 2098/1460/568 
f 1910/1501/568 2098/1460/568 1866/1459/568 
f 1910/1501/568 1866/1459/568 1422/1636/568 
f 1911/1503/570 2081/1504/570 2080/1348/570 
f 1911/1503/570 2080/1348/570 1754/1346/570 
f 1911/1503/570 1754/1346/570 2270/1478/570 
f 1911/1503/570 2270/1478/570 1889/1477/570 
f 1911/1503/570 1889/1477/570 1425/1638/570 
f 1912/1505/569 2132/1506/569 2131/1187/569 
f 1912/1505/569 2131/1187/569 1592/1185/569 
f 1912/1505/569 1592/1185/569 2313/1508/569 
f 1912/1505/569 2313/1508/569 1915/1507/569 
f 1912/1505/569 1915/1507/569 1870/1788/569 
f 1914/1463/568 1983/1464/568 1982/1011/568 
f 1914/1463/568 1982/1011/568 1411/1010/568 
f 1914/1463/568 1411/1010/568 1416/1632/568 
f 1915/1507/568 2313/1508/568 2314/1279/568 
f 1915/1507/568 2314/1279/568 1685/1277/568 
f 1915/1507/568 1685/1277/568 2115/1462/568 
f 1915/1507/568 2115/1462/568 1868/1461/568 
f 1915/1507/568 1868/1461/568 1376/1606/568 
f 1916/1509/569 2164/1511/569 2163/1510/569 
f 1916/1509/569 2163/1510/569 2234/1117/569 
f 1916/1509/569 2234/1117/569 2233/1526/569 
f 1916/1509/569 2233/1526/569 1926/1524/569 
f 1916/1509/569 1926/1524/569 1904/1808/569 
f 1918/1512/569 1990/989/569 1958/1513/569 
f 1918/1512/569 1958/1513/569 1959/1825/569 
f 1918/1512/569 1959/1825/569 1919/1812/569 
f 1921/1514/569 1986/931/569 1985/1515/569 
f 1921/1514/569 1985/1515/569 1922/1516/569 
f 1921/1514/569 1922/1516/569 1373/1604/569 
f 1922/1516/569 1985/1515/569 1981/1517/569 
f 1922/1516/569 1981/1517/569 1956/1572/569 
f 1922/1516/569 1956/1572/569 1404/1624/569 
f 1923/1518/571 1980/1519/571 1992/971/571 
f 1923/1518/571 1992/971/571 1370/969/571 
f 1923/1518/571 1370/969/571 1886/1799/571 
f 1924/1520/571 1991/970/571 1971/1471/571 
f 1924/1520/571 1971/1471/571 1881/1470/571 
f 1924/1520/571 1881/1470/571 1877/1793/571 
f 1925/1521/571 2076/1523/571 2078/1522/571 
f 1925/1521/571 2078/1522/571 2339/1836/571 
f 1925/1521/571 2339/1836/571 2337/1497/571 
f 1925/1521/571 2337/1497/571 1908/1495/571 
f 1925/1521/571 1908/1495/571 1366/1600/571 
f 1926/1524/568 2233/1526/568 2235/1525/568 
f 1926/1524/568 2235/1525/568 2159/1114/568 
f 1926/1524/568 2159/1114/568 2161/1490/568 
f 1926/1524/568 2161/1490/568 1902/1488/568 
f 1926/1524/568 1902/1488/568 1356/1594/568 
f 1927/1527/569 2373/1529/569 1816/1528/569 
f 1927/1527/569 1816/1528/569 1815/1768/569 
f 1927/1527/569 1815/1768/569 2059/1532/569 
f 1927/1527/569 2059/1532/569 1930/1530/569 
f 1927/1527/569 1930/1530/569 1928/1814/569 
f 1930/1530/570 2059/1532/570 1819/1531/570 
f 1930/1530/570 1819/1531/570 1818/1769/570 
f 1930/1530/570 1818/1769/570 2415/1541/570 
f 1930/1530/570 2415/1541/570 1933/1539/570 
f 1930/1530/570 1933/1539/570 1362/1598/570 
f 1931/1533/570 2197/1535/570 2199/1534/570 
f 1931/1533/570 2199/1534/570 2150/1108/570 
f 1931/1533/570 2150/1108/570 2149/1484/570 
f 1931/1533/570 2149/1484/570 1896/1483/570 
f 1931/1533/570 1896/1483/570 1410/1628/570 
f 1932/1536/569 2421/1538/569 2423/1537/569 
f 1932/1536/569 2423/1537/569 2154/1111/569 
f 1932/1536/569 2154/1111/569 2152/1487/569 
f 1932/1536/569 2152/1487/569 1897/1485/569 
f 1932/1536/569 1897/1485/569 1398/1620/569 
f 1933/1539/568 2415/1541/568 1807/1540/568 
f 1933/1539/568 1807/1540/568 1806/1765/568 
f 1933/1539/568 1806/1765/568 2061/956/568 
f 1933/1539/568 2061/956/568 1357/954/568 
f 1933/1539/568 1357/954/568 1934/1816/568 
f 1936/1542/569 2327/1544/569 2329/1543/569 
f 1936/1542/569 2329/1543/569 2166/1120/569 
f 1936/1542/569 2166/1120/569 2164/1511/569 
f 1936/1542/569 2164/1511/569 1916/1509/569 
f 1936/1542/569 1916/1509/569 1392/1616/569 
f 1937/1545/571 1979/961/571 1978/959/571 
f 1937/1545/571 1978/959/571 1360/957/571 
f 1937/1545/571 1360/957/571 1935/1817/571 
f 1938/1546/571 1977/958/571 1350/947/571 
f 1938/1546/571 1350/947/571 1352/1592/571 
f 1938/1546/571 1352/1592/571 1929/1815/571 
f 1939/1547/571 2057/1549/571 1828/1548/571 
f 1939/1547/571 1828/1548/571 1827/1772/571 
f 1939/1547/571 1827/1772/571 2373/1529/571 
f 1939/1547/571 2373/1529/571 1927/1527/571 
f 1939/1547/571 1927/1527/571 1351/1591/571 
f 1941/1475/571 1987/1476/571 1872/1465/571 
f 1941/1475/571 1872/1465/571 1874/1791/571 
f 1941/1475/571 1874/1791/571 1401/1622/571 
f 1942/1550/570 2053/1552/570 1846/1551/570 
f 1942/1550/570 1846/1551/570 1845/1778/570 
f 1942/1550/570 1845/1778/570 2307/1000/570 
f 1942/1550/570 2307/1000/570 1399/998/570 
f 1942/1550/570 1399/998/570 1873/1790/570 
f 1944/1553/570 2051/1555/570 1855/1554/570 
f 1944/1553/570 1855/1554/570 1854/1781/570 
f 1944/1553/570 1854/1781/570 2274/950/570 
f 1944/1553/570 2274/950/570 1353/948/570 
f 1944/1553/570 1353/948/570 1342/1585/570 
f 1946/1556/570 2000/1558/570 1960/1557/570 
f 1946/1556/570 1960/1557/570 1961/1826/570 
f 1946/1556/570 1961/1826/570 1892/1802/570 
f 1947/1559/571 2209/1561/571 1825/1560/571 
f 1947/1559/571 1825/1560/571 1824/1771/571 
f 1947/1559/571 1824/1771/571 2057/1549/571 
f 1947/1559/571 2057/1549/571 1939/1547/571 
f 1947/1559/571 1939/1547/571 1349/1590/571 
f 1948/1562/570 2172/1564/570 2171/1563/570 
f 1948/1562/570 2171/1563/570 2289/1123/570 
f 1948/1562/570 2289/1123/570 2288/1567/570 
f 1948/1562/570 2288/1567/570 1951/1565/570 
f 1948/1562/570 1951/1565/570 1949/1821/570 
f 1951/1565/568 2288/1567/568 2290/1566/568 
f 1951/1565/568 2290/1566/568 2167/1135/568 
f 1951/1565/568 2167/1135/568 2169/1493/568 
f 1951/1565/568 2169/1493/568 1906/1491/568 
f 1951/1565/568 1906/1491/568 1920/1813/568 
f 1952/1568/568 2064/1569/568 2063/1402/568 
f 1952/1568/568 2063/1402/568 1808/1400/568 
f 1952/1568/568 1808/1400/568 2301/1480/568 
f 1952/1568/568 2301/1480/568 1890/1479/568 
f 1952/1568/568 1890/1479/568 1953/1823/568 
f 1955/1570/570 2244/1571/570 2245/1387/570 
f 1955/1570/570 2245/1387/570 1793/1385/570 
f 1955/1570/570 1793/1385/570 2081/1504/570 
f 1955/1570/570 2081/1504/570 1911/1503/570 
f 1955/1570/570 1911/1503/570 1379/1608/570 
f 1956/1572/569 1981/1517/569 1980/1519/569 
f 1956/1572/569 1980/1519/569 1923/1518/569 
f 1956/1572/569 1923/1518/569 1407/1626/569 
f 1957/1573/568 2391/1575/568 2393/1574/568 
f 1957/1573/568 2393/1574/568 2155/1162/568 
f 1957/1573/568 2155/1162/568 2157/929/568 
f 1957/1573/568 2157/929/568 1329/927/568 
f 1957/1573/568 1329/927/568 1895/1804/568 
f 1958/1513/569 1967/984/569 1383/983/569 
f 1958/1513/569 1383/983/569 1950/1822/569 
f 1958/1513/569 1950/1822/569 1949/1821/569 
f 1960/1557/570 1973/1458/570 1863/1457/570 
f 1960/1557/570 1863/1457/570 1954/1824/570 
f 1960/1557/570 1954/1824/570 1953/1823/570 
f 1962/1576/570 1993/1019/570 2000/1558/570 
f 1962/1576/570 2000/1558/570 1946/1556/570 
f 1962/1576/570 1946/1556/570 1859/1783/570 
f 705/953/572 704/952/572 1903/952/572 
f 716/964/573 714/962/573 1964/962/573 
f 736/984/574 684/932/574 1966/932/574 
f 744/992/575 742/990/575 1968/990/575 
f 1223/1471/576 717/965/576 1970/965/576 
f 749/997/577 748/996/577 1900/996/577 
f 1309/1557/578 1210/1458/578 1973/1458/578 
f 761/1009/579 760/1008/579 1974/1008/579 
f 732/980/580 731/979/580 1380/979/580 
f 710/958/581 699/947/581 1350/947/581 
f 713/961/582 711/959/582 1978/959/582 
f 1269/1517/583 1271/1519/583 1980/1519/583 
f 1216/1464/584 763/1011/584 1982/1011/584 
f 729/977/585 728/976/585 1869/976/585 
f 683/931/586 1267/1515/586 1985/1515/586 
f 1228/1476/587 1217/1465/587 1872/1465/587 
f 1210/1458/588 770/1018/588 1988/1018/588 
f 695/943/589 691/939/589 1341/939/589 
f 741/989/590 1265/1513/590 1958/1513/590 
f 723/971/591 722/970/591 1991/970/591 
f 693/941/592 771/1019/592 1993/1019/592 
f 1234/1482/593 746/994/593 1995/994/593 
f 734/982/594 768/1016/594 1997/1016/594 
f 698/946/595 697/945/595 1887/945/595 
f 704/952/596 744/992/596 1969/992/596 
f 714/962/597 713/961/597 1979/961/597 
f 684/932/598 683/931/598 1986/931/598 
f 742/990/599 741/989/599 1990/989/599 
f 717/965/600 716/964/600 1965/964/600 
f 748/996/601 1234/1482/601 1996/1482/601 
f 1310/1558/602 1309/1557/602 1960/1557/602 
f 760/1008/603 749/997/603 1972/997/603 
f 731/979/604 734/982/604 1998/982/604 
f 699/947/605 698/946/605 1999/946/605 
f 711/959/606 710/958/606 1977/958/606 
f 1271/1519/607 723/971/607 1992/971/607 
f 763/1011/608 761/1009/608 1975/1009/608 
f 728/976/609 1216/1464/609 1983/1464/609 
f 1267/1515/610 1269/1517/610 1981/1517/610 
f 1217/1465/611 695/943/611 1989/943/611 
f 770/1018/612 732/980/612 1976/980/612 
f 691/939/613 693/941/613 1994/941/613 
f 1265/1513/614 736/984/614 1967/984/614 
f 722/970/615 1223/1471/615 1971/1471/615 
f 771/1019/616 1310/1558/616 2000/1558/616 
f 746/994/617 705/953/617 1963/953/617 
f 768/1016/618 729/977/618 1984/977/618 
f 697/945/619 1228/1476/619 1987/1476/619 
f 2001/1783/620 1203/1451/620 1857/1451/620 
f 1203/1451/621 2002/1801/621 1891/1801/621 
f 2002/1801/622 1308/1556/622 1946/1556/622 
f 1308/1556/623 2001/1783/623 1859/1783/623 
f 2003/1583/624 692/940/624 1426/940/624 
f 692/940/625 2004/1820/625 1945/1820/625 
f 2004/1820/626 1305/1553/626 1944/1553/626 
f 1305/1553/627 2003/1583/627 1339/1583/627 
f 1302/1550/628 2005/1588/628 1346/1588/628 
f 2005/1588/629 694/942/629 1344/942/629 
f 694/942/630 2006/1819/630 1943/1819/630 
f 2006/1819/631 1302/1550/631 1942/1550/631 
f 685/933/632 2007/1621/632 1400/1621/632 
f 2007/1621/633 1227/1475/633 1941/1475/633 
f 1227/1475/634 2008/1582/634 1337/1582/634 
f 2008/1582/635 685/933/635 1335/933/635 
f 2009/1590/636 696/944/636 1347/944/636 
f 696/944/637 2010/1818/637 1940/1818/637 
f 2010/1818/638 1299/1547/638 1939/1547/638 
f 1299/1547/639 2009/1590/639 1349/1590/639 
f 1282/1530/640 2011/1814/640 1928/1814/640 
f 2011/1814/641 1298/1546/641 1938/1546/641 
f 1298/1546/642 2012/1597/642 1361/1597/642 
f 2012/1597/643 1282/1530/643 1930/1530/643 
f 706/954/644 2013/1816/644 1934/1816/644 
f 2013/1816/645 1297/1545/645 1937/1545/645 
f 1297/1545/646 2014/1596/646 1359/1596/646 
f 2014/1596/647 706/954/647 1357/954/647 
f 2015/1795/648 1221/1469/648 1878/1469/648 
f 1221/1469/649 2016/1599/649 1365/1599/649 
f 2016/1599/650 1273/1521/650 1925/1521/650 
f 1273/1521/651 2015/1795/651 1880/1795/651 
f 2017/1797/652 1222/1470/652 1881/1470/652 
f 1222/1470/653 2018/1793/653 1877/1793/653 
f 2018/1793/654 1218/1466/654 1875/1466/654 
f 1218/1466/655 2017/1797/655 1883/1797/655 
f 2019/1601/656 721/969/656 1370/969/656 
f 721/969/657 2020/1799/657 1886/1799/657 
f 2020/1799/658 1224/1472/658 1884/1472/658 
f 1224/1472/659 2019/1601/659 1368/1601/659 
f 2021/1625/660 1324/1572/660 1956/1572/660 
f 1324/1572/661 2022/1624/661 1404/1624/661 
f 2022/1624/662 753/1001/662 1402/1001/662 
f 753/1001/663 2021/1625/663 1406/1625/663 
f 1200/1448/664 2023/1603/664 1372/1603/664 
f 2023/1603/665 1266/1514/665 1921/1514/665 
f 1266/1514/666 2024/1579/666 1333/1579/666 
f 2024/1579/667 1200/1448/667 1856/1448/667 
f 1314/1562/668 2025/1612/668 1385/1612/668 
f 2025/1612/669 735/983/669 1383/983/669 
f 735/983/670 2026/1822/670 1950/1822/670 
f 2026/1822/671 1314/1562/671 1948/1562/671 
f 2027/1813/672 1264/1512/672 1918/1512/672 
f 1264/1512/673 2028/1613/673 1388/1613/673 
f 2028/1613/674 1243/1491/674 1906/1491/674 
f 1243/1491/675 2027/1813/675 1920/1813/675 
f 2029/1616/676 743/991/676 1390/991/676 
f 743/991/677 2030/1811/677 1917/1811/677 
f 2030/1811/678 1261/1509/678 1916/1509/678 
f 1261/1509/679 2029/1616/679 1392/1616/679 
f 2031/1594/680 703/951/680 1354/951/680 
f 703/951/681 2032/1617/681 1394/1617/681 
f 2032/1617/682 1240/1488/682 1902/1488/682 
f 1240/1488/683 2031/1594/683 1356/1594/683 
f 2033/1804/684 1233/1481/684 1893/1481/684 
f 1233/1481/685 2034/1578/685 1331/1578/685 
f 2034/1578/686 679/927/686 1329/927/686 
f 679/927/687 2033/1804/687 1895/1804/687 
f 1237/1485/688 2035/1620/688 1398/1620/688 
f 2035/1620/689 747/995/689 1396/995/689 
f 747/995/690 2036/1806/690 1899/1806/690 
f 2036/1806/691 1237/1485/691 1897/1485/691 
f 2037/1628/692 759/1007/692 1408/1007/692 
f 759/1007/693 2038/1629/693 1412/1629/693 
f 2038/1629/694 1235/1483/694 1896/1483/694 
f 1235/1483/695 2037/1628/695 1410/1628/695 
f 2039/1631/696 1215/1463/696 1914/1463/696 
f 1215/1463/697 2040/1810/697 1913/1810/697 
f 2040/1810/698 1257/1505/698 1912/1505/698 
f 1257/1505/699 2039/1631/699 1415/1631/699 
f 2041/1606/700 727/975/700 1374/975/700 
f 727/975/701 2042/1633/701 1418/1633/701 
f 2042/1633/702 1213/1461/702 1868/1461/702 
f 1213/1461/703 2041/1606/703 1376/1606/703 
f 1211/1459/704 2043/1636/704 1422/1636/704 
f 2043/1636/705 733/981/705 1420/981/705 
f 733/981/706 2044/1787/706 1867/1787/706 
f 2044/1787/707 1211/1459/707 1866/1459/707 
f 1255/1503/708 2045/1608/708 1379/1608/708 
f 2045/1608/709 730/978/709 1377/978/709 
f 730/978/710 2046/1637/710 1424/1637/710 
f 2046/1637/711 1255/1503/711 1911/1503/711 
f 1320/1568/712 2047/1786/712 1865/1786/712 
f 2047/1786/713 1209/1457/713 1863/1457/713 
f 1209/1457/714 2048/1824/714 1954/1824/714 
f 2048/1824/715 1320/1568/715 1952/1568/715 
f 1205/1453/716 1204/1452/716 1862/1452/716 
f 1204/1452/717 1206/1454/717 1860/1454/717 
f 1206/1454/718 1205/1453/718 2049/1453/718 
f 2050/1780/719 1307/1555/719 2051/1555/719 
f 1307/1555/720 1306/1554/720 1855/1554/720 
f 1306/1554/721 1197/1445/721 1853/1445/721 
f 1197/1445/722 2050/1780/722 1851/1780/722 
f 1188/1436/723 2052/1777/723 1842/1777/723 
f 2052/1777/724 1304/1552/724 2053/1552/724 
f 1304/1552/725 1303/1551/725 1846/1551/725 
f 1303/1551/726 1188/1436/726 1844/1436/726 
f 1179/1427/727 2054/1774/727 1833/1774/727 
f 2054/1774/728 687/935/728 2055/935/728 
f 687/935/729 686/934/729 1837/934/729 
f 686/934/730 1179/1427/730 1835/1427/730 
f 1170/1418/681 2056/1771/681 1824/1771/681 
f 2056/1771/731 1301/1549/731 2057/1549/731 
f 1301/1549/732 1300/1548/732 1828/1548/732 
f 1300/1548/733 1170/1418/733 1826/1418/733 
f 2058/1768/734 1284/1532/734 2059/1532/734 
f 1284/1532/735 1283/1531/735 1819/1531/735 
f 1283/1531/736 1161/1409/736 1817/1409/736 
f 1161/1409/737 2058/1768/737 1815/1768/737 
f 2060/1765/738 708/956/738 2061/956/738 
f 708/956/739 707/955/739 2062/955/739 
f 707/955/740 2060/1765/740 1806/1765/740 
f 1321/1569/741 1154/1402/741 2063/1402/741 
f 1154/1402/742 1153/1401/742 1849/1401/742 
f 1153/1401/743 1191/1439/743 1847/1439/743 
f 1191/1439/744 1321/1569/744 2064/1569/744 
f 1142/1390/745 1141/1389/745 1429/1389/745 
f 1141/1389/717 772/1020/717 1427/1020/717 
f 772/1020/746 2066/1759/746 1788/1759/746 
f 2066/1759/747 1142/1390/747 2065/1390/747 
f 1134/1382/748 2067/1763/748 1800/1763/748 
f 2067/1763/749 777/1025/749 2068/1025/749 
f 777/1025/750 776/1024/750 1792/1024/750 
f 776/1024/751 1134/1382/751 1790/1382/751 
f 1164/1412/752 2069/1773/752 1830/1773/752 
f 2069/1773/753 780/1028/753 2070/1028/753 
f 780/1028/754 779/1027/754 1822/1027/754 
f 779/1027/755 1164/1412/755 1820/1412/755 
f 1155/1403/756 2071/1753/756 1770/1753/756 
f 2071/1753/757 783/1031/757 2072/1031/757 
f 783/1031/758 782/1030/758 1813/1030/758 
f 782/1030/759 1155/1403/759 1811/1403/759 
f 1146/1394/740 2073/1750/740 1761/1750/740 
f 2073/1750/760 786/1034/760 2074/1034/760 
f 786/1034/761 785/1033/761 1804/1033/761 
f 785/1033/762 1146/1394/762 1802/1394/762 
f 2075/1827/763 1275/1523/763 2076/1523/763 
f 1275/1523/764 1274/1522/764 2078/1522/764 
f 1274/1522/765 2079/1644/765 1443/1644/765 
f 2079/1644/766 2075/1827/766 2077/1827/766 
f 1256/1504/767 1100/1348/767 2080/1348/767 
f 1100/1348/768 1099/1347/768 1795/1347/768 
f 1099/1347/657 1137/1385/657 1793/1385/657 
f 1137/1385/769 1256/1504/769 2081/1504/769 
f 1089/1337/770 2082/1744/770 1743/1744/770 
f 2082/1744/771 792/1040/771 2083/1040/771 
f 792/1040/772 791/1039/772 1747/1039/772 
f 791/1039/773 1089/1337/773 1745/1337/773 
f 1130/1378/774 1129/1377/774 1450/1377/774 
f 1129/1377/717 793/1041/717 1448/1041/717 
f 793/1041/775 2085/1738/775 1725/1738/775 
f 2085/1738/747 1130/1378/747 2084/1378/747 
f 1071/1319/776 2086/1742/776 1737/1742/776 
f 2086/1742/777 798/1046/777 2087/1046/777 
f 798/1046/778 797/1045/778 1729/1045/778 
f 797/1045/779 1071/1319/779 1727/1319/779 
f 1101/1349/740 2088/1752/740 1767/1752/740 
f 2088/1752/780 801/1049/780 2089/1049/780 
f 801/1049/761 800/1048/761 1759/1048/761 
f 800/1048/781 1101/1349/781 1757/1349/781 
f 1092/1340/782 2090/1732/782 1707/1732/782 
f 2090/1732/783 804/1052/783 2091/1052/783 
f 804/1052/784 803/1051/784 1750/1051/784 
f 803/1051/785 1092/1340/785 1748/1340/785 
f 1219/1467/786 2093/1729/786 1698/1729/786 
f 2093/1729/787 2095/1828/787 2094/1828/787 
f 2095/1828/788 1220/1468/788 2096/1468/788 
f 1220/1468/789 1219/1467/789 2092/1467/789 
f 807/1055/729 806/1054/729 1741/1054/729 
f 806/1054/790 1083/1331/790 1739/1331/790 
f 1083/1331/727 1212/1460/727 2098/1460/727 
f 1212/1460/791 807/1055/791 2097/1055/791 
f 1034/1282/792 1033/1281/792 1465/1281/792 
f 1033/1281/793 808/1056/793 1463/1056/793 
f 808/1056/752 2100/1723/752 1680/1723/752 
f 2100/1723/794 1034/1282/794 2099/1282/794 
f 1065/1313/776 2101/1727/776 1692/1727/776 
f 2101/1727/795 813/1061/795 2102/1061/795 
f 813/1061/778 812/1060/778 1723/1060/778 
f 812/1060/796 1065/1313/796 1721/1313/796 
f 1016/1264/761 1015/1263/761 1675/1263/761 
f 1015/1263/717 1017/1265/717 1673/1265/717 
f 1017/1265/740 2104/1653/740 1470/1653/740 
f 2104/1653/747 1016/1264/747 2103/1264/747 
f 1047/1295/797 2105/1717/797 1662/1717/797 
f 2105/1717/777 819/1067/777 2106/1067/777 
f 819/1067/798 818/1066/798 1705/1066/798 
f 818/1066/779 1047/1295/779 1703/1295/779 
f 1038/1286/799 2107/1714/799 1653/1714/799 
f 2107/1714/800 822/1070/800 2108/1070/800 
f 822/1070/801 821/1069/801 1696/1069/801 
f 821/1069/755 1038/1286/755 1694/1286/755 
f 2109/1829/802 1226/1474/802 2110/1474/802 
f 1226/1474/730 1225/1473/730 2112/1473/730 
f 1225/1473/803 2113/1656/803 1479/1656/803 
f 2113/1656/728 2109/1829/728 2111/1829/728 
f 992/1240/804 991/1239/804 1687/1239/804 
f 991/1239/805 1029/1277/805 1685/1277/805 
f 1029/1277/806 1214/1462/806 2115/1462/806 
f 1214/1462/807 992/1240/807 2114/1240/807 
f 980/1228/808 979/1227/808 1483/1227/808 
f 979/1227/809 826/1074/809 1481/1074/809 
f 826/1074/810 2117/1705/810 1626/1705/810 
f 2117/1705/811 980/1228/811 2116/1228/811 
f 973/1221/740 2118/1709/740 1638/1709/740 
f 2118/1709/812 831/1079/812 2119/1079/812 
f 831/1079/761 830/1078/761 1630/1078/761 
f 830/1078/813 973/1221/813 1628/1221/813 
f 1013/1261/798 1012/1260/798 1489/1260/798 
f 1012/1260/796 832/1080/796 1487/1080/796 
f 832/1080/797 2121/1699/797 1608/1699/797 
f 2121/1699/795 1013/1261/795 2120/1261/795 
f 955/1203/814 2122/1703/814 1620/1703/814 
f 2122/1703/747 837/1085/747 2123/1085/747 
f 837/1085/815 836/1084/815 1612/1084/815 
f 836/1084/717 955/1203/717 1610/1203/717 
f 984/1232/816 2124/1713/816 1650/1713/816 
f 2124/1713/817 840/1088/817 2125/1088/817 
f 840/1088/818 839/1087/818 1642/1087/818 
f 839/1087/819 984/1232/819 1640/1232/819 
f 2126/1830/820 755/1003/820 2127/1003/820 
f 755/1003/821 754/1002/821 2129/1002/821 
f 754/1002/822 2130/1662/822 1497/1662/822 
f 2130/1662/706 2126/1830/706 2128/1830/706 
f 939/1187/823 938/1186/823 1633/1186/823 
f 938/1186/824 976/1224/824 1631/1224/824 
f 976/1224/825 1258/1506/825 2132/1506/825 
f 1258/1506/826 939/1187/826 2131/1187/826 
f 927/1175/761 926/1174/761 1585/1174/761 
f 926/1174/827 928/1176/827 1583/1176/827 
f 928/1176/740 2134/1663/740 1500/1663/740 
f 2134/1663/828 927/1175/828 2133/1175/828 
f 918/1166/829 917/1165/829 1504/1165/829 
f 917/1165/830 847/1095/830 1502/1095/830 
f 847/1095/831 2136/1684/831 1563/1684/831 
f 2136/1684/832 918/1166/832 2135/1166/832 
f 910/1158/833 2137/1688/833 1575/1688/833 
f 2137/1688/794 852/1100/794 2138/1100/794 
f 852/1100/801 851/1099/801 1567/1099/801 
f 851/1099/834 910/1158/834 1565/1158/834 
f 951/1199/835 950/1198/835 1510/1198/835 
f 950/1198/836 853/1101/836 1508/1101/836 
f 853/1101/837 2140/1678/837 1545/1678/837 
f 2140/1678/838 951/1199/838 2139/1199/838 
f 892/1140/839 2141/1682/839 1557/1682/839 
f 2141/1682/747 858/1106/747 2142/1106/747 
f 858/1106/840 857/1105/840 1549/1105/840 
f 857/1105/717 892/1140/717 1547/1140/717 
f 1201/1449/841 2144/1692/841 1587/1692/841 
f 2144/1692/842 2146/1831/842 2145/1831/842 
f 2146/1831/843 1202/1450/843 2147/1450/843 
f 1202/1450/844 1201/1449/844 2143/1449/844 
f 1236/1484/845 861/1109/845 2148/1109/845 
f 861/1109/761 860/1108/761 2150/1108/761 
f 860/1108/846 1236/1484/846 2149/1484/846 
f 1239/1487/847 1238/1486/847 2151/1486/847 
f 1238/1486/848 864/1112/848 2153/1112/848 
f 864/1112/849 863/1111/849 2154/1111/849 
f 863/1111/850 1239/1487/850 2152/1487/850 
f 915/1163/634 914/1162/634 2155/1162/634 
f 914/1162/851 681/929/851 2157/929/851 
f 681/929/852 680/928/852 2158/928/852 
f 680/928/853 915/1163/853 2156/1163/853 
f 867/1115/802 866/1114/802 2159/1114/802 
f 866/1114/790 1242/1490/790 2161/1490/790 
f 1242/1490/803 1241/1489/803 2162/1489/803 
f 1241/1489/791 867/1115/791 2160/1115/791 
f 1263/1511/854 1262/1510/854 2163/1510/854 
f 1262/1510/855 873/1121/855 2165/1121/855 
f 873/1121/856 872/1120/856 2166/1120/856 
f 872/1120/857 1263/1511/857 2164/1511/857 
f 888/1136/858 887/1135/858 2167/1135/858 
f 887/1135/859 1245/1493/859 2169/1493/859 
f 1245/1493/860 1244/1492/860 2170/1492/860 
f 1244/1492/861 888/1136/861 2168/1136/861 
f 1316/1564/862 1315/1563/862 2171/1563/862 
f 1315/1563/747 2174/1832/747 2173/1832/747 
f 2174/1832/863 1316/1564/863 2172/1564/863 
f 2175/1602/864 718/966/864 1367/966/864 
f 718/966/865 2176/1792/865 1876/1792/865 
f 2176/1792/866 1272/1520/866 1924/1520/866 
f 1272/1520/867 2175/1602/867 1369/1602/867 
f 1079/1327/868 1078/1326/868 1744/1326/868 
f 1078/1326/869 1086/1334/869 1742/1334/869 
f 1086/1334/870 2178/1761/870 1794/1761/870 
f 2178/1761/871 1079/1327/871 2177/1327/871 
f 1140/1388/872 2179/1776/872 1839/1776/872 
f 2179/1776/873 1199/1447/873 2180/1447/873 
f 1199/1447/874 1198/1446/874 1798/1446/874 
f 1198/1446/875 1140/1388/875 1796/1388/875 
f 2181/1807/876 2182/1619/876 1397/1619/876 
f 2182/1619/877 1288/1536/877 1932/1536/877 
f 1288/1536/878 2183/1577/878 1330/1577/878 
f 2183/1577/879 2181/1807/879 1901/1807/879 
f 720/968/880 719/967/880 2184/967/880 
f 719/967/881 2186/1711/881 1644/1711/881 
f 2186/1711/882 2188/1833/882 2187/1833/882 
f 2188/1833/883 720/968/883 2185/968/883 
f 886/1134/884 2189/1674/884 1533/1674/884 
f 2189/1674/885 894/1142/885 2190/1142/885 
f 894/1142/886 893/1141/886 1543/1141/886 
f 893/1141/887 886/1134/887 1541/1134/887 
f 2191/1817/888 1291/1539/888 1933/1539/888 
f 1291/1539/889 2192/1598/889 1362/1598/889 
f 2192/1598/890 709/957/890 1360/957/890 
f 709/957/891 2191/1817/891 1935/1817/891 
f 949/1197/892 2193/1695/892 1596/1695/892 
f 2193/1695/893 957/1205/893 2194/1205/893 
f 957/1205/894 956/1204/894 1606/1204/894 
f 956/1204/895 949/1197/895 1604/1197/895 
f 1011/1259/896 2195/1716/896 1659/1716/896 
f 2195/1716/897 1019/1267/897 2196/1267/897 
f 1019/1267/898 1018/1266/898 1669/1266/898 
f 1018/1266/899 1011/1259/899 1667/1259/899 
f 923/1171/900 1287/1535/900 2197/1535/900 
f 1287/1535/901 1286/1534/901 2199/1534/901 
f 1286/1534/902 924/1172/902 2200/1172/902 
f 924/1172/903 923/1171/903 2198/1171/903 
f 859/1107/904 766/1014/904 2201/1014/904 
f 766/1014/905 765/1013/905 2202/1013/905 
f 765/1013/906 977/1225/906 1516/1225/906 
f 977/1225/907 859/1107/907 1514/1107/907 
f 1028/1276/908 1027/1275/908 1693/1275/908 
f 1027/1275/909 1035/1283/909 1691/1283/909 
f 1035/1283/910 2204/1651/910 1464/1651/910 
f 2204/1651/911 1028/1276/911 2203/1276/911 
f 989/1237/912 988/1236/912 1480/1236/912 
f 988/1236/913 823/1071/913 1478/1071/913 
f 823/1071/914 2206/1728/914 1695/1728/914 
f 2206/1728/915 989/1237/915 2205/1237/915 
f 1128/1376/916 2207/1755/916 1776/1755/916 
f 2207/1755/917 1136/1384/917 2208/1384/917 
f 1136/1384/918 1135/1383/918 1786/1383/918 
f 1135/1383/919 1128/1376/919 1784/1376/919 
f 1313/1561/920 1312/1560/920 1825/1560/920 
f 1312/1560/921 1167/1415/921 1823/1415/921 
f 1167/1415/922 2210/1775/922 1836/1775/922 
f 2210/1775/923 1313/1561/923 2209/1561/923 
f 1046/1294/924 1045/1293/924 1699/1293/924 
f 1045/1293/925 1041/1289/925 1697/1289/925 
f 1041/1289/926 2212/1746/926 1749/1746/926 
f 2212/1746/927 1046/1294/927 2211/1294/927 
f 2213/1796/928 1247/1495/928 1908/1495/928 
f 1247/1495/929 2214/1600/929 1366/1600/929 
f 2214/1600/930 715/963/930 1364/963/930 
f 715/963/931 2213/1796/931 1882/1796/931 
f 1109/1357/815 1108/1356/815 1762/1356/815 
f 1108/1356/932 1104/1352/932 1760/1352/932 
f 1104/1352/933 2216/1767/933 1812/1767/933 
f 2216/1767/780 1109/1357/780 2215/1357/780 
f 758/1006/934 757/1005/934 2217/1005/934 
f 757/1005/922 2219/1693/922 1590/1693/922 
f 2219/1693/935 2221/1834/935 2220/1834/935 
f 2221/1834/920 758/1006/920 2218/1006/920 
f 769/1017/936 2222/1785/936 1864/1785/936 
f 2222/1785/878 1229/1477/878 1889/1477/878 
f 1229/1477/937 2223/1638/937 1425/1638/937 
f 2223/1638/876 769/1017/876 1423/1017/876 
f 1252/1500/938 1251/1499/938 2224/1499/938 
f 1251/1499/939 2226/1747/939 1752/1747/939 
f 2226/1747/940 2228/1835/940 2227/1835/940 
f 2228/1835/941 1252/1500/941 2225/1500/941 
f 1014/1262/942 2229/1734/942 1713/1734/942 
f 2229/1734/943 1073/1321/943 2230/1321/943 
f 1073/1321/944 1072/1320/944 1672/1320/944 
f 1072/1320/945 1014/1262/945 1670/1262/945 
f 900/1148/946 899/1147/946 1576/1147/946 
f 899/1147/947 919/1167/947 1574/1167/947 
f 919/1167/948 2232/1664/948 1503/1664/948 
f 2232/1664/949 900/1148/949 2231/1148/949 
f 869/1117/880 1278/1526/880 2233/1526/880 
f 1278/1526/950 1277/1525/950 2235/1525/950 
f 1277/1525/882 870/1118/882 2236/1118/882 
f 870/1118/951 869/1117/951 2234/1117/951 
f 963/1211/918 962/1210/918 1639/1210/918 
f 962/1210/895 981/1229/895 1637/1229/895 
f 981/1229/916 2238/1657/916 1482/1657/916 
f 2238/1657/893 963/1211/893 2237/1211/893 
f 865/1113/914 2239/1680/914 1551/1680/914 
f 2239/1680/952 912/1160/952 2240/1160/952 
f 912/1160/912 911/1159/912 1522/1159/912 
f 911/1159/953 865/1113/953 1520/1113/953 
f 2241/1587/954 700/948/954 1353/948/954 
f 700/948/928 2242/1585/928 1342/1585/928 
f 2242/1585/955 2243/1586/955 1343/1586/955 
f 2243/1586/930 2241/1587/930 1345/1587/930 
f 805/1053/956 1323/1571/956 2244/1571/956 
f 1323/1571/923 1139/1387/923 2245/1387/923 
f 1139/1387/957 1138/1386/957 1462/1386/957 
f 1138/1386/921 805/1053/921 1460/1053/921 
f 2246/1611/889 737/985/889 1386/985/889 
f 737/985/958 2247/1580/958 1334/1580/958 
f 2247/1580/891 682/930/891 1332/930/891 
f 682/930/959 2246/1611/959 1384/1611/959 
f 690/938/941 689/937/941 1852/937/941 
f 689/937/907 1194/1442/907 1850/1442/907 
f 1194/1442/939 2249/1784/939 1861/1784/939 
f 2249/1784/905 690/938/905 2248/938/905 
f 1124/1372/774 1123/1371/774 1801/1371/774 
f 1123/1371/960 1143/1391/960 1799/1391/960 
f 1143/1391/961 2251/1639/961 1428/1639/961 
f 2251/1639/812 1124/1372/812 2250/1372/812 
f 1268/1516/879 2252/1604/879 1373/1604/879 
f 2252/1604/962 724/972/962 1371/972/962 
f 724/972/877 2253/1623/877 1403/1623/877 
f 2253/1623/963 1268/1516/963 1922/1516/963 
f 1061/1309/964 1060/1308/964 1738/1308/964 
f 1060/1308/965 1080/1328/965 1736/1328/965 
f 1080/1328/966 2255/1646/966 1449/1646/966 
f 2255/1646/967 1061/1309/967 2254/1309/967 
f 916/1164/968 2256/1701/968 1614/1701/968 
f 2256/1701/969 975/1223/969 2257/1223/969 
f 975/1223/970 974/1222/970 1573/1222/970 
f 974/1222/971 916/1164/971 1571/1164/971 
f 885/1133/972 884/1132/972 1588/1132/972 
f 884/1132/973 931/1179/973 1586/1179/973 
f 931/1179/974 2259/1679/974 1548/1679/974 
f 2259/1679/975 885/1133/975 2258/1133/975 
f 948/1196/970 947/1195/970 1651/1195/970 
f 947/1195/976 993/1241/976 1649/1241/976 
f 993/1241/968 2261/1700/968 1611/1700/968 
f 2261/1700/977 948/1196/977 2260/1196/977 
f 913/1161/978 2262/1683/978 1560/1683/978 
f 2262/1683/979 849/1097/979 2263/1097/979 
f 849/1097/980 848/1096/980 1570/1096/980 
f 848/1096/869 913/1161/869 1568/1161/869 
f 1010/1258/898 1009/1257/898 1663/1257/898 
f 1009/1257/945 1005/1253/945 1661/1253/945 
f 1005/1253/896 2265/1721/896 1674/1721/896 
f 2265/1721/943 1010/1258/943 2264/1258/943 
f 1328/1576/981 2266/1584/981 1340/1584/981 
f 2266/1584/982 688/936/982 1338/936/982 
f 688/936/983 2267/1782/983 1858/1782/983 
f 2267/1782/984 1328/1576/984 1962/1576/984 
f 978/1226/985 2268/1722/985 1677/1722/985 
f 2268/1722/986 810/1058/986 2269/1058/986 
f 810/1058/987 809/1057/987 1636/1057/987 
f 809/1057/988 978/1226/988 1634/1226/988 
f 1098/1346/989 1230/1478/989 2270/1478/989 
f 1230/1478/990 1193/1441/990 2271/1441/990 
f 1193/1441/991 1192/1440/991 1756/1440/991 
f 1192/1440/992 1098/1346/992 1754/1346/992 
f 1032/1280/948 2272/1740/948 1731/1740/948 
f 2272/1740/993 1091/1339/993 2273/1339/993 
f 1091/1339/946 1090/1338/946 1690/1338/946 
f 1090/1338/994 1032/1280/994 1688/1280/994 
f 702/950/995 701/949/995 1843/949/995 
f 701/949/996 1185/1433/996 1841/1433/996 
f 1185/1433/997 2275/1781/997 1854/1781/997 
f 2275/1781/998 702/950/998 2274/950/998 
f 1064/1312/999 1063/1311/999 1768/1311/999 
f 1063/1311/1000 1110/1358/1000 1766/1358/1000 
f 1110/1358/1001 2277/1739/1001 1728/1739/1001 
f 2277/1739/1002 1064/1312/1002 2276/1312/1002 
f 1127/1375/1003 1126/1374/1003 1831/1374/1003 
f 1126/1374/988 1173/1421/988 1829/1421/988 
f 1173/1421/1004 2279/1760/1004 1791/1760/1004 
f 2279/1760/986 1127/1375/986 2278/1375/986 
f 745/993/1005 2280/1803/1005 1894/1803/1005 
f 2280/1803/1006 1325/1573/1006 1957/1573/1006 
f 1325/1573/1007 2281/1618/1007 1395/1618/1007 
f 2281/1618/1008 745/993/1008 1393/993/1008 
f 925/1173/814 2282/1704/814 1623/1704/814 
f 2282/1704/812 828/1076/812 2283/1076/812 
f 828/1076/1009 827/1075/1009 1582/1075/1009 
f 827/1075/960 925/1173/960 1580/1173/960 
f 767/1015/1010 2284/1635/1010 1421/1635/1010 
f 2284/1635/1011 1253/1501/1011 1910/1501/1011 
f 1253/1501/1012 2285/1634/1012 1419/1634/1012 
f 2285/1634/1013 767/1015/1013 1417/1015/1013 
f 882/1130/1009 881/1129/1009 1558/1129/1009 
f 881/1129/781 901/1149/781 1556/1149/781 
f 901/1149/814 2287/1666/814 1509/1666/814 
f 2287/1666/1014 882/1130/1014 2286/1130/1014 
f 875/1123/938 1319/1567/938 2288/1567/938 
f 1319/1567/904 1318/1566/904 2290/1566/904 
f 1318/1566/940 876/1124/940 2291/1124/940 
f 876/1124/906 875/1123/906 2289/1123/906 
f 2292/1800/1015 2293/1589/1015 1348/1589/1015 
f 2293/1589/1016 1311/1559/1016 1947/1559/1016 
f 1311/1559/1017 2294/1581/1017 1336/1581/1017 
f 2294/1581/1018 2292/1800/1018 1888/1800/1018 
f 862/1110/974 2295/1689/974 1578/1689/974 
f 2295/1689/1019 930/1178/1019 2296/1178/1019 
f 930/1178/972 929/1177/972 1519/1177/972 
f 929/1177/1020 862/1110/1020 1517/1110/1020 
f 945/1193/1021 944/1192/1021 1621/1192/1021 
f 944/1192/1022 964/1212/1022 1619/1212/1022 
f 964/1212/1023 2298/1659/1023 1488/1659/1023 
f 2298/1659/1024 945/1193/1024 2297/1193/1024 
f 1058/1306/944 1057/1305/944 1471/1305/944 
f 1057/1305/899 814/1062/899 1469/1062/899 
f 814/1062/942 2300/1737/942 1722/1737/942 
f 2300/1737/897 1058/1306/897 2299/1306/897 
f 1152/1400/901 1232/1480/901 2301/1480/901 
f 1232/1480/1025 1208/1456/1025 2302/1456/1025 
f 1208/1456/903 1207/1455/903 1810/1455/903 
f 1207/1455/1026 1152/1400/1026 1808/1400/1026 
f 790/1038/775 2303/1741/775 1734/1741/775 
f 2303/1741/780 774/1022/780 2304/1022/780 
f 774/1022/1027 773/1021/1027 1447/1021/1027 
f 773/1021/932 790/1038/932 1445/1038/932 
f 811/1059/1028 2305/1724/1028 1683/1724/1028 
f 2305/1724/1002 795/1043/1002 2306/1043/1002 
f 795/1043/1029 794/1042/1029 1468/1042/1029 
f 794/1042/1000 811/1059/1000 1466/1059/1000 
f 752/1000/883 751/999/883 1834/999/883 
f 751/999/1030 1176/1424/1030 1832/1424/1030 
f 1176/1424/881 2308/1778/881 1845/1778/881 
f 2308/1778/1031 752/1000/1031 2307/1000/1031 
f 1055/1303/894 1054/1302/894 1708/1302/894 
f 1054/1302/919 1050/1298/919 1706/1298/919 
f 1050/1298/892 2310/1749/892 1758/1749/892 
f 2310/1749/917 1055/1303/917 2309/1303/917 
f 1118/1366/1032 1117/1365/1032 1771/1365/1032 
f 1117/1365/994 1113/1361/994 1769/1361/994 
f 1113/1361/1033 2312/1770/1033 1821/1770/1033 
f 2312/1770/993 1118/1366/993 2311/1366/993 
f 937/1185/1034 1260/1508/1034 2313/1508/1034 
f 1260/1508/998 1031/1279/998 2314/1279/998 
f 1031/1279/1035 1030/1278/1035 1594/1278/1035 
f 1030/1278/996 937/1185/996 1592/1185/996 
f 2315/1825/1036 2316/1812/1036 1919/1812/1036 
f 2316/1812/1037 1317/1565/1037 1951/1565/1037 
f 1317/1565/1038 2317/1821/1038 1949/1821/1038 
f 2317/1821/1039 2315/1825/1039 1959/1825/1039 
f 784/1032/1040 2318/1751/1040 1764/1751/1040 
f 2318/1751/975 1163/1411/975 2319/1411/975 
f 1163/1411/1041 1162/1410/1041 1441/1410/1041 
f 1162/1410/973 784/1032/973 1439/1032/973 
f 2320/1789/955 2321/1605/955 1375/1605/955 
f 2321/1605/1042 1259/1507/1042 1915/1507/1042 
f 1259/1507/954 2322/1788/954 1870/1788/954 
f 2322/1788/1043 2320/1789/1043 1871/1789/1043 
f 942/1190/987 941/1189/987 1546/1189/987 
f 941/1189/1044 889/1137/1044 1544/1137/1044 
f 889/1137/985 2324/1685/985 1566/1685/985 
f 2324/1685/1045 942/1190/1045 2323/1190/1045 
f 1246/1494/1046 2325/1627/1046 1409/1627/1046 
f 2325/1627/958 1285/1533/958 1931/1533/958 
f 1285/1533/1047 2326/1805/1047 1898/1805/1047 
f 2326/1805/959 1246/1494/959 1907/1494/959 
f 878/1126/1048 1296/1544/1048 2327/1544/1048 
f 1296/1544/1034 1295/1543/1034 2329/1543/1034 
f 1295/1543/1049 879/1127/1049 2330/1127/1049 
f 879/1127/1035 878/1126/1035 2328/1126/1035 
f 2331/1815/937 1279/1527/937 1927/1527/937 
f 1279/1527/962 2332/1591/962 1351/1591/962 
f 2332/1591/936 2333/1592/936 1352/1592/936 
f 2333/1592/963 2331/1815/963 1929/1815/963 
f 1004/1252/1029 1003/1251/1029 1609/1251/1029 
f 1003/1251/1050 952/1200/1050 1607/1200/1050 
f 952/1200/1028 2335/1706/1028 1629/1706/1028 
f 2335/1706/1051 1004/1252/1051 2334/1252/1051 
f 1249/1497/1048 1248/1496/1048 2336/1496/1048 
f 1248/1496/997 2338/1730/997 1701/1730/997 
f 2338/1730/1049 2340/1836/1049 2339/1836/1049 
f 2340/1836/995 1249/1497/995 2337/1497/995 
f 1184/1432/1041 1183/1431/1041 1789/1431/1041 
f 1183/1431/1020 1131/1379/1020 1787/1379/1020 
f 1131/1379/1040 2342/1779/1040 1848/1779/1040 
f 2342/1779/1019 1184/1432/1019 2341/1432/1019 
f 1121/1369/1052 1120/1368/1052 1726/1368/1052 
f 1120/1368/971 1068/1316/971 1724/1316/971 
f 1068/1316/1053 2344/1745/1053 1746/1745/1053 
f 2344/1745/969 1121/1369/969 2343/1369/969 
f 775/1023/1054 2345/1756/1054 1779/1756/1054 
f 2345/1756/927 1190/1438/927 2346/1438/927 
f 1190/1438/1055 1189/1437/1055 1432/1437/1055 
f 1189/1437/925 775/1023/925 1430/1023/925 
f 740/988/1043 2347/1615/1043 1391/1615/1043 
f 2347/1615/929 1294/1542/929 1936/1542/929 
f 1294/1542/1042 2348/1614/1042 1389/1614/1042 
f 2348/1614/931 740/988/931 1387/988/931 
f 871/1119/926 2349/1671/926 1524/1671/926 
f 2349/1671/1056 855/1103/1056 2350/1103/1056 
f 855/1103/1057 854/1102/1057 1528/1102/1057 
f 854/1102/1058 871/1119/1058 1526/1119/1058 
f 762/1010/984 2351/1632/984 1416/1632/984 
f 2351/1632/1038 764/1012/1038 1414/1012/1038 
f 764/1012/982 2352/1630/982 1413/1630/982 
f 2352/1630/1036 762/1010/1036 1411/1010/1036 
f 850/1098/1059 2353/1681/1059 1554/1681/1059 
f 2353/1681/911 834/1082/911 2354/1082/911 
f 834/1082/1060 833/1081/1060 1507/1081/1060 
f 833/1081/909 850/1098/909 1505/1098/909 
f 829/1077/1023 2355/1702/1023 1617/1702/1023 
f 2355/1702/967 1067/1315/967 2356/1315/967 
f 1067/1315/1021 1066/1314/1021 1486/1314/1021 
f 1066/1314/965 829/1077/965 1484/1077/965 
f 936/1184/980 935/1183/980 1498/1183/980 
f 935/1183/1061 841/1089/1061 1496/1089/1061 
f 841/1089/978 2358/1710/978 1641/1710/978 
f 2358/1710/1062 936/1184/1062 2357/1184/1062 
f 1001/1249/1060 1000/1248/1060 1654/1248/1060 
f 1000/1248/1063 996/1244/1063 1652/1244/1063 
f 996/1244/1059 2360/1731/1059 1704/1731/1059 
f 2360/1731/1064 1001/1249/1064 2359/1249/1064 
f 2361/1823/1046 2362/1826/1046 1961/1826/1046 
f 2362/1826/890 2363/1802/890 1892/1802/890 
f 2363/1802/1047 1231/1479/1047 1890/1479/1047 
f 1231/1479/888 2361/1823/888 1953/1823/888 
f 796/1044/910 2364/1735/910 1716/1735/910 
f 2364/1735/1064 1166/1414/1064 2365/1414/1064 
f 1166/1414/908 1165/1413/908 1453/1413/908 
f 1165/1413/1063 796/1044/1063 1451/1044/1063 
f 726/974/1065 725/973/1065 2366/973/1065 
f 725/973/1066 2368/1676/1066 1539/1676/1066 
f 2368/1676/1067 2370/1837/1067 2369/1837/1067 
f 2370/1837/1068 726/974/1068 2367/974/1068 
f 990/1238/950 1254/1502/950 2371/1502/950 
f 1254/1502/1031 1085/1333/1031 2372/1333/1031 
f 1085/1333/951 1084/1332/951 1648/1332/951 
f 1084/1332/1030 990/1238/1030 1646/1238/1030 
f 1281/1529/1068 1280/1528/1068 1816/1528/1068 
f 1280/1528/992 1158/1406/992 1814/1406/992 
f 1158/1406/1066 2374/1772/1066 1827/1772/1066 
f 2374/1772/990 1281/1529/990 2373/1529/990 
f 1097/1345/886 1096/1344/886 1444/1344/886 
f 1096/1344/875 787/1035/875 1442/1035/875 
f 787/1035/884 2376/1764/884 1803/1764/884 
f 2376/1764/873 1097/1345/873 2375/1345/873 
f 778/1026/1069 2377/1757/1069 1782/1757/1069 
f 2377/1757/915 1181/1429/915 2378/1429/915 
f 1181/1429/1070 1180/1428/1070 1435/1428/1070 
f 1180/1428/913 778/1026/913 1433/1026/913 
f 2379/1794/983 1250/1498/983 1909/1498/983 
f 1250/1498/1037 2380/1595/1037 1358/1595/1037 
f 2380/1595/981 712/960/981 1363/960/981 
f 712/960/1039 2379/1794/1039 1879/1794/1039 
f 2381/1809/1013 2382/1593/1013 1355/1593/1013 
f 2382/1593/865 1276/1524/865 1926/1524/865 
f 1276/1524/1071 2383/1808/1071 1904/1808/1071 
f 2383/1808/867 2381/1809/867 1905/1809/867 
f 838/1086/1033 2384/1697/1033 1602/1697/1033 
f 2384/1697/949 1040/1288/949 2385/1288/949 
f 1040/1288/1032 1039/1287/1032 1495/1287/1032 
f 1039/1287/947 838/1086/947 1493/1086/947 
f 2386/1610/1018 2387/1607/1018 1378/1607/1018 
f 2387/1607/1007 1322/1570/1007 1955/1570/1007 
f 1322/1570/1016 2388/1609/1016 1381/1609/1016 
f 2388/1609/1005 2386/1610/1005 1382/1610/1005 
f 817/1065/966 2389/1718/966 1665/1718/966 
f 2389/1718/1024 1103/1351/1024 2390/1351/1024 
f 1103/1351/964 1102/1350/964 1474/1350/964 
f 1102/1350/1022 817/1065/1022 1472/1065/1022 
f 896/1144/934 1327/1575/934 2391/1575/934 
f 1327/1575/956 1326/1574/956 2393/1574/956 
f 1326/1574/935 897/1145/935 2394/1145/935 
f 897/1145/957 896/1144/957 2392/1144/957 
f 960/1208/1027 959/1207/1027 1564/1207/1027 
f 959/1207/813 907/1155/813 1562/1155/813 
f 907/1155/775 2396/1691/775 1584/1691/775 
f 2396/1691/1072 960/1208/1072 2395/1208/1072 
f 2397/1622/1012 750/998/1012 1399/998/1012 
f 750/998/1073 2398/1790/1073 1873/1790/1073 
f 2398/1790/1010 2399/1791/1010 1874/1791/1010 
f 2399/1791/866 2397/1622/866 1401/1622/866 
f 799/1047/1053 2400/1736/1053 1719/1736/1053 
f 2400/1736/977 1157/1405/977 2401/1405/977 
f 1157/1405/1052 1156/1404/1052 1456/1404/1052 
f 1156/1404/976 799/1047/976 1454/1047/976 
f 1022/1270/1055 1021/1269/1055 1627/1269/1055 
f 1021/1269/1058 970/1218/1058 1625/1218/1058 
f 970/1218/1074 2403/1725/1074 1686/1725/1074 
f 2403/1725/1056 1022/1270/1056 2402/1270/1056 
f 856/1104/933 2404/1675/933 1536/1675/933 
f 2404/1675/1072 986/1234/1072 2405/1234/1072 
f 986/1234/815 985/1233/815 1513/1233/815 
f 985/1233/813 856/1104/813 1511/1104/813 
f 781/1029/870 2406/1754/870 1773/1754/870 
f 2406/1754/1062 1172/1420/1062 2407/1420/1062 
f 1172/1420/868 1171/1419/868 1438/1419/868 
f 1171/1419/1075 781/1029/1075 1436/1029/1075 
f 2408/1626/1017 756/1004/1017 1405/1004/1017 
f 756/1004/1006 2409/1798/1006 1885/1798/1006 
f 2409/1798/1015 1270/1518/1015 1923/1518/1015 
f 1270/1518/1008 2408/1626/1008 1407/1626/1008 
f 739/987/900 738/986/900 2410/986/900 
f 738/986/1076 2412/1673/1076 1530/1673/1076 
f 2412/1673/902 2414/1838/902 2413/1838/902 
f 2414/1838/1077 739/987/1077 2411/987/1077 
f 1293/1541/1077 1292/1540/1077 1807/1540/1077 
f 1292/1540/1026 1149/1397/1026 1805/1397/1026 
f 1149/1397/1076 2416/1769/1076 1818/1769/1076 
f 2416/1769/1025 1293/1541/1025 2415/1541/1025 
f 820/1068/1004 2417/1715/1004 1656/1715/1004 
f 2417/1715/1045 1094/1342/1045 2418/1342/1045 
f 1094/1342/1003 1093/1341/1003 1477/1341/1003 
f 1093/1341/1044 820/1068/1044 1475/1068/1044 
f 835/1083/1001 2419/1696/1001 1599/1696/1001 
f 2419/1696/1051 1049/1297/1051 2420/1297/1051 
f 1049/1297/999 1048/1296/999 1492/1296/999 
f 1048/1296/1050 835/1083/1050 1490/1083/1050 
f 905/1153/1065 1290/1538/1065 2421/1538/1065 
f 1290/1538/989 1289/1537/989 2423/1537/989 
f 1289/1537/1067 906/1154/1067 2424/1154/1067 
f 906/1154/991 905/1153/991 2422/1153/991 
f 969/1217/874 968/1216/874 1501/1216/874 
f 968/1216/887 844/1092/887 1499/1092/887 
f 844/1092/872 2426/1707/872 1632/1707/872 
f 2426/1707/885 969/1217/885 2425/1217/885 
f 802/1050/961 2427/1733/961 1710/1733/961 
f 2427/1733/1014 1148/1396/1014 2428/1396/1014 
f 1148/1396/774 1147/1395/774 1459/1395/774 
f 1147/1395/781 802/1050/781 1457/1050/781 
f 1076/1324/1070 1075/1323/1070 1681/1323/1070 
f 1075/1323/953 1023/1271/953 1679/1271/953 
f 1023/1271/1069 2430/1743/1069 1740/1743/1069 
f 2430/1743/952 1076/1324/952 2429/1324/952 
f 932/1180/717 874/1122/717 1529/1122/717 
f 874/1122/740 2431/1677/740 1542/1677/740 
f 2431/1677/747 933/1181/747 2432/1181/747 
f 933/1181/761 932/1180/761 1531/1180/761 
f 902/1150/717 877/1125/717 1532/1125/717 
f 877/1125/740 2433/1672/740 1527/1672/740 
f 2433/1672/747 903/1151/747 2434/1151/747 
f 903/1151/761 902/1150/761 1534/1150/761 
f 890/1138/717 868/1116/717 1523/1116/717 
f 868/1116/740 2435/1670/740 1521/1670/740 
f 2435/1670/747 891/1139/747 2436/1139/747 
f 891/1139/761 890/1138/761 1525/1138/761 
f 920/1168/717 895/1143/717 1550/1143/717 
f 895/1143/740 2437/1686/740 1569/1686/740 
f 2437/1686/747 921/1169/747 2438/1169/747 
f 921/1169/761 920/1168/761 1552/1168/761 
f 908/1156/717 904/1152/717 1559/1152/717 
f 904/1152/740 2439/1669/740 1518/1669/740 
f 2439/1669/747 909/1157/747 2440/1157/747 
f 909/1157/761 908/1156/761 1561/1156/761 
f 845/1093/717 922/1170/717 1577/1170/717 
f 922/1170/740 2441/1668/740 1515/1668/740 
f 2441/1668/747 846/1094/747 2442/1094/747 
f 846/1094/761 845/1093/761 1579/1093/761 
f 842/1090/717 883/1131/717 1538/1131/717 
f 883/1131/740 2443/1667/740 1512/1667/740 
f 2443/1667/747 843/1091/747 2444/1091/747 
f 843/1091/761 842/1090/761 1540/1090/761 
f 994/1242/717 880/1128/717 1535/1128/717 
f 880/1128/740 2445/1698/740 1605/1698/740 
f 2445/1698/747 995/1243/747 2446/1243/747 
f 995/1243/761 994/1242/761 1537/1242/761 
f 965/1213/717 940/1188/717 1595/1188/717 
f 940/1188/740 2447/1665/740 1506/1665/740 
f 2447/1665/747 966/1214/747 2448/1214/747 
f 966/1214/761 965/1213/761 1597/1213/761 
f 953/1201/717 898/1146/717 1553/1146/717 
f 898/1146/740 2449/1687/740 1572/1687/740 
f 2449/1687/747 954/1202/747 2450/1202/747 
f 954/1202/761 953/1201/761 1555/1201/761 
f 982/1230/717 958/1206/717 1613/1206/717 
f 958/1206/740 2451/1690/740 1581/1690/740 
f 2451/1690/747 983/1231/747 2452/1231/747 
f 983/1231/761 982/1230/761 1615/1230/761 
f 971/1219/717 967/1215/717 1622/1215/717 
f 967/1215/740 2453/1694/740 1593/1694/740 
f 2453/1694/747 972/1220/747 2454/1220/747 
f 972/1220/761 971/1219/761 1624/1219/761 
f 824/1072/717 934/1182/717 1589/1182/717 
f 934/1182/740 2455/1661/740 1494/1661/740 
f 2455/1661/747 825/1073/747 2456/1073/747 
f 825/1073/761 824/1072/761 1591/1072/761 
f 997/1245/717 946/1194/717 1601/1194/717 
f 946/1194/740 2457/1660/740 1491/1660/740 
f 2457/1660/747 998/1246/747 2458/1246/747 
f 998/1246/761 997/1245/761 1603/1245/761 
f 1006/1254/717 943/1191/717 1598/1191/717 
f 943/1191/740 2459/1719/740 1668/1719/740 
f 2459/1719/747 1007/1255/747 2460/1255/747 
f 1007/1255/761 1006/1254/761 1600/1254/761 
f 815/1063/717 1002/1250/717 1658/1250/717 
f 1002/1250/740 2461/1658/740 1485/1658/740 
f 2461/1658/747 816/1064/747 2462/1064/747 
f 816/1064/761 815/1063/761 1660/1063/761 
f 1036/1284/717 961/1209/717 1616/1209/717 
f 961/1209/740 2463/1708/740 1635/1708/740 
f 2463/1708/747 1037/1285/747 2464/1285/747 
f 1037/1285/761 1036/1284/761 1618/1284/761 
f 1024/1272/717 1020/1268/717 1676/1268/717 
f 1020/1268/740 2465/1712/740 1647/1712/740 
f 2465/1712/747 1025/1273/747 2466/1273/747 
f 1025/1273/761 1024/1272/761 1678/1272/761 
f 1042/1290/717 987/1235/717 1643/1235/717 
f 987/1235/740 2467/1655/740 1476/1655/740 
f 2467/1655/747 1043/1291/747 2468/1291/747 
f 1043/1291/761 1042/1290/761 1645/1290/761 
f 1051/1299/717 999/1247/717 1655/1247/717 
f 999/1247/740 2469/1654/740 1473/1654/740 
f 2469/1654/747 1052/1300/747 2470/1300/747 
f 1052/1300/761 1051/1299/761 1657/1299/761 
f 1111/1359/717 1008/1256/717 1664/1256/717 
f 1008/1256/740 2471/1720/740 1671/1720/740 
f 2471/1720/747 1112/1360/747 2472/1360/747 
f 1112/1360/761 1111/1359/761 1666/1359/761 
f 1081/1329/717 1056/1304/717 1712/1304/717 
f 1056/1304/740 2473/1652/740 1467/1652/740 
f 2473/1652/747 1082/1330/747 2474/1330/747 
f 1082/1330/761 1081/1329/761 1714/1329/761 
f 1069/1317/717 1026/1274/717 1682/1274/717 
f 1026/1274/740 2475/1726/740 1689/1726/740 
f 2475/1726/747 1070/1318/747 2476/1318/747 
f 1070/1318/761 1069/1317/761 1684/1317/761 
f 1087/1335/717 1074/1322/717 1730/1322/717 
f 1074/1322/740 2477/1650/740 1461/1650/740 
f 2477/1650/747 1088/1336/747 2478/1336/747 
f 1088/1336/761 1087/1335/761 1732/1335/761 
f 788/1036/717 1044/1292/717 1700/1292/717 
f 1044/1292/740 2479/1649/740 1458/1649/740 
f 2479/1649/747 789/1037/747 2480/1037/747 
f 789/1037/761 788/1036/761 1702/1036/761 
f 1105/1353/717 1053/1301/717 1709/1301/717 
f 1053/1301/740 2481/1648/740 1455/1648/740 
f 2481/1648/747 1106/1354/747 2482/1354/747 
f 1106/1354/761 1105/1353/761 1711/1353/761 
f 1114/1362/717 1062/1310/717 1718/1310/717 
f 1062/1310/740 2483/1647/740 1452/1647/740 
f 2483/1647/747 1115/1363/747 2484/1363/747 
f 1115/1363/761 1114/1362/761 1720/1362/761 
f 1174/1422/717 1059/1307/717 1715/1307/717 
f 1059/1307/740 2485/1758/740 1785/1758/740 
f 2485/1758/747 1175/1423/747 2486/1423/747 
f 1175/1423/761 1174/1422/761 1717/1422/761 
f 1144/1392/717 1119/1367/717 1775/1367/717 
f 1119/1367/740 2487/1645/740 1446/1645/740 
f 2487/1645/747 1145/1393/747 2488/1393/747 
f 1145/1393/761 1144/1392/761 1777/1392/761 
f 1132/1380/717 1077/1325/717 1733/1325/717 
f 1077/1325/740 2489/1748/740 1755/1748/740 
f 2489/1748/747 1133/1381/747 2490/1381/747 
f 1133/1381/761 1132/1380/761 1735/1380/761 
f 1150/1398/717 1095/1343/717 1751/1343/717 
f 1095/1343/740 2491/1643/740 1440/1643/740 
f 2491/1643/747 1151/1399/747 2492/1399/747 
f 1151/1399/761 1150/1398/761 1753/1398/761 
f 1159/1407/717 1107/1355/717 1763/1355/717 
f 1107/1355/740 2493/1642/740 1437/1642/740 
f 2493/1642/747 1160/1408/747 2494/1408/747 
f 1160/1408/761 1159/1407/761 1765/1407/761 
f 1168/1416/717 1116/1364/717 1772/1364/717 
f 1116/1364/740 2495/1641/740 1434/1641/740 
f 2495/1641/747 1169/1417/747 2496/1417/747 
f 1169/1417/761 1168/1416/761 1774/1416/761 
f 1177/1425/717 1125/1373/717 1781/1373/717 
f 1125/1373/740 2497/1640/740 1431/1640/740 
f 2497/1640/747 1178/1426/747 2498/1426/747 
f 1178/1426/761 1177/1425/761 1783/1425/761 
f 1186/1434/717 1122/1370/717 1778/1370/717 
f 1122/1370/740 2499/1762/740 1797/1762/740 
f 2499/1762/747 1187/1435/747 2500/1435/747 
f 1187/1435/761 1186/1434/761 1780/1434/761 
f 1195/1443/717 1182/1430/717 1838/1430/717 
f 1182/1430/740 2501/1766/740 1809/1766/740 
f 2501/1766/747 1196/1444/747 2502/1444/747 
f 1196/1444/761 1195/1443/761 1840/1443/761 
# 0 polygons - 5840 triangles

#
# object Cylinder001
#

v  9.2352 -0.0704 3.6719
v  9.8283 -0.0704 0.3086
v  7.5276 -0.0704 6.6295
v  9.8283 6.5562 0.3086
v  9.2352 6.5562 -3.0547
v  9.2352 -0.0704 -3.0547
v  7.5276 6.5562 -6.0123
v  7.5276 -0.0704 -6.0123
v  4.9115 6.5562 -8.2075
v  4.9115 -0.0704 -8.2075
v  1.7023 6.5562 -9.3756
v  1.7023 -0.0704 -9.3756
v  -1.7129 6.5562 -9.3756
v  -1.7129 -0.0704 -9.3756
v  -4.9221 6.5562 -8.2075
v  -4.9221 -0.0704 -8.2075
v  -7.5382 6.5562 -6.0123
v  -7.5382 -0.0704 -6.0123
v  -9.2458 6.5562 -3.0547
v  -9.2458 -0.0704 -3.0547
v  -9.8389 6.5562 0.3086
v  -9.8389 -0.0704 0.3086
v  -9.2458 6.5562 3.6719
v  9.2352 6.5562 3.6719
v  9.8283 13.1827 0.3086
v  9.2352 13.1827 -3.0547
v  7.5276 13.1827 -6.0123
v  4.9115 13.1827 -8.2075
v  1.7023 13.1827 -9.3756
v  -1.7129 13.1827 -9.3756
v  -4.9221 13.1827 -8.2075
v  -7.5382 13.1827 -6.0123
v  -9.2458 13.1827 -3.0547
v  -9.8389 13.1827 0.3086
v  -9.2458 13.1827 3.6719
v  9.2352 13.1827 3.6719
v  9.8283 19.8093 0.3086
v  9.2352 19.8093 -3.0547
v  7.5276 19.8093 -6.0123
v  4.9115 19.8093 -8.2075
v  1.7023 19.8093 -9.3756
v  -1.7129 19.8093 -9.3756
v  -4.9221 19.8093 -8.2075
v  -7.5382 19.8093 -6.0123
v  -9.2458 19.8093 -3.0547
v  -9.8389 19.8093 0.3086
v  -9.2458 19.8093 3.6719
v  9.2352 19.8093 3.6719
v  9.8283 26.4359 0.3086
v  9.2352 26.4359 -3.0547
v  7.5276 26.4359 -6.0123
v  4.9115 26.4359 -8.2075
v  1.7023 26.4359 -9.3756
v  -1.7129 26.4359 -9.3756
v  -4.9221 26.4359 -8.2075
v  -7.5382 26.4359 -6.0123
v  -9.2458 26.4359 -3.0547
v  -9.8389 26.4359 0.3086
v  -9.2458 26.4359 3.6719
v  9.2352 26.4359 3.6719
v  9.8283 33.0624 0.3086
v  9.2352 33.0624 -3.0547
v  7.5276 33.0624 -6.0123
v  4.9115 33.0624 -8.2075
v  1.7023 33.0624 -9.3756
v  -1.7129 33.0624 -9.3756
v  -4.9221 33.0624 -8.2075
v  -7.5382 33.0624 -6.0123
v  -9.2458 33.0624 -3.0547
v  -9.8389 33.0624 0.3086
v  -9.2458 33.0624 3.6719
v  9.2352 33.0624 3.6719
v  7.5276 33.0624 6.6295
v  1.7023 -0.0704 9.9927
v  4.9115 -0.0704 8.8247
v  -4.9221 -0.0704 8.8247
v  -1.7129 -0.0704 9.9927
v  -9.2458 -0.0704 3.6719
v  -7.5383 -0.0704 6.6295
v  -4.8629 33.0624 9.3164
v  -7.5383 33.0624 6.6295
v  1.7023 33.0624 9.9927
v  -1.6537 33.0624 10.4845
v  4.9115 33.0624 8.8247
# 84 vertices

vn -0.4828 0.8716 -0.0851
vn -0.7423 0.6701 0.0000
vn 0.0000 1.0000 -0.0000
vn -1.0000 -0.0000 0.0000
vn -0.9397 0.0000 0.3420
vn -0.6976 0.6700 0.2539
vn -0.7660 0.0000 0.6428
vn -0.5687 0.6700 0.4772
vn -0.5000 0.0000 0.8660
vn -0.3712 0.6700 0.6429
vn -0.1736 0.0000 0.9848
vn -0.1289 0.6700 0.7311
vn 0.1736 0.0000 0.9848
vn 0.1289 0.6700 0.7311
vn 0.5000 0.0000 0.8660
vn 0.3712 0.6700 0.6429
vn 0.7660 0.0000 0.6428
vn 0.5687 0.6700 0.4772
vn 0.9397 0.0000 0.3420
vn 0.6976 0.6700 0.2539
vn 1.0000 0.0000 0.0000
vn 0.7423 0.6701 -0.0000
vn 0.9848 0.0000 -0.1736
vn -0.9848 0.0000 -0.1736
vn -0.9397 -0.0000 0.3420
vn -0.7660 -0.0000 0.6428
vn -0.5000 -0.0000 0.8660
vn 0.5000 -0.0000 0.8660
vn 0.7660 -0.0000 0.6428
vn 0.9397 -0.0000 0.3420
vn -1.0000 0.0000 0.0000
vn -0.1736 -0.0000 0.9848
vn 0.1736 -0.0000 0.9848
vn 1.0000 -0.0000 -0.0000
vn 0.9848 -0.0000 -0.1736
vn -0.7423 -0.6700 0.0000
vn -0.6976 -0.6700 0.2539
vn -0.5687 -0.6700 0.4772
vn -0.3712 -0.6700 0.6429
vn -0.1289 -0.6700 0.7311
vn 0.1289 -0.6700 0.7311
vn 0.3712 -0.6700 0.6429
vn 0.5687 -0.6700 0.4772
vn 0.6975 -0.6701 0.2539
vn 0.7423 -0.6701 0.0000
vn 0.4828 -0.8716 -0.0851
vn -0.4827 -0.8716 -0.0851
vn 0.0000 -1.0000 -0.0000
vn 0.4827 0.8716 -0.0851
# 49 vertex normals

vt 0.3400 0.0000 -0.0000
vt 0.7500 0.0000 1.0000
vt 0.1953 0.0000 -0.3473
vt 0.7500 0.2000 1.0000
vt 0.8056 0.2000 1.0000
vt 0.8056 0.0000 1.0000
vt 0.8611 0.2000 1.0000
vt 0.8611 0.0000 1.0000
vt 0.9167 0.2000 1.0000
vt 0.9167 0.0000 1.0000
vt 0.9722 0.2000 1.0000
vt -0.0278 0.0000 1.0000
vt -0.0278 0.2000 1.0000
vt 0.0278 0.2000 1.0000
vt 0.0278 0.0000 1.0000
vt 0.0833 0.2000 1.0000
vt 0.0833 0.0000 1.0000
vt 0.1389 0.2000 1.0000
vt 0.1389 0.0000 1.0000
vt 0.1944 0.2000 1.0000
vt 0.1944 0.0000 1.0000
vt 0.2500 0.2000 1.0000
vt 0.2500 0.0000 1.0000
vt 0.3056 0.2000 1.0000
vt 0.6944 0.0000 1.0000
vt 0.6944 0.2000 1.0000
vt 0.7500 0.4000 1.0000
vt 0.8056 0.4000 1.0000
vt 0.8611 0.4000 1.0000
vt 0.9167 0.4000 1.0000
vt 0.9722 0.4000 1.0000
vt -0.0278 0.4000 1.0000
vt 0.0278 0.4000 1.0000
vt 0.0833 0.4000 1.0000
vt 0.1389 0.4000 1.0000
vt 0.1944 0.4000 1.0000
vt 0.2500 0.4000 1.0000
vt 0.3056 0.4000 1.0000
vt 0.6944 0.4000 1.0000
vt 0.7500 0.6000 1.0000
vt 0.8056 0.6000 1.0000
vt 0.8611 0.6000 1.0000
vt 0.9167 0.6000 1.0000
vt 0.9722 0.6000 1.0000
vt -0.0278 0.6000 1.0000
vt 0.0278 0.6000 1.0000
vt 0.0833 0.6000 1.0000
vt 0.1389 0.6000 1.0000
vt 0.1944 0.6000 1.0000
vt 0.2500 0.6000 1.0000
vt 0.3056 0.6000 1.0000
vt 0.6944 0.6000 1.0000
vt 0.7500 0.8000 1.0000
vt 0.8056 0.8000 1.0000
vt 0.8611 0.8000 1.0000
vt 0.9167 0.8000 1.0000
vt 0.9722 0.8000 1.0000
vt -0.0278 0.8000 1.0000
vt 0.0278 0.8000 1.0000
vt 0.0833 0.8000 1.0000
vt 0.1389 0.8000 1.0000
vt 0.1944 0.8000 1.0000
vt 0.2500 0.8000 1.0000
vt 0.3056 0.8000 1.0000
vt 0.6944 0.8000 1.0000
vt 0.7500 1.0000 1.0000
vt 0.8056 1.0000 1.0000
vt 0.8611 1.0000 1.0000
vt 0.9167 1.0000 1.0000
vt 0.9722 1.0000 1.0000
vt -0.0278 1.0000 1.0000
vt 0.0278 1.0000 1.0000
vt 0.0833 1.0000 1.0000
vt 0.1389 1.0000 1.0000
vt 0.1944 1.0000 1.0000
vt 0.2500 1.0000 1.0000
vt 0.3056 1.0000 1.0000
vt 0.6944 1.0000 1.0000
vt 0.1953 1.0000 -0.3473
vt 0.0292 0.0000 -0.8794
vt 0.0874 0.0000 -0.6527
vt 0.0833 0.0000 -1.0000
vt 0.0278 0.0000 -1.0000
vt 0.3325 0.0000 -0.6527
vt 0.1891 0.0000 -0.8794
vt 0.6600 0.0000 0.0000
vt 0.4960 0.0000 -0.3473
vt 0.9126 0.0000 0.6527
vt 0.8047 0.0000 0.3473
vt 0.9722 0.0000 1.0000
vt 0.9708 0.0000 0.8794
vt 0.3056 0.0000 1.0000
vt 0.9126 1.0000 0.6527
vt 0.9708 1.0000 0.8794
vt 0.6600 1.0000 0.0000
vt 0.8047 1.0000 0.3473
vt 0.3325 1.0000 -0.6527
vt 0.4960 1.0000 -0.3473
vt 0.0833 1.0000 -1.0000
vt 0.1891 1.0000 -0.8794
vt 0.0292 1.0000 -0.8794
vt 0.0278 1.0000 -1.0000
vt 0.0874 1.0000 -0.6527
# 103 texture coords

o Cylinder001
g Cylinder001
usemtl 08___Default
s 1
f 2506/1844/1078 2507/1845/1079 2508/1846/1080 
s 8
f 2507/1845/1079 2509/1847/1081 2510/1848/1082 
f 2511/1849/1083 2510/1848/1082 2512/1850/1084 
f 2513/1851/1085 2512/1850/1084 2514/1852/1086 
f 2515/1853/1087 2514/1852/1086 2516/1854/1088 
f 2517/1855/1089 2516/1856/1088 2518/1857/1090 
f 2519/1858/1091 2518/1857/1090 2520/1859/1092 
f 2521/1860/1093 2520/1859/1092 2522/1861/1094 
f 2523/1862/1095 2522/1861/1094 2524/1863/1096 
f 2525/1864/1097 2524/1863/1096 2526/1865/1098 
f 2527/1866/1099 2526/1865/1098 2528/1867/1100 
f 2506/1868/1078 2529/1869/1101 2509/1847/1081 
f 2509/1847/1081 2530/1870/1081 2531/1871/1102 
f 2510/1848/1082 2531/1871/1102 2532/1872/1103 
f 2512/1850/1084 2532/1872/1103 2533/1873/1104 
f 2514/1852/1086 2533/1873/1104 2534/1874/1088 
f 2516/1856/1088 2534/1875/1088 2535/1876/1090 
f 2518/1857/1090 2535/1876/1090 2536/1877/1105 
f 2520/1859/1092 2536/1877/1105 2537/1878/1106 
f 2522/1861/1094 2537/1878/1106 2538/1879/1107 
f 2524/1863/1096 2538/1879/1107 2539/1880/1098 
f 2526/1865/1098 2539/1880/1098 2540/1881/1100 
f 2529/1869/1101 2541/1882/1101 2530/1870/1081 
f 2530/1870/1081 2542/1883/1108 2543/1884/1102 
f 2531/1871/1102 2543/1884/1102 2544/1885/1103 
f 2532/1872/1103 2544/1885/1103 2545/1886/1104 
f 2533/1873/1104 2545/1886/1104 2546/1887/1109 
f 2534/1875/1088 2546/1888/1109 2547/1889/1110 
f 2535/1876/1090 2547/1889/1110 2548/1890/1105 
f 2536/1877/1105 2548/1890/1105 2549/1891/1106 
f 2537/1878/1106 2549/1891/1106 2550/1892/1107 
f 2538/1879/1107 2550/1892/1107 2551/1893/1111 
f 2539/1880/1098 2551/1893/1111 2552/1894/1112 
f 2541/1882/1101 2553/1895/1101 2542/1883/1108 
f 2542/1883/1108 2554/1896/1108 2555/1897/1082 
f 2543/1884/1102 2555/1897/1082 2556/1898/1103 
f 2544/1885/1103 2556/1898/1103 2557/1899/1104 
f 2545/1886/1104 2557/1899/1104 2558/1900/1088 
f 2546/1888/1109 2558/1901/1088 2559/1902/1090 
f 2547/1889/1110 2559/1902/1090 2560/1903/1092 
f 2548/1890/1105 2560/1903/1092 2561/1904/1106 
f 2549/1891/1106 2561/1904/1106 2562/1905/1107 
f 2550/1892/1107 2562/1905/1107 2563/1906/1098 
f 2551/1893/1111 2563/1906/1098 2564/1907/1100 
f 2553/1895/1101 2565/1908/1101 2554/1896/1108 
f 2554/1896/1108 2566/1909/1113 2567/1910/1114 
f 2555/1897/1082 2567/1910/1114 2568/1911/1115 
f 2556/1898/1103 2568/1911/1115 2569/1912/1116 
f 2557/1899/1104 2569/1912/1116 2570/1913/1117 
f 2558/1901/1088 2570/1914/1117 2571/1915/1118 
f 2559/1902/1090 2571/1915/1118 2572/1916/1119 
f 2560/1903/1092 2572/1916/1119 2573/1917/1120 
f 2561/1904/1106 2573/1917/1120 2574/1918/1121 
f 2562/1905/1107 2574/1918/1121 2575/1919/1122 
f 2563/1906/1098 2575/1919/1122 2576/1920/1123 
f 2565/1908/1101 2577/1921/1124 2566/1909/1113 
s 1
f 2577/1921/1124 2578/1922/1125 2566/1909/1113 
f 2508/1846/1080 2579/1923/1080 2580/1924/1080 
f 2579/1923/1080 2581/1925/1080 2582/1926/1080 
f 2581/1925/1080 2583/1927/1126 2584/1928/1080 
f 2579/1923/1080 2583/1927/1126 2581/1925/1080 
f 2583/1927/1126 2525/1929/1097 2527/1930/1099 
f 2525/1929/1097 2521/1931/1093 2523/1932/1095 
f 2583/1927/1126 2521/1931/1093 2525/1929/1097 
f 2521/1931/1093 2517/1933/1089 2519/1934/1091 
f 2517/1933/1089 2513/1851/1085 2515/1853/1087 
f 2521/1931/1093 2513/1851/1085 2517/1933/1089 
f 2583/1927/1126 2513/1851/1085 2521/1931/1093 
f 2579/1923/1080 2513/1851/1085 2583/1927/1126 
f 2513/1851/1085 2507/1845/1079 2511/1849/1083 
f 2579/1923/1080 2507/1845/1079 2513/1851/1085 
f 2508/1846/1080 2507/1845/1079 2579/1923/1080 
s 8
f 2507/1845/1079 2510/1848/1082 2511/1849/1083 
f 2511/1849/1083 2512/1850/1084 2513/1851/1085 
f 2513/1851/1085 2514/1852/1086 2515/1853/1087 
f 2515/1853/1087 2516/1854/1088 2517/1933/1089 
f 2517/1855/1089 2518/1857/1090 2519/1858/1091 
f 2519/1858/1091 2520/1859/1092 2521/1860/1093 
f 2521/1860/1093 2522/1861/1094 2523/1862/1095 
f 2523/1862/1095 2524/1863/1096 2525/1864/1097 
f 2525/1864/1097 2526/1865/1098 2527/1866/1099 
f 2527/1866/1099 2528/1867/1100 2583/1935/1126 
f 2506/1868/1078 2509/1847/1081 2507/1845/1079 
f 2509/1847/1081 2531/1871/1102 2510/1848/1082 
f 2510/1848/1082 2532/1872/1103 2512/1850/1084 
f 2512/1850/1084 2533/1873/1104 2514/1852/1086 
f 2514/1852/1086 2534/1874/1088 2516/1854/1088 
f 2516/1856/1088 2535/1876/1090 2518/1857/1090 
f 2518/1857/1090 2536/1877/1105 2520/1859/1092 
f 2520/1859/1092 2537/1878/1106 2522/1861/1094 
f 2522/1861/1094 2538/1879/1107 2524/1863/1096 
f 2524/1863/1096 2539/1880/1098 2526/1865/1098 
f 2526/1865/1098 2540/1881/1100 2528/1867/1100 
f 2529/1869/1101 2530/1870/1081 2509/1847/1081 
f 2530/1870/1081 2543/1884/1102 2531/1871/1102 
f 2531/1871/1102 2544/1885/1103 2532/1872/1103 
f 2532/1872/1103 2545/1886/1104 2533/1873/1104 
f 2533/1873/1104 2546/1887/1109 2534/1874/1088 
f 2534/1875/1088 2547/1889/1110 2535/1876/1090 
f 2535/1876/1090 2548/1890/1105 2536/1877/1105 
f 2536/1877/1105 2549/1891/1106 2537/1878/1106 
f 2537/1878/1106 2550/1892/1107 2538/1879/1107 
f 2538/1879/1107 2551/1893/1111 2539/1880/1098 
f 2539/1880/1098 2552/1894/1112 2540/1881/1100 
f 2541/1882/1101 2542/1883/1108 2530/1870/1081 
f 2542/1883/1108 2555/1897/1082 2543/1884/1102 
f 2543/1884/1102 2556/1898/1103 2544/1885/1103 
f 2544/1885/1103 2557/1899/1104 2545/1886/1104 
f 2545/1886/1104 2558/1900/1088 2546/1887/1109 
f 2546/1888/1109 2559/1902/1090 2547/1889/1110 
f 2547/1889/1110 2560/1903/1092 2548/1890/1105 
f 2548/1890/1105 2561/1904/1106 2549/1891/1106 
f 2549/1891/1106 2562/1905/1107 2550/1892/1107 
f 2550/1892/1107 2563/1906/1098 2551/1893/1111 
f 2551/1893/1111 2564/1907/1100 2552/1894/1112 
f 2553/1895/1101 2554/1896/1108 2542/1883/1108 
f 2554/1896/1108 2567/1910/1114 2555/1897/1082 
f 2555/1897/1082 2568/1911/1115 2556/1898/1103 
f 2556/1898/1103 2569/1912/1116 2557/1899/1104 
f 2557/1899/1104 2570/1913/1117 2558/1900/1088 
f 2558/1901/1088 2571/1915/1118 2559/1902/1090 
f 2559/1902/1090 2572/1916/1119 2560/1903/1092 
f 2560/1903/1092 2573/1917/1120 2561/1904/1106 
f 2561/1904/1106 2574/1918/1121 2562/1905/1107 
f 2562/1905/1107 2575/1919/1122 2563/1906/1098 
f 2563/1906/1098 2576/1920/1123 2564/1907/1100 
f 2565/1908/1101 2566/1909/1113 2554/1896/1108 
s 1
f 2566/1909/1113 2568/1911/1115 2567/1910/1114 
f 2568/1911/1115 2570/1913/1117 2569/1912/1116 
f 2570/1913/1117 2572/1936/1119 2571/1937/1118 
f 2568/1911/1115 2572/1936/1119 2570/1913/1117 
f 2572/1936/1119 2574/1938/1121 2573/1939/1120 
f 2574/1938/1121 2576/1940/1123 2575/1941/1122 
f 2572/1936/1119 2576/1940/1123 2574/1938/1121 
f 2576/1940/1123 2585/1942/1125 2586/1943/1125 
f 2585/1942/1125 2587/1944/1125 2588/1945/1125 
f 2576/1940/1123 2587/1944/1125 2585/1942/1125 
f 2572/1936/1119 2587/1944/1125 2576/1940/1123 
f 2568/1911/1115 2587/1944/1125 2572/1936/1119 
f 2587/1944/1125 2578/1922/1125 2589/1946/1125 
f 2568/1911/1115 2578/1922/1125 2587/1944/1125 
f 2566/1909/1113 2578/1922/1125 2568/1911/1115 
# 0 polygons - 142 triangles

#
# object Cylinder002
#

v  10.0573 0.0000 3.6605
v  8.1987 0.0000 6.8796
v  10.7027 0.0000 -0.0000
v  10.0573 6.7004 -3.6605
v  10.7027 6.7004 -0.0000
v  10.0573 0.0000 -3.6605
v  8.1988 6.7004 -6.8796
v  8.1988 0.0000 -6.8796
v  5.3514 6.7004 -9.2688
v  5.3514 0.0000 -9.2688
v  1.8585 6.7004 -10.5401
v  1.8585 0.0000 -10.5401
v  -1.8585 6.7004 -10.5401
v  -1.8585 0.0000 -10.5401
v  -5.3514 6.7004 -9.2688
v  -5.3514 0.0000 -9.2688
v  -8.1988 6.7004 -6.8796
v  -8.1988 0.0000 -6.8796
v  -10.0573 6.7004 -3.6605
v  -10.0573 0.0000 -3.6605
v  -10.7027 6.7004 -0.0000
v  -10.7027 0.0000 -0.0000
v  -10.0573 6.7004 3.6605
v  10.0573 6.7004 3.6605
v  10.0573 13.4008 -3.6605
v  10.7027 13.4008 -0.0000
v  8.1988 13.4008 -6.8796
v  5.3514 13.4008 -9.2688
v  1.8585 13.4008 -10.5401
v  -1.8585 13.4008 -10.5401
v  -5.3514 13.4008 -9.2688
v  -8.1988 13.4008 -6.8796
v  -10.0573 13.4008 -3.6605
v  -10.7027 13.4008 -0.0000
v  -10.0573 13.4008 3.6605
v  10.0573 13.4008 3.6605
v  10.0573 20.1012 -3.6605
v  10.7027 20.1012 -0.0000
v  8.1988 20.1012 -6.8796
v  5.3514 20.1012 -9.2688
v  1.8585 20.1012 -10.5401
v  -1.8585 20.1012 -10.5401
v  -5.3514 20.1012 -9.2688
v  -8.1988 20.1012 -6.8796
v  -10.0573 20.1012 -3.6605
v  -10.7027 20.1012 -0.0000
v  -10.0573 20.1012 3.6605
v  10.0573 20.1012 3.6605
v  10.0573 26.8017 -3.6605
v  10.7027 26.8017 -0.0000
v  8.1988 26.8017 -6.8796
v  5.3514 26.8017 -9.2688
v  1.8585 26.8017 -10.5401
v  -1.8585 26.8017 -10.5401
v  -5.3514 26.8017 -9.2688
v  -8.1988 26.8017 -6.8796
v  -10.0573 26.8017 -3.6605
v  -10.7027 26.8017 -0.0000
v  -10.0573 26.8017 3.6605
v  10.0573 26.8017 3.6605
v  10.0573 33.5021 -3.6605
v  10.7027 33.5021 -0.0000
v  8.1988 33.5021 -6.8796
v  5.3514 33.5021 -9.2688
v  1.8585 33.5021 -10.5401
v  -1.8585 33.5021 -10.5401
v  -5.3514 33.5021 -9.2688
v  -8.1988 33.5021 -6.8796
v  -10.0573 33.5021 -3.6605
v  -10.7027 33.5021 -0.0000
v  -10.0573 33.5021 3.6605
v  10.0573 33.5021 3.6605
v  8.1987 33.5021 6.8796
v  5.3513 0.0000 9.2688
v  1.8585 0.0000 10.5401
v  -1.8585 0.0000 10.5401
v  -5.3514 0.0000 9.2688
v  -8.1988 0.0000 6.8796
v  -10.0573 0.0000 3.6605
v  -8.1988 33.5021 6.8796
v  -5.2870 33.5021 9.8040
v  -1.7941 33.5021 11.0753
v  1.8585 33.5021 10.5401
v  5.3513 33.5021 9.2688
# 84 vertices

vn 0.4828 -0.8716 0.0851
vn 0.0000 -1.0000 -0.0000
vn 0.7423 -0.6701 -0.0000
vn 0.9397 -0.0000 -0.3420
vn 1.0000 -0.0000 0.0000
vn 0.6975 -0.6701 -0.2539
vn 0.7660 -0.0000 -0.6428
vn 0.5687 -0.6700 -0.4772
vn 0.5000 -0.0000 -0.8660
vn 0.3712 -0.6700 -0.6429
vn 0.1737 -0.0000 -0.9848
vn 0.1289 -0.6701 -0.7310
vn -0.1736 -0.0000 -0.9848
vn -0.1289 -0.6700 -0.7311
vn -0.5000 -0.0000 -0.8660
vn -0.3712 -0.6700 -0.6429
vn -0.7660 -0.0000 -0.6428
vn -0.5687 -0.6700 -0.4772
vn -0.9397 -0.0000 -0.3420
vn -0.6975 -0.6701 -0.2539
vn -1.0000 -0.0000 -0.0000
vn -0.7423 -0.6700 -0.0000
vn -0.9848 -0.0000 0.1736
vn 0.9848 -0.0000 0.1736
vn 0.9397 0.0000 -0.3420
vn 0.7660 0.0000 -0.6428
vn 0.1736 -0.0000 -0.9848
vn -0.1736 0.0000 -0.9848
vn -0.5000 0.0000 -0.8660
vn -1.0000 0.0000 -0.0000
vn -0.9848 0.0000 0.1736
vn 1.0000 0.0000 -0.0000
vn 0.5000 0.0000 -0.8660
vn 0.1736 0.0000 -0.9848
vn -0.7661 0.0000 -0.6428
vn -0.9397 0.0000 -0.3420
vn 0.9848 0.0000 0.1736
vn 1.0000 0.0000 0.0000
vn -0.7660 0.0000 -0.6428
vn 0.6976 0.6700 -0.2539
vn 0.7423 0.6701 0.0000
vn 0.5687 0.6700 -0.4772
vn 0.3712 0.6701 -0.6428
vn 0.1289 0.6700 -0.7311
vn -0.1289 0.6700 -0.7311
vn -0.3712 0.6700 -0.6429
vn -0.5686 0.6701 -0.4771
vn -0.6976 0.6700 -0.2539
vn -0.7423 0.6700 -0.0000
vn -0.4828 0.8716 0.0851
vn 0.4827 0.8716 0.0851
vn 0.0000 1.0000 -0.0000
vn -0.4828 -0.8716 0.0851
vn -0.0000 1.0000 0.0000
# 54 vertex normals

vt 0.3400 0.0000 -0.0000
vt 0.1953 0.0000 -0.3473
vt 0.7500 0.0000 1.0000
vt 0.8056 0.2000 1.0000
vt 0.7500 0.2000 1.0000
vt 0.8056 0.0000 1.0000
vt 0.8611 0.2000 1.0000
vt 0.8611 0.0000 1.0000
vt 0.9167 0.2000 1.0000
vt 0.9167 0.0000 1.0000
vt 0.9722 0.2000 1.0000
vt -0.0278 0.0000 1.0000
vt 0.0278 0.2000 1.0000
vt -0.0278 0.2000 1.0000
vt 0.0278 0.0000 1.0000
vt 0.0833 0.2000 1.0000
vt 0.0833 0.0000 1.0000
vt 0.1389 0.2000 1.0000
vt 0.1389 0.0000 1.0000
vt 0.1944 0.2000 1.0000
vt 0.1944 0.0000 1.0000
vt 0.2500 0.2000 1.0000
vt 0.2500 0.0000 1.0000
vt 0.3056 0.2000 1.0000
vt 0.6944 0.0000 1.0000
vt 0.6944 0.2000 1.0000
vt 0.8056 0.4000 1.0000
vt 0.7500 0.4000 1.0000
vt 0.8611 0.4000 1.0000
vt 0.9167 0.4000 1.0000
vt 0.9722 0.4000 1.0000
vt 0.0278 0.4000 1.0000
vt -0.0278 0.4000 1.0000
vt 0.0833 0.4000 1.0000
vt 0.1389 0.4000 1.0000
vt 0.1944 0.4000 1.0000
vt 0.2500 0.4000 1.0000
vt 0.3056 0.4000 1.0000
vt 0.6944 0.4000 1.0000
vt 0.8056 0.6000 1.0000
vt 0.7500 0.6000 1.0000
vt 0.8611 0.6000 1.0000
vt 0.9167 0.6000 1.0000
vt 0.9722 0.6000 1.0000
vt 0.0278 0.6000 1.0000
vt -0.0278 0.6000 1.0000
vt 0.0833 0.6000 1.0000
vt 0.1389 0.6000 1.0000
vt 0.1944 0.6000 1.0000
vt 0.2500 0.6000 1.0000
vt 0.3056 0.6000 1.0000
vt 0.6944 0.6000 1.0000
vt 0.8056 0.8000 1.0000
vt 0.7500 0.8000 1.0000
vt 0.8611 0.8000 1.0000
vt 0.9167 0.8000 1.0000
vt 0.9722 0.8000 1.0000
vt 0.0278 0.8000 1.0000
vt -0.0278 0.8000 1.0000
vt 0.0833 0.8000 1.0000
vt 0.1389 0.8000 1.0000
vt 0.1944 0.8000 1.0000
vt 0.2500 0.8000 1.0000
vt 0.3056 0.8000 1.0000
vt 0.6944 0.8000 1.0000
vt 0.8056 1.0000 1.0000
vt 0.7500 1.0000 1.0000
vt 0.8611 1.0000 1.0000
vt 0.9167 1.0000 1.0000
vt 0.9722 1.0000 1.0000
vt 0.0278 1.0000 1.0000
vt -0.0278 1.0000 1.0000
vt 0.0833 1.0000 1.0000
vt 0.1389 1.0000 1.0000
vt 0.1944 1.0000 1.0000
vt 0.2500 1.0000 1.0000
vt 0.3056 1.0000 1.0000
vt 0.6944 1.0000 1.0000
vt 0.1953 1.0000 -0.3473
vt 0.0874 0.0000 -0.6527
vt 0.0292 0.0000 -0.8794
vt 0.0278 0.0000 -1.0000
vt 0.0833 0.0000 -1.0000
vt 0.1891 0.0000 -0.8794
vt 0.3325 0.0000 -0.6527
vt 0.4960 0.0000 -0.3473
vt 0.6600 0.0000 0.0000
vt 0.8047 0.0000 0.3473
vt 0.9126 0.0000 0.6527
vt 0.9708 0.0000 0.8794
vt 0.9722 0.0000 1.0000
vt 0.3056 0.0000 1.0000
vt 0.9708 1.0000 0.8794
vt 0.9126 1.0000 0.6527
vt 0.8047 1.0000 0.3473
vt 0.6600 1.0000 0.0000
vt 0.4960 1.0000 -0.3473
vt 0.3325 1.0000 -0.6527
vt 0.1891 1.0000 -0.8794
vt 0.0833 1.0000 -1.0000
vt 0.0278 1.0000 -1.0000
vt 0.0292 1.0000 -0.8794
vt 0.0874 1.0000 -0.6527
# 103 texture coords

o Cylinder002
g Cylinder002
usemtl 08___Default
s 1
f 2590/1947/1127 2591/1948/1128 2592/1949/1129 
s 8
f 2592/1949/1129 2593/1950/1130 2594/1951/1131 
f 2595/1952/1132 2596/1953/1133 2593/1950/1130 
f 2597/1954/1134 2598/1955/1135 2596/1953/1133 
f 2599/1956/1136 2600/1957/1137 2598/1955/1135 
f 2601/1958/1138 2602/1959/1139 2600/1960/1137 
f 2603/1961/1140 2604/1962/1141 2602/1959/1139 
f 2605/1963/1142 2606/1964/1143 2604/1962/1141 
f 2607/1965/1144 2608/1966/1145 2606/1964/1143 
f 2609/1967/1146 2610/1968/1147 2608/1966/1145 
f 2611/1969/1148 2612/1970/1149 2610/1968/1147 
f 2590/1971/1127 2594/1951/1131 2613/1972/1150 
f 2594/1951/1131 2614/1973/1151 2615/1974/1131 
f 2593/1950/1130 2616/1975/1152 2614/1973/1151 
f 2596/1953/1133 2617/1976/1135 2616/1975/1152 
f 2598/1955/1135 2618/1977/1153 2617/1976/1135 
f 2600/1960/1137 2619/1978/1154 2618/1979/1153 
f 2602/1959/1139 2620/1980/1155 2619/1978/1154 
f 2604/1962/1141 2621/1981/1143 2620/1980/1155 
f 2606/1964/1143 2622/1982/1145 2621/1981/1143 
f 2608/1966/1145 2623/1983/1156 2622/1982/1145 
f 2610/1968/1147 2624/1984/1157 2623/1983/1156 
f 2613/1972/1150 2615/1974/1131 2625/1985/1150 
f 2615/1974/1131 2626/1986/1151 2627/1987/1158 
f 2614/1973/1151 2628/1988/1152 2626/1986/1151 
f 2616/1975/1152 2629/1989/1159 2628/1988/1152 
f 2617/1976/1135 2630/1990/1160 2629/1989/1159 
f 2618/1979/1153 2631/1991/1154 2630/1992/1160 
f 2619/1978/1154 2632/1993/1155 2631/1991/1154 
f 2620/1980/1155 2633/1994/1161 2632/1993/1155 
f 2621/1981/1143 2634/1995/1162 2633/1994/1161 
f 2622/1982/1145 2635/1996/1156 2634/1995/1162 
f 2623/1983/1156 2636/1997/1157 2635/1996/1156 
f 2625/1985/1150 2627/1987/1158 2637/1998/1163 
f 2627/1987/1158 2638/1999/1151 2639/2000/1164 
f 2626/1986/1151 2640/2001/1152 2638/1999/1151 
f 2628/1988/1152 2641/2002/1135 2640/2001/1152 
f 2629/1989/1159 2642/2003/1160 2641/2002/1135 
f 2630/1992/1160 2643/2004/1139 2642/2005/1160 
f 2631/1991/1154 2644/2006/1141 2643/2004/1139 
f 2632/1993/1155 2645/2007/1165 2644/2006/1141 
f 2633/1994/1161 2646/2008/1162 2645/2007/1165 
f 2634/1995/1162 2647/2009/1156 2646/2008/1162 
f 2635/1996/1156 2648/2010/1157 2647/2009/1156 
f 2637/1998/1163 2639/2000/1164 2649/2011/1163 
f 2639/2000/1164 2650/2012/1166 2651/2013/1167 
f 2638/1999/1151 2652/2014/1168 2650/2012/1166 
f 2640/2001/1152 2653/2015/1169 2652/2014/1168 
f 2641/2002/1135 2654/2016/1170 2653/2015/1169 
f 2642/2005/1160 2655/2017/1171 2654/2018/1170 
f 2643/2004/1139 2656/2019/1172 2655/2017/1171 
f 2644/2006/1141 2657/2020/1173 2656/2019/1172 
f 2645/2007/1165 2658/2021/1174 2657/2020/1173 
f 2646/2008/1162 2659/2022/1175 2658/2021/1174 
f 2647/2009/1156 2660/2023/1176 2659/2022/1175 
f 2649/2011/1163 2651/2013/1167 2661/2024/1177 
s 1
f 2661/2024/1177 2651/2013/1167 2662/2025/1178 
f 2591/1948/1128 2663/2026/1128 2664/2027/1128 
f 2664/2027/1128 2665/2028/1128 2666/2029/1128 
f 2666/2029/1128 2667/2030/1128 2668/2031/1179 
f 2664/2027/1128 2666/2029/1128 2668/2031/1179 
f 2668/2031/1179 2611/2032/1148 2609/2033/1146 
f 2609/2033/1146 2607/2034/1144 2605/2035/1142 
f 2668/2031/1179 2609/2033/1146 2605/2035/1142 
f 2605/2035/1142 2603/2036/1140 2601/2037/1138 
f 2601/2037/1138 2599/1956/1136 2597/1954/1134 
f 2605/2035/1142 2601/2037/1138 2597/1954/1134 
f 2668/2031/1179 2605/2035/1142 2597/1954/1134 
f 2664/2027/1128 2668/2031/1179 2597/1954/1134 
f 2597/1954/1134 2595/1952/1132 2592/1949/1129 
f 2664/2027/1128 2597/1954/1134 2592/1949/1129 
f 2591/1948/1128 2664/2027/1128 2592/1949/1129 
s 8
f 2592/1949/1129 2595/1952/1132 2593/1950/1130 
f 2595/1952/1132 2597/1954/1134 2596/1953/1133 
f 2597/1954/1134 2599/1956/1136 2598/1955/1135 
f 2599/1956/1136 2601/2037/1138 2600/1957/1137 
f 2601/1958/1138 2603/1961/1140 2602/1959/1139 
f 2603/1961/1140 2605/1963/1142 2604/1962/1141 
f 2605/1963/1142 2607/1965/1144 2606/1964/1143 
f 2607/1965/1144 2609/1967/1146 2608/1966/1145 
f 2609/1967/1146 2611/1969/1148 2610/1968/1147 
f 2611/1969/1148 2668/2038/1179 2612/1970/1149 
f 2590/1971/1127 2592/1949/1129 2594/1951/1131 
f 2594/1951/1131 2593/1950/1130 2614/1973/1151 
f 2593/1950/1130 2596/1953/1133 2616/1975/1152 
f 2596/1953/1133 2598/1955/1135 2617/1976/1135 
f 2598/1955/1135 2600/1957/1137 2618/1977/1153 
f 2600/1960/1137 2602/1959/1139 2619/1978/1154 
f 2602/1959/1139 2604/1962/1141 2620/1980/1155 
f 2604/1962/1141 2606/1964/1143 2621/1981/1143 
f 2606/1964/1143 2608/1966/1145 2622/1982/1145 
f 2608/1966/1145 2610/1968/1147 2623/1983/1156 
f 2610/1968/1147 2612/1970/1149 2624/1984/1157 
f 2613/1972/1150 2594/1951/1131 2615/1974/1131 
f 2615/1974/1131 2614/1973/1151 2626/1986/1151 
f 2614/1973/1151 2616/1975/1152 2628/1988/1152 
f 2616/1975/1152 2617/1976/1135 2629/1989/1159 
f 2617/1976/1135 2618/1977/1153 2630/1990/1160 
f 2618/1979/1153 2619/1978/1154 2631/1991/1154 
f 2619/1978/1154 2620/1980/1155 2632/1993/1155 
f 2620/1980/1155 2621/1981/1143 2633/1994/1161 
f 2621/1981/1143 2622/1982/1145 2634/1995/1162 
f 2622/1982/1145 2623/1983/1156 2635/1996/1156 
f 2623/1983/1156 2624/1984/1157 2636/1997/1157 
f 2625/1985/1150 2615/1974/1131 2627/1987/1158 
f 2627/1987/1158 2626/1986/1151 2638/1999/1151 
f 2626/1986/1151 2628/1988/1152 2640/2001/1152 
f 2628/1988/1152 2629/1989/1159 2641/2002/1135 
f 2629/1989/1159 2630/1990/1160 2642/2003/1160 
f 2630/1992/1160 2631/1991/1154 2643/2004/1139 
f 2631/1991/1154 2632/1993/1155 2644/2006/1141 
f 2632/1993/1155 2633/1994/1161 2645/2007/1165 
f 2633/1994/1161 2634/1995/1162 2646/2008/1162 
f 2634/1995/1162 2635/1996/1156 2647/2009/1156 
f 2635/1996/1156 2636/1997/1157 2648/2010/1157 
f 2637/1998/1163 2627/1987/1158 2639/2000/1164 
f 2639/2000/1164 2638/1999/1151 2650/2012/1166 
f 2638/1999/1151 2640/2001/1152 2652/2014/1168 
f 2640/2001/1152 2641/2002/1135 2653/2015/1169 
f 2641/2002/1135 2642/2003/1160 2654/2016/1170 
f 2642/2005/1160 2643/2004/1139 2655/2017/1171 
f 2643/2004/1139 2644/2006/1141 2656/2019/1172 
f 2644/2006/1141 2645/2007/1165 2657/2020/1173 
f 2645/2007/1165 2646/2008/1162 2658/2021/1174 
f 2646/2008/1162 2647/2009/1156 2659/2022/1175 
f 2647/2009/1156 2648/2010/1157 2660/2023/1176 
f 2649/2011/1163 2639/2000/1164 2651/2013/1167 
s 1
f 2651/2013/1167 2650/2012/1166 2652/2014/1168 
f 2652/2014/1168 2653/2015/1169 2654/2016/1170 
f 2654/2016/1170 2655/2039/1171 2656/2040/1172 
f 2652/2014/1168 2654/2016/1170 2656/2040/1172 
f 2656/2040/1172 2657/2041/1173 2658/2042/1174 
f 2658/2042/1174 2659/2043/1175 2660/2044/1176 
f 2656/2040/1172 2658/2042/1174 2660/2044/1176 
f 2660/2044/1176 2669/2045/1178 2670/2046/1180 
f 2670/2046/1180 2671/2047/1180 2672/2048/1180 
f 2660/2044/1176 2670/2046/1180 2672/2048/1180 
f 2656/2040/1172 2660/2044/1176 2672/2048/1180 
f 2652/2014/1168 2656/2040/1172 2672/2048/1180 
f 2672/2048/1180 2673/2049/1178 2662/2025/1178 
f 2652/2014/1168 2672/2048/1180 2662/2025/1178 
f 2651/2013/1167 2652/2014/1168 2662/2025/1178 
# 0 polygons - 142 triangles

